job_id,case_name,step,time_s,dump_file,debris_count,expected_debris_atoms,debris_count_ok,outlet_count_x_ge_L,source_count,downstream_count,upstream_count,source_fraction,downstream_fraction,outlet_fraction,x_mean_over_L,x_q90_over_L,x_q99_over_L,x_max_over_L,dx_mean_m,dx_q99_m,dx_max_m,max_abs_velocity_m_s,time_ms,released_fraction,front_bulk_gap_over_L,job_label
906_upstream_source_continue_1M_to_4M,paper2_local_damage_slab_x012_018_df0p1_n15000_seed906_explicit,0,0.0,cases/clogging_scan/paper2_localized_release/paper2_local_damage_slab_x012_018_df0p1_n15000_seed906_explicit/explicit_10k_type2_0.dump,15000,15000,True,0,15000,0,0,1.0,0.0,0.0,0.3327864712592593,0.3858455555555556,0.3985690666666666,0.3999977777777778,0.0,0.0,0.0,0.0,0.0,0.0,0.0014287111111112027,"906 upstream, 15k"
906_upstream_source_continue_1M_to_4M,paper2_local_damage_slab_x012_018_df0p1_n15000_seed906_explicit,1000,1e-05,cases/clogging_scan/paper2_localized_release/paper2_local_damage_slab_x012_018_df0p1_n15000_seed906_explicit/explicit_10k_type2_1000.dump,15000,15000,True,0,14992,2,6,0.9994666666666666,0.0001333333333333,0.0,0.3327864074074074,0.3858455555555556,0.3986289555555555,0.4071933333333333,-2.8733333333321132e-09,9.999999999940613e-08,0.0013366999999999,117.655,0.01,0.0005333333333333856,0.008564377777777799,"906 upstream, 15k"
906_upstream_source_continue_1M_to_4M,paper2_local_damage_slab_x012_018_df0p1_n15000_seed906_explicit,2000,2e-05,cases/clogging_scan/paper2_localized_release/paper2_local_damage_slab_x012_018_df0p1_n15000_seed906_explicit/explicit_10k_type2_2000.dump,15000,15000,True,0,14990,4,6,0.9993333333333332,0.0002666666666666,0.0,0.3327920982222222,0.3858384444444444,0.3986289555555555,0.4041044444444445,2.532133333333334e-07,1.0000000000287557e-07,0.0012294,56.458,0.02,0.0006666666666668153,0.005475488888888991,"906 upstream, 15k"
906_upstream_source_continue_1M_to_4M,paper2_local_damage_slab_x012_018_df0p1_n15000_seed906_explicit,3000,3e-05,cases/clogging_scan/paper2_localized_release/paper2_local_damage_slab_x012_018_df0p1_n15000_seed906_explicit/explicit_10k_type2_3000.dump,15000,15000,True,0,14990,4,6,0.9993333333333332,0.0002666666666666,0.0,0.3327984367407407,0.3858157777777778,0.3986266888888889,0.4081688888888889,5.38446666666665e-07,1.0000000000287557e-07,0.0013984999999999,36.001,0.030000000000000002,0.0006666666666668153,0.0095422,"906 upstream, 15k"
906_upstream_source_continue_1M_to_4M,paper2_local_damage_slab_x012_018_df0p1_n15000_seed906_explicit,4000,4e-05,cases/clogging_scan/paper2_localized_release/paper2_local_damage_slab_x012_018_df0p1_n15000_seed906_explicit/explicit_10k_type2_4000.dump,15000,15000,True,0,14989,4,7,0.9992666666666666,0.0002666666666666,0.0,0.3328012453333333,0.3858157777777778,0.3986289555555555,0.4079533333333333,6.648333333333378e-07,1.001000000001016e-06,0.0015538999999999,36.001,0.04,0.0007333333333333636,0.009324377777777781,"906 upstream, 15k"
906_upstream_source_continue_1M_to_4M,paper2_local_damage_slab_x012_018_df0p1_n15000_seed906_explicit,5000,5e-05,cases/clogging_scan/paper2_localized_release/paper2_local_damage_slab_x012_018_df0p1_n15000_seed906_explicit/explicit_10k_type2_5000.dump,15000,15000,True,0,14985,3,12,0.999,0.0002,0.0,0.3328021623703704,0.3858157777777778,0.3986448222222222,0.4079444444444444,7.061000000000041e-07,9.802000000000812e-06,0.0016829999999999,36.0009,0.05,0.0010000000000000009,0.009299622222222192,"906 upstream, 15k"
906_upstream_source_continue_1M_to_4M,paper2_local_damage_slab_x012_018_df0p1_n15000_seed906_explicit,6000,6e-05,cases/clogging_scan/paper2_localized_release/paper2_local_damage_slab_x012_018_df0p1_n15000_seed906_explicit/explicit_10k_type2_6000.dump,15000,15000,True,0,14981,6,13,0.9987333333333334,0.0004,0.0,0.3328025934814814,0.3857995555555555,0.3986378444444444,0.4079377777777778,7.255000000000001e-07,1.5009000000001336e-05,0.0017368999999999,36.0008,0.060000000000000005,0.0012666666666666382,0.009299933333333399,"906 upstream, 15k"
906_upstream_source_continue_1M_to_4M,paper2_local_damage_slab_x012_018_df0p1_n15000_seed906_explicit,7000,7.000000000000001e-05,cases/clogging_scan/paper2_localized_release/paper2_local_damage_slab_x012_018_df0p1_n15000_seed906_explicit/explicit_10k_type2_7000.dump,15000,15000,True,0,14982,6,12,0.9988,0.0004,0.0,0.3328041749629629,0.3858406666666667,0.3986378444444444,0.4079288888888889,7.966666666666628e-07,2.59429999999998e-05,0.0018046999999999,36.0007,0.07,0.0011999999999999789,0.009291044444444507,"906 upstream, 15k"
906_upstream_source_continue_1M_to_4M,paper2_local_damage_slab_x012_018_df0p1_n15000_seed906_explicit,8000,8e-05,cases/clogging_scan/paper2_localized_release/paper2_local_damage_slab_x012_018_df0p1_n15000_seed906_explicit/explicit_10k_type2_8000.dump,15000,15000,True,0,14979,8,13,0.9986,0.0005333333333333,0.0,0.3328062266666667,0.3858406666666667,0.3986444444444444,0.40792,8.889933333333218e-07,3.472799999999924e-05,0.0018779999999999,36.0006,0.08,0.0013999999999999568,0.009275555555555592,"906 upstream, 15k"
906_upstream_source_continue_1M_to_4M,paper2_local_damage_slab_x012_018_df0p1_n15000_seed906_explicit,9000,9e-05,cases/clogging_scan/paper2_localized_release/paper2_local_damage_slab_x012_018_df0p1_n15000_seed906_explicit/explicit_10k_type2_9000.dump,15000,15000,True,0,14980,8,12,0.9986666666666668,0.0005333333333333,0.0,0.3328083093333333,0.3858406666666667,0.3986378444444444,0.4079133333333333,9.827133333333309e-07,4.2417000000001807e-05,0.0019687999999999,36.0005,0.09000000000000001,0.0013333333333331865,0.009275488888888905,"906 upstream, 15k"
906_upstream_source_continue_1M_to_4M,paper2_local_damage_slab_x012_018_df0p1_n15000_seed906_explicit,10000,0.0001,cases/clogging_scan/paper2_localized_release/paper2_local_damage_slab_x012_018_df0p1_n15000_seed906_explicit/explicit_10k_type2_10000.dump,15000,15000,True,0,14980,8,12,0.9986666666666668,0.0005333333333333,0.0,0.3328102065185185,0.3858406666666667,0.3986312000000001,0.4079044444444444,1.06808666666667e-06,5.2107000000001234e-05,0.0020594999999999,36.0004,0.1,0.0013333333333331865,0.009273244444444328,"906 upstream, 15k"
906_upstream_source_continue_1M_to_4M,paper2_local_damage_slab_x012_018_df0p1_n15000_seed906_explicit,20000,0.0002,cases/clogging_scan/paper2_localized_release/paper2_local_damage_slab_x012_018_df0p1_n15000_seed906_explicit/explicit_seg50k_type2_20000.dump,15000,15000,True,0,14975,11,14,0.9983333333333332,0.0007333333333333,0.0,0.3328317441481482,0.3857797777777778,0.3986934666666667,0.4181422222222222,2.03728e-06,0.00010383,0.0022761999999999,35.9994,0.2,0.0016666666666668162,0.019448755555555475,"906 upstream, 15k"
906_upstream_source_continue_1M_to_4M,paper2_local_damage_slab_x012_018_df0p1_n15000_seed906_explicit,30000,0.0003,cases/clogging_scan/paper2_localized_release/paper2_local_damage_slab_x012_018_df0p1_n15000_seed906_explicit/explicit_seg50k_type2_30000.dump,15000,15000,True,0,14967,16,17,0.9978,0.0010666666666666,0.0,0.3328506491851852,0.3857915555555555,0.3987311111111111,0.4302577777777778,2.888006666666662e-06,0.000148908,0.0030197999999999,31.9141,0.3,0.0021999999999999797,0.0315266666666667,"906 upstream, 15k"
906_upstream_source_continue_1M_to_4M,paper2_local_damage_slab_x012_018_df0p1_n15000_seed906_explicit,40000,0.0004,cases/clogging_scan/paper2_localized_release/paper2_local_damage_slab_x012_018_df0p1_n15000_seed906_explicit/explicit_seg50k_type2_40000.dump,15000,15000,True,0,14955,26,19,0.997,0.0017333333333333,0.0,0.3328767426666666,0.3858093333333333,0.3987466888888889,0.4423622222222222,4.06221333333333e-06,0.0001802999999999,0.0037537999999999,31.9132,0.4,0.0030000000000000027,0.04361553333333329,"906 upstream, 15k"
906_upstream_source_continue_1M_to_4M,paper2_local_damage_slab_x012_018_df0p1_n15000_seed906_explicit,50000,0.0005,cases/clogging_scan/paper2_localized_release/paper2_local_damage_slab_x012_018_df0p1_n15000_seed906_explicit/explicit_seg50k_type2_50000.dump,15000,15000,True,0,14948,31,21,0.9965333333333334,0.0020666666666666,0.0,0.3329083325925926,0.3858402222222223,0.3987778222222222,0.4544533333333334,5.4837600000000064e-06,0.0002093079999999,0.0038733999999999,29.2174,0.5,0.003466666666666618,0.05567551111111119,"906 upstream, 15k"
906_upstream_source_continue_1M_to_4M,paper2_local_damage_slab_x012_018_df0p1_n15000_seed906_explicit,100000,0.001,cases/clogging_scan/paper2_localized_release/paper2_local_damage_slab_x012_018_df0p1_n15000_seed906_explicit/explicit_seg250k_type2_100000.dump,15000,15000,True,0,14926,51,23,0.9950666666666668,0.0034,0.0,0.3331431957037037,0.3860891111111111,0.3990290666666667,0.4470466666666666,1.6052599999999993e-05,0.000303201,0.0038675,15.8956,1.0,0.004933333333333234,0.04801759999999988,"906 upstream, 15k"
906_upstream_source_continue_1M_to_4M,paper2_local_damage_slab_x012_018_df0p1_n15000_seed906_explicit,150000,0.0015,cases/clogging_scan/paper2_localized_release/paper2_local_damage_slab_x012_018_df0p1_n15000_seed906_explicit/explicit_seg250k_type2_150000.dump,15000,15000,True,0,14886,89,25,0.9924,0.0059333333333333,0.0,0.3335043928888889,0.3865048888888889,0.3994134666666666,0.5074266666666667,3.230647333333334e-05,0.0003346019999999,0.0072421,12.9918,1.5,0.007600000000000051,0.10801320000000009,"906 upstream, 15k"
906_upstream_source_continue_1M_to_4M,paper2_local_damage_slab_x012_018_df0p1_n15000_seed906_explicit,200000,0.002,cases/clogging_scan/paper2_localized_release/paper2_local_damage_slab_x012_018_df0p1_n15000_seed906_explicit/explicit_seg250k_type2_200000.dump,15000,15000,True,0,14828,143,29,0.9885333333333334,0.0095333333333333,0.0,0.3339802706222222,0.3870182222222222,0.3998781111111111,0.5371,5.372097133333333e-05,0.0003726229999999,0.0085774,10.164,2.0,0.011466666666666625,0.13722188888888892,"906 upstream, 15k"
906_upstream_source_continue_1M_to_4M,paper2_local_damage_slab_x012_018_df0p1_n15000_seed906_explicit,250000,0.0025,cases/clogging_scan/paper2_localized_release/paper2_local_damage_slab_x012_018_df0p1_n15000_seed906_explicit/explicit_seg250k_type2_250000.dump,15000,15000,True,0,14759,212,29,0.9839333333333332,0.0141333333333333,0.0,0.3345508360148148,0.3876248888888889,0.4005223333333333,0.5368266666666667,7.9396414e-05,0.000414207,0.0085651,8.55929,2.5,0.016066666666666785,0.13630433333333336,"906 upstream, 15k"
906_upstream_source_continue_1M_to_4M,paper2_local_damage_slab_x012_018_df0p1_n15000_seed906_explicit,300000,0.003,cases/clogging_scan/paper2_localized_release/paper2_local_damage_slab_x012_018_df0p1_n15000_seed906_explicit/explicit_seg500k_type2_300000.dump,15000,15000,True,0,14690,278,32,0.9793333333333332,0.0185333333333333,0.0,0.3352009204296296,0.3882811111111112,0.4013223999999999,0.5367177777777778,0.0001086502126666,0.000450538,0.0085602,5.09216,3.0,0.020666666666666833,0.13539537777777794,"906 upstream, 15k"
906_upstream_source_continue_1M_to_4M,paper2_local_damage_slab_x012_018_df0p1_n15000_seed906_explicit,350000,0.0035,cases/clogging_scan/paper2_localized_release/paper2_local_damage_slab_x012_018_df0p1_n15000_seed906_explicit/explicit_seg500k_type2_350000.dump,15000,15000,True,0,14623,344,33,0.9748666666666668,0.0229333333333333,0.0,0.3359064880296296,0.3890237777777778,0.4022244888888889,0.5367755555555556,0.0001404007546666,0.000498105,0.0085628,5.09706,3.5,0.02513333333333323,0.13455106666666666,"906 upstream, 15k"
906_upstream_source_continue_1M_to_4M,paper2_local_damage_slab_x012_018_df0p1_n15000_seed906_explicit,400000,0.004,cases/clogging_scan/paper2_localized_release/paper2_local_damage_slab_x012_018_df0p1_n15000_seed906_explicit/explicit_seg500k_type2_400000.dump,15000,15000,True,0,14549,419,32,0.9699333333333332,0.0279333333333333,0.0,0.3366495966222222,0.3898313333333333,0.4031671111111111,0.5369933333333333,0.0001738406413333,0.000550555,0.0085726,5.10197,4.0,0.030066666666666797,0.13382622222222224,"906 upstream, 15k"
906_upstream_source_continue_1M_to_4M,paper2_local_damage_slab_x012_018_df0p1_n15000_seed906_explicit,450000,0.0045,cases/clogging_scan/paper2_localized_release/paper2_local_damage_slab_x012_018_df0p1_n15000_seed906_explicit/explicit_seg500k_type2_450000.dump,15000,15000,True,0,14452,514,34,0.9634666666666668,0.0342666666666666,0.0,0.3374184805333333,0.3906024444444445,0.4042333333333333,0.5373755555555556,0.0002084404173333,0.000599125,0.0088329,4.96833,4.5,0.036533333333333196,0.13314222222222233,"906 upstream, 15k"
906_upstream_source_continue_1M_to_4M,paper2_local_damage_slab_x012_018_df0p1_n15000_seed906_explicit,500000,0.005,cases/clogging_scan/paper2_localized_release/paper2_local_damage_slab_x012_018_df0p1_n15000_seed906_explicit/explicit_seg500k_type2_500000.dump,15000,15000,True,0,14363,601,36,0.9575333333333332,0.0400666666666666,0.0,0.3382055770823703,0.3912582222222222,0.4051536,0.5638822222222223,0.00024385976204,0.000631435,0.010331,3.08049,5.0,0.042466666666666764,0.15872862222222228,"906 upstream, 15k"
906_upstream_source_continue_1M_to_4M,paper2_local_damage_slab_x012_018_df0p1_n15000_seed906_explicit,600000,0.006,cases/clogging_scan/paper2_localized_release/paper2_local_damage_slab_x012_018_df0p1_n15000_seed906_explicit/explicit_seg1M_type2_600000.dump,15000,15000,True,0,14190,773,37,0.946,0.0515333333333333,0.0,0.3398094110814815,0.3929697777777778,0.4071292666666667,0.6302244444444445,0.0003160322919999,0.0007381159999999,0.0133163999999999,3.06466,6.0,0.05400000000000005,0.22309517777777776,"906 upstream, 15k"
906_upstream_source_continue_1M_to_4M,paper2_local_damage_slab_x012_018_df0p1_n15000_seed906_explicit,700000,0.007,cases/clogging_scan/paper2_localized_release/paper2_local_damage_slab_x012_018_df0p1_n15000_seed906_explicit/explicit_seg1M_type2_700000.dump,15000,15000,True,0,14020,946,34,0.9346666666666666,0.0630666666666666,0.0,0.3414122292888888,0.3947068888888889,0.4095225111111111,0.6962444444444444,0.0003881591113333,0.000805726,0.0162872999999999,3.04906,7.0,0.06533333333333335,0.28672193333333335,"906 upstream, 15k"
906_upstream_source_continue_1M_to_4M,paper2_local_damage_slab_x012_018_df0p1_n15000_seed906_explicit,800000,0.008,cases/clogging_scan/paper2_localized_release/paper2_local_damage_slab_x012_018_df0p1_n15000_seed906_explicit/explicit_seg1M_type2_800000.dump,15000,15000,True,0,13853,1114,33,0.9235333333333332,0.0742666666666666,0.0,0.342988874725926,0.3963522222222222,0.4120112666666667,0.7619488888888889,0.000459108156,0.000928938,0.0192439999999999,3.03368,8.0,0.0764666666666668,0.3499376222222222,"906 upstream, 15k"
906_upstream_source_continue_1M_to_4M,paper2_local_damage_slab_x012_018_df0p1_n15000_seed906_explicit,900000,0.009,cases/clogging_scan/paper2_localized_release/paper2_local_damage_slab_x012_018_df0p1_n15000_seed906_explicit/explicit_seg1M_type2_900000.dump,15000,15000,True,0,13692,1280,28,0.9128,0.0853333333333333,0.0,0.3445406986814814,0.3979777777777778,0.4146427777777778,0.8130622222222221,0.000528940234,0.0011444,0.0215440999999999,2.14092,9.0,0.08720000000000006,0.3984194444444443,"906 upstream, 15k"
906_upstream_source_continue_1M_to_4M,paper2_local_damage_slab_x012_018_df0p1_n15000_seed906_explicit,1000000,0.01,cases/clogging_scan/paper2_localized_release/paper2_local_damage_slab_x012_018_df0p1_n15000_seed906_explicit/explicit_seg1M_type2_1000000.dump,15000,15000,True,0,13523,1451,26,0.9015333333333332,0.0967333333333333,0.0,0.346076038197037,0.3996046666666667,0.4169889333333333,0.85254,0.0005980305121999,0.001329504,0.0233205999999999,2.13885,10.0,0.09846666666666681,0.43555106666666665,"906 upstream, 15k"
906_upstream_source_continue_1M_to_4M,paper2_local_damage_slab_x012_018_df0p1_n15000_seed906_explicit,1500000,0.015,cases/clogging_scan/paper2_localized_release/paper2_local_damage_slab_x012_018_df0p1_n15000_seed906_explicit/explicit_seg4M_type2_1500000.dump,15000,15000,True,0,12720,2261,19,0.848,0.1507333333333333,0.0,0.3535043486192593,0.4073711111111111,0.4285047111111111,0.9740355555555557,0.0009323044811999,0.002104969,0.0287878999999999,2.12897,15.0,0.15200000000000002,0.5455308444444446,"906 upstream, 15k"
906_upstream_source_continue_1M_to_4M,paper2_local_damage_slab_x012_018_df0p1_n15000_seed906_explicit,2000000,0.02,cases/clogging_scan/paper2_localized_release/paper2_local_damage_slab_x012_018_df0p1_n15000_seed906_explicit/explicit_seg4M_type2_2000000.dump,15000,15000,True,0,11920,3067,13,0.7946666666666666,0.2044666666666666,0.0,0.3611892651851852,0.4153857777777777,0.4435607333333333,0.9103866666666668,0.0012781257266666,0.0033537329999999,0.0251607,1.25868,20.0,0.20533333333333337,0.4668259333333335,"906 upstream, 15k"
906_upstream_source_continue_1M_to_4M,paper2_local_damage_slab_x012_018_df0p1_n15000_seed906_explicit,2500000,0.025,cases/clogging_scan/paper2_localized_release/paper2_local_damage_slab_x012_018_df0p1_n15000_seed906_explicit/explicit_seg4M_type2_2500000.dump,15000,15000,True,0,11050,3939,11,0.7366666666666667,0.2626,0.0,0.3692745668888888,0.4242948888888889,0.4731107111111113,0.9982,0.0016419643033333,0.005132154,0.0272081,0.972097,25.0,0.2633333333333333,0.5250892888888887,"906 upstream, 15k"
906_upstream_source_continue_1M_to_4M,paper2_local_damage_slab_x012_018_df0p1_n15000_seed906_explicit,3000000,0.03,cases/clogging_scan/paper2_localized_release/paper2_local_damage_slab_x012_018_df0p1_n15000_seed906_explicit/explicit_seg4M_type2_3000000.dump,15000,15000,True,0,10217,4775,8,0.6811333333333334,0.3183333333333333,0.0,0.3777140134814815,0.4339931111111111,0.5148202222222223,0.9611355555555556,0.0020217394,0.007307031,0.025701,1.02859,30.0,0.31886666666666663,0.4463153333333333,"906 upstream, 15k"
906_upstream_source_continue_1M_to_4M,paper2_local_damage_slab_x012_018_df0p1_n15000_seed906_explicit,3500000,0.035,cases/clogging_scan/paper2_localized_release/paper2_local_damage_slab_x012_018_df0p1_n15000_seed906_explicit/explicit_seg4M_type2_3500000.dump,15000,15000,True,0,9448,5545,7,0.6298666666666667,0.3696666666666666,0.0,0.386607375125926,0.4434564444444445,0.5668013555555557,0.9465133333333334,0.002421940674,0.009742182,0.0275494,0.985177,35.0,0.3701333333333333,0.37971197777777776,"906 upstream, 15k"
906_upstream_source_continue_1M_to_4M,paper2_local_damage_slab_x012_018_df0p1_n15000_seed906_explicit,4000000,0.04,cases/clogging_scan/paper2_localized_release/paper2_local_damage_slab_x012_018_df0p1_n15000_seed906_explicit/explicit_seg4M_type2_4000000.dump,15000,15000,True,0,8690,6305,5,0.5793333333333334,0.4203333333333333,0.0,0.3957625410814814,0.452974,0.6254378666666668,0.9981044444444446,0.002833923142,0.012454408,0.029871,0.964311,40.0,0.42066666666666663,0.3726665777777778,"906 upstream, 15k"
907_downstream_source_dt5e9_to_10ms,paper2_local_damage_slab_x024_030_df0p1_n15000_seed907_explicit,100000,0.00055,cases/clogging_scan/paper2_localized_release/paper2_local_damage_slab_x024_030_df0p1_n15000_seed907_explicit/paper2_local_damage_slab_x024_030_df0p1_n15000_seed907_explicit_dt5e9_type2_100000.dump,15000,15000,True,0,14926,46,28,0.9950666666666668,0.0030666666666666,0.0,0.5998385974533333,0.6535297777777778,0.6658067111111111,0.9622333333333334,0.0,0.0,0.0,75.8757,0.55,0.004933333333333234,0.29642662222222227,"907 downstream, 15k"
907_downstream_source_dt5e9_to_10ms,paper2_local_damage_slab_x024_030_df0p1_n15000_seed907_explicit,120000,0.00065,cases/clogging_scan/paper2_localized_release/paper2_local_damage_slab_x024_030_df0p1_n15000_seed907_explicit/paper2_local_damage_slab_x024_030_df0p1_n15000_seed907_explicit_dt5e9_type2_120000.dump,15000,15000,True,0,14914,54,32,0.9942666666666666,0.0036,0.0,0.5998764130370371,0.6535695555555556,0.6658512,0.9716911111111112,1.7017012666666752e-06,4.950000000000093e-05,0.0067284999999999,64.5551,0.65,0.005733333333333368,0.3058399111111112,"907 downstream, 15k"
907_downstream_source_dt5e9_to_10ms,paper2_local_damage_slab_x024_030_df0p1_n15000_seed907_explicit,140000,0.00075,cases/clogging_scan/paper2_localized_release/paper2_local_damage_slab_x024_030_df0p1_n15000_seed907_explicit/paper2_local_damage_slab_x024_030_df0p1_n15000_seed907_explicit_dt5e9_type2_140000.dump,15000,15000,True,0,14898,64,38,0.9932,0.0042666666666666,0.0,0.5999188853333334,0.6536142222222222,0.6659224222222222,0.984237777777778,3.6129546000000017e-06,9.12110000000033e-05,0.0111981,36.8792,0.75,0.006800000000000028,0.3183153555555558,"907 downstream, 15k"
907_downstream_source_dt5e9_to_10ms,paper2_local_damage_slab_x024_030_df0p1_n15000_seed907_explicit,200000,0.00105,cases/clogging_scan/paper2_localized_release/paper2_local_damage_slab_x024_030_df0p1_n15000_seed907_explicit/paper2_local_damage_slab_x024_030_df0p1_n15000_seed907_explicit_dt5e9_type2_200000.dump,15000,15000,True,0,14875,84,41,0.9916666666666668,0.0056,0.0,0.6000456047259259,0.6537826666666667,0.6661511777777778,0.99362,9.315327266666662e-06,0.0001878009999999,0.010823019,27.7798,1.05,0.008333333333333193,0.3274688222222222,"907 downstream, 15k"
907_downstream_source_dt5e9_to_10ms,paper2_local_damage_slab_x024_030_df0p1_n15000_seed907_explicit,360000,0.00185,cases/clogging_scan/paper2_localized_release/paper2_local_damage_slab_x024_030_df0p1_n15000_seed907_explicit/paper2_local_damage_slab_x024_030_df0p1_n15000_seed907_explicit_dt5e9_type2_360000.dump,15000,15000,True,0,14768,180,52,0.9845333333333334,0.012,0.0,0.600633621288889,0.6545311111111112,0.6669090000000001,0.9984822222222222,3.577607259999998e-05,0.0003170069999999,0.022647819,16.3049,1.85,0.015466666666666629,0.3315732222222221,"907 downstream, 15k"
907_downstream_source_dt5e9_to_10ms,paper2_local_damage_slab_x024_030_df0p1_n15000_seed907_explicit,400000,0.00205,cases/clogging_scan/paper2_localized_release/paper2_local_damage_slab_x024_030_df0p1_n15000_seed907_explicit/paper2_local_damage_slab_x024_030_df0p1_n15000_seed907_explicit_dt5e9_type2_400000.dump,15000,15000,True,0,14737,208,55,0.9824666666666668,0.0138666666666666,0.0,0.6008231137481482,0.6547517777777778,0.6671623111111111,0.996851111111111,4.430323326666668e-05,0.000336926,0.021474319,16.3049,2.0500000000000003,0.01753333333333318,0.3296887999999999,"907 downstream, 15k"
907_downstream_source_dt5e9_to_10ms,paper2_local_damage_slab_x024_030_df0p1_n15000_seed907_explicit,460000,0.00235,cases/clogging_scan/paper2_localized_release/paper2_local_damage_slab_x024_030_df0p1_n15000_seed907_explicit/paper2_local_damage_slab_x024_030_df0p1_n15000_seed907_explicit_dt5e9_type2_460000.dump,15000,15000,True,0,14689,252,59,0.9792666666666666,0.0168,0.0,0.6011346237718519,0.6550364444444444,0.6676022222222222,0.9935466666666668,5.8321184333333346e-05,0.00036081,0.019722819,13.4415,2.35,0.02073333333333338,0.3259444444444446,"907 downstream, 15k"
907_downstream_source_dt5e9_to_10ms,paper2_local_damage_slab_x024_030_df0p1_n15000_seed907_explicit,480000,0.00245,cases/clogging_scan/paper2_localized_release/paper2_local_damage_slab_x024_030_df0p1_n15000_seed907_explicit/paper2_local_damage_slab_x024_030_df0p1_n15000_seed907_explicit_dt5e9_type2_480000.dump,15000,15000,True,0,14672,270,58,0.9781333333333332,0.018,0.0,0.6012454654444445,0.6551406666666667,0.6677423333333333,0.9897555555555556,6.330905959999998e-05,0.000369019,0.019141319,13.4424,2.4499999999999997,0.021866666666666812,0.3220132222222223,"907 downstream, 15k"
907_downstream_source_dt5e9_to_10ms,paper2_local_damage_slab_x024_030_df0p1_n15000_seed907_explicit,580000,0.00295,cases/clogging_scan/paper2_localized_release/paper2_local_damage_slab_x024_030_df0p1_n15000_seed907_explicit/paper2_local_damage_slab_x024_030_df0p1_n15000_seed907_explicit_dt5e9_type2_580000.dump,15000,15000,True,0,14599,343,58,0.9732666666666666,0.0228666666666666,0.0,0.6018449390755556,0.655768,0.6684867777777779,0.9695488888888888,9.0285373e-05,0.0004266179999999,0.0161974189999999,9.75622,2.9499999999999997,0.026733333333333387,0.3010621111111109,"907 downstream, 15k"
907_downstream_source_dt5e9_to_10ms,paper2_local_damage_slab_x024_030_df0p1_n15000_seed907_explicit,600000,0.0030499999999999,cases/clogging_scan/paper2_localized_release/paper2_local_damage_slab_x024_030_df0p1_n15000_seed907_explicit/paper2_local_damage_slab_x024_030_df0p1_n15000_seed907_explicit_dt5e9_type2_600000.dump,15000,15000,True,0,14579,363,58,0.9719333333333332,0.0242,0.0,0.6019719267718519,0.6559364444444444,0.668617888888889,0.9647733333333336,9.599981933333332e-05,0.000431418,0.0154928189999999,8.94976,3.0499999999999,0.028066666666666795,0.29615544444444464,"907 downstream, 15k"
907_downstream_source_dt5e9_to_10ms,paper2_local_damage_slab_x024_030_df0p1_n15000_seed907_explicit,660000,0.00335,cases/clogging_scan/paper2_localized_release/paper2_local_damage_slab_x024_030_df0p1_n15000_seed907_explicit/paper2_local_damage_slab_x024_030_df0p1_n15000_seed907_explicit_dt5e9_type2_660000.dump,15000,15000,True,0,14532,409,59,0.9688,0.0272666666666666,0.0,0.6023681761748148,0.656424,0.6691934222222223,0.9504022222222224,0.0001138310424666,0.0004635999999999,0.013387019,8.91906,3.35,0.031200000000000006,0.28120880000000004,"907 downstream, 15k"
907_downstream_source_dt5e9_to_10ms,paper2_local_damage_slab_x024_030_df0p1_n15000_seed907_explicit,700000,0.0035499999999999,cases/clogging_scan/paper2_localized_release/paper2_local_damage_slab_x024_030_df0p1_n15000_seed907_explicit/paper2_local_damage_slab_x024_030_df0p1_n15000_seed907_explicit_dt5e9_type2_700000.dump,15000,15000,True,0,14502,438,60,0.9668,0.0292,0.0,0.6026409736740741,0.6566146666666667,0.6695512666666668,0.940888888888889,0.0001261069299333,0.000480207,0.011989719,8.89866,3.5499999999999,0.03320000000000001,0.27133762222222224,"907 downstream, 15k"
907_downstream_source_dt5e9_to_10ms,paper2_local_damage_slab_x024_030_df0p1_n15000_seed907_explicit,780000,0.00395,cases/clogging_scan/paper2_localized_release/paper2_local_damage_slab_x024_030_df0p1_n15000_seed907_explicit/paper2_local_damage_slab_x024_030_df0p1_n15000_seed907_explicit_dt5e9_type2_780000.dump,15000,15000,True,0,14438,504,58,0.9625333333333334,0.0336,0.0,0.6032043057585186,0.6571335555555556,0.6703134666666667,0.9220244444444444,0.0001514568737333,0.000521427,0.0113674,8.85804,3.95,0.03746666666666665,0.25171097777777773,"907 downstream, 15k"
907_downstream_source_dt5e9_to_10ms,paper2_local_damage_slab_x024_030_df0p1_n15000_seed907_explicit,820000,0.00415,cases/clogging_scan/paper2_localized_release/paper2_local_damage_slab_x024_030_df0p1_n15000_seed907_explicit/paper2_local_damage_slab_x024_030_df0p1_n15000_seed907_explicit_dt5e9_type2_820000.dump,15000,15000,True,0,14409,535,56,0.9606,0.0356666666666666,0.0,0.6034976230770369,0.6575382222222222,0.6707400444444445,0.9126711111111112,0.0001646561530666,0.000540404,0.0120436,8.83783,4.15,0.03939999999999999,0.24193106666666675,"907 downstream, 15k"
907_downstream_source_dt5e9_to_10ms,paper2_local_damage_slab_x024_030_df0p1_n15000_seed907_explicit,880000,0.00445,cases/clogging_scan/paper2_localized_release/paper2_local_damage_slab_x024_030_df0p1_n15000_seed907_explicit/paper2_local_damage_slab_x024_030_df0p1_n15000_seed907_explicit_dt5e9_type2_880000.dump,15000,15000,True,0,14361,582,57,0.9574,0.0388,0.0,0.6039479032014815,0.6580400000000001,0.6712444888888889,0.8987466666666668,0.0001849187586666,0.000563508,0.0130564,8.80761,4.45,0.04259999999999997,0.22750217777777793,"907 downstream, 15k"
907_downstream_source_dt5e9_to_10ms,paper2_local_damage_slab_x024_030_df0p1_n15000_seed907_explicit,900000,0.00455,cases/clogging_scan/paper2_localized_release/paper2_local_damage_slab_x024_030_df0p1_n15000_seed907_explicit/paper2_local_damage_slab_x024_030_df0p1_n15000_seed907_explicit_dt5e9_type2_900000.dump,15000,15000,True,0,14345,599,56,0.9563333333333334,0.0399333333333333,0.0,0.6041011618954074,0.658158,0.6714889111111112,0.9025333333333332,0.0001918153998933,0.00055903,0.0133935999999999,8.79757,4.55,0.04366666666666663,0.231044422222222,"907 downstream, 15k"
907_downstream_source_dt5e9_to_10ms,paper2_local_damage_slab_x024_030_df0p1_n15000_seed907_explicit,940000,0.00475,cases/clogging_scan/paper2_localized_release/paper2_local_damage_slab_x024_030_df0p1_n15000_seed907_explicit/paper2_local_damage_slab_x024_030_df0p1_n15000_seed907_explicit_dt5e9_type2_940000.dump,15000,15000,True,0,14320,623,57,0.9546666666666668,0.0415333333333333,0.0,0.604410719197037,0.6584911111111111,0.6719846444444445,0.9115933333333334,0.0002057454784666,0.0005764309999999,0.0138658999999999,8.77753,4.75,0.045333333333333226,0.23960868888888887,"907 downstream, 15k"
907_downstream_source_dt5e9_to_10ms,paper2_local_damage_slab_x024_030_df0p1_n15000_seed907_explicit,960000,0.00485,cases/clogging_scan/paper2_localized_release/paper2_local_damage_slab_x024_030_df0p1_n15000_seed907_explicit/paper2_local_damage_slab_x024_030_df0p1_n15000_seed907_explicit_dt5e9_type2_960000.dump,15000,15000,True,0,14304,638,58,0.9536,0.0425333333333333,0.0,0.604566447408889,0.6586577777777778,0.6722156666666668,0.914548888888889,0.000212753248,0.000582462,0.0147431,8.76754,4.8500000000000005,0.0464,0.2423332222222222,"907 downstream, 15k"
907_downstream_source_dt5e9_to_10ms,paper2_local_damage_slab_x024_030_df0p1_n15000_seed907_explicit,980000,0.00495,cases/clogging_scan/paper2_localized_release/paper2_local_damage_slab_x024_030_df0p1_n15000_seed907_explicit/paper2_local_damage_slab_x024_030_df0p1_n15000_seed907_explicit_dt5e9_type2_980000.dump,15000,15000,True,0,14285,657,58,0.9523333333333334,0.0438,0.0,0.6047226970103704,0.6587700000000001,0.6725200888888889,0.9175088888888888,0.0002197844800666,0.0005873119999999,0.0156193999999999,8.75755,4.95,0.047666666666666635,0.2449887999999999,"907 downstream, 15k"
907_downstream_source_dt5e9_to_10ms,paper2_local_damage_slab_x024_030_df0p1_n15000_seed907_explicit,1100000,0.00555,cases/clogging_scan/paper2_localized_release/paper2_local_damage_slab_x024_030_df0p1_n15000_seed907_explicit/paper2_local_damage_slab_x024_030_df0p1_n15000_seed907_explicit_dt5e9_type2_1100000.dump,15000,15000,True,0,14212,733,55,0.9474666666666668,0.0488666666666666,0.0,0.6056691032474074,0.6597235555555555,0.6738178888888889,0.9280244444444444,0.0002623727607333,0.0006453089999999,0.020856,8.69797,5.55,0.05253333333333321,0.2542065555555555,"907 downstream, 15k"
907_downstream_source_dt5e9_to_10ms,paper2_local_damage_slab_x024_030_df0p1_n15000_seed907_explicit,1180000,0.00595,cases/clogging_scan/paper2_localized_release/paper2_local_damage_slab_x024_030_df0p1_n15000_seed907_explicit/paper2_local_damage_slab_x024_030_df0p1_n15000_seed907_explicit_dt5e9_type2_1180000.dump,15000,15000,True,0,14141,806,53,0.9427333333333332,0.0537333333333333,0.0,0.6063099347392593,0.6603137777777778,0.6747025777777779,0.92764,0.0002912101778666,0.000692806,0.0243272999999999,8.65853,5.95,0.0572666666666668,0.25293742222222215,"907 downstream, 15k"
907_downstream_source_dt5e9_to_10ms,paper2_local_damage_slab_x024_030_df0p1_n15000_seed907_explicit,1200000,0.00605,cases/clogging_scan/paper2_localized_release/paper2_local_damage_slab_x024_030_df0p1_n15000_seed907_explicit/paper2_local_damage_slab_x024_030_df0p1_n15000_seed907_explicit_dt5e9_type2_1200000.dump,15000,15000,True,0,14120,827,53,0.9413333333333334,0.0551333333333333,0.0,0.6064708684192593,0.6605035555555555,0.6748364222222223,0.93002,0.0002984521934666,0.0007002,0.0250992,7.34921,6.05,0.058666666666666645,0.25518357777777767,"907 downstream, 15k"
907_downstream_source_dt5e9_to_10ms,paper2_local_damage_slab_x024_030_df0p1_n15000_seed907_explicit,1240000,0.00625,cases/clogging_scan/paper2_localized_release/paper2_local_damage_slab_x024_030_df0p1_n15000_seed907_explicit/paper2_local_damage_slab_x024_030_df0p1_n15000_seed907_explicit_dt5e9_type2_1240000.dump,15000,15000,True,0,14087,860,53,0.9391333333333334,0.0573333333333333,0.0,0.606794673037037,0.6608095555555556,0.6753491555555556,0.962648888888889,0.0003130234012666,0.000717905,0.0265675,7.33345,6.25,0.060866666666666625,0.28729973333333336,"907 downstream, 15k"
907_downstream_source_dt5e9_to_10ms,paper2_local_damage_slab_x024_030_df0p1_n15000_seed907_explicit,1260000,0.00635,cases/clogging_scan/paper2_localized_release/paper2_local_damage_slab_x024_030_df0p1_n15000_seed907_explicit/paper2_local_damage_slab_x024_030_df0p1_n15000_seed907_explicit_dt5e9_type2_1260000.dump,15000,15000,True,0,14061,886,53,0.9374,0.0590666666666666,0.0,0.6069564996296297,0.660928,0.6755336000000001,0.9789377777777778,0.0003203055979333,0.000725009,0.0273005,7.32558,6.35,0.06259999999999999,0.30340417777777773,"907 downstream, 15k"
907_downstream_source_dt5e9_to_10ms,paper2_local_damage_slab_x024_030_df0p1_n15000_seed907_explicit,1340000,0.00675,cases/clogging_scan/paper2_localized_release/paper2_local_damage_slab_x024_030_df0p1_n15000_seed907_explicit/paper2_local_damage_slab_x024_030_df0p1_n15000_seed907_explicit_dt5e9_type2_1340000.dump,15000,15000,True,0,13991,956,53,0.9327333333333332,0.0637333333333333,0.0,0.6075963247896297,0.6615135555555556,0.6767514,0.9715688888888888,0.0003490977301333,0.0007545239999999,0.0269688999999999,4.38842,6.75,0.06726666666666681,0.2948174888888888,"907 downstream, 15k"
907_downstream_source_dt5e9_to_10ms,paper2_local_damage_slab_x024_030_df0p1_n15000_seed907_explicit,1360000,0.00685,cases/clogging_scan/paper2_localized_release/paper2_local_damage_slab_x024_030_df0p1_n15000_seed907_explicit/paper2_local_damage_slab_x024_030_df0p1_n15000_seed907_explicit_dt5e9_type2_1360000.dump,15000,15000,True,0,13977,972,51,0.9318,0.0648,0.0,0.6077552831125926,0.6616602222222223,0.6770069555555556,0.9690533333333332,0.0003562508546666,0.0007620999999999,0.0268556999999999,4.38744,6.8500000000000005,0.06820000000000004,0.29204637777777764,"907 downstream, 15k"
907_downstream_source_dt5e9_to_10ms,paper2_local_damage_slab_x024_030_df0p1_n15000_seed907_explicit,1380000,0.00695,cases/clogging_scan/paper2_localized_release/paper2_local_damage_slab_x024_030_df0p1_n15000_seed907_explicit/paper2_local_damage_slab_x024_030_df0p1_n15000_seed907_explicit_dt5e9_type2_1380000.dump,15000,15000,True,0,13962,987,51,0.9308,0.0658,0.0,0.6079140844562962,0.6618204444444444,0.6772137333333335,0.9665511111111112,0.0003633969151333,0.000768804,0.0267431,4.38646,6.949999999999999,0.06920000000000004,0.2893373777777778,"907 downstream, 15k"
907_downstream_source_dt5e9_to_10ms,paper2_local_damage_slab_x024_030_df0p1_n15000_seed907_explicit,1420000,0.00715,cases/clogging_scan/paper2_localized_release/paper2_local_damage_slab_x024_030_df0p1_n15000_seed907_explicit/paper2_local_damage_slab_x024_030_df0p1_n15000_seed907_explicit_dt5e9_type2_1420000.dump,15000,15000,True,0,13933,1018,49,0.9288666666666666,0.0678666666666666,0.0,0.6082314195659261,0.6621864444444445,0.6776222222222222,0.96714,0.0003776769950666,0.000789337,0.0265190999999999,3.83817,7.15,0.07113333333333338,0.28951777777777776,"907 downstream, 15k"
907_downstream_source_dt5e9_to_10ms,paper2_local_damage_slab_x024_030_df0p1_n15000_seed907_explicit,1480000,0.00745,cases/clogging_scan/paper2_localized_release/paper2_local_damage_slab_x024_030_df0p1_n15000_seed907_explicit/paper2_local_damage_slab_x024_030_df0p1_n15000_seed907_explicit_dt5e9_type2_1480000.dump,15000,15000,True,0,13883,1068,49,0.9255333333333332,0.0712,0.0,0.6087053748785185,0.6626495555555556,0.6783289555555556,0.9821355555555557,0.0003990049841333,0.000818303,0.0261865999999999,3.83005,7.45,0.07446666666666679,0.30380660000000004,"907 downstream, 15k"
907_downstream_source_dt5e9_to_10ms,paper2_local_damage_slab_x024_030_df0p1_n15000_seed907_explicit,1560000,0.00785,cases/clogging_scan/paper2_localized_release/paper2_local_damage_slab_x024_030_df0p1_n15000_seed907_explicit/paper2_local_damage_slab_x024_030_df0p1_n15000_seed907_explicit_dt5e9_type2_1560000.dump,15000,15000,True,0,13823,1128,49,0.9215333333333332,0.0752,0.0,0.6093313105644445,0.6632446666666667,0.6792786000000001,0.99754,0.00042717209,0.0008735179999999,0.0257497,3.81927,7.85,0.0784666666666668,0.3182613999999999,"907 downstream, 15k"
907_downstream_source_dt5e9_to_10ms,paper2_local_damage_slab_x024_030_df0p1_n15000_seed907_explicit,1580000,0.0079499999999999,cases/clogging_scan/paper2_localized_release/paper2_local_damage_slab_x024_030_df0p1_n15000_seed907_explicit/paper2_local_damage_slab_x024_030_df0p1_n15000_seed907_explicit_dt5e9_type2_1580000.dump,15000,15000,True,0,13803,1148,49,0.9202,0.0765333333333333,0.0,0.6094864254414815,0.6633300000000001,0.6794604000000001,0.9978355555555556,0.0004341522594666,0.000893108,0.0256416,3.81659,7.9499999999999,0.07979999999999998,0.3183751555555555,"907 downstream, 15k"
907_downstream_source_dt5e9_to_10ms,paper2_local_damage_slab_x024_030_df0p1_n15000_seed907_explicit,1620000,0.00815,cases/clogging_scan/paper2_localized_release/paper2_local_damage_slab_x024_030_df0p1_n15000_seed907_explicit/paper2_local_damage_slab_x024_030_df0p1_n15000_seed907_explicit_dt5e9_type2_1620000.dump,15000,15000,True,0,13774,1178,48,0.9182666666666668,0.0785333333333333,0.0,0.6097949626414815,0.6636453333333334,0.6799005333333334,0.9944044444444444,0.0004480364334666,0.0009379,0.0254268,3.81123,8.149999999999999,0.08173333333333321,0.314503911111111,"907 downstream, 15k"
907_downstream_source_dt5e9_to_10ms,paper2_local_damage_slab_x024_030_df0p1_n15000_seed907_explicit,1700000,0.00855,cases/clogging_scan/paper2_localized_release/paper2_local_damage_slab_x024_030_df0p1_n15000_seed907_explicit/paper2_local_damage_slab_x024_030_df0p1_n15000_seed907_explicit_dt5e9_type2_1700000.dump,15000,15000,True,0,13694,1260,46,0.9129333333333334,0.084,0.0,0.6104084790296297,0.6643362222222223,0.6809449555555556,0.9967844444444444,0.0004756446709333,0.0010306,0.0250024999999999,3.80057,8.55,0.08706666666666663,0.3158394888888888,"907 downstream, 15k"
907_downstream_source_dt5e9_to_10ms,paper2_local_damage_slab_x024_030_df0p1_n15000_seed907_explicit,1740000,0.0087499999999999,cases/clogging_scan/paper2_localized_release/paper2_local_damage_slab_x024_030_df0p1_n15000_seed907_explicit/paper2_local_damage_slab_x024_030_df0p1_n15000_seed907_explicit_dt5e9_type2_1740000.dump,15000,15000,True,0,13661,1293,46,0.9107333333333332,0.0862,0.0,0.6107127960444445,0.6646444444444444,0.6813866888888889,0.9909244444444444,0.0004893389366,0.0010785999999999,0.0247931,3.79526,8.7499999999999,0.08926666666666683,0.3095377555555555,"907 downstream, 15k"
907_downstream_source_dt5e9_to_10ms,paper2_local_damage_slab_x024_030_df0p1_n15000_seed907_explicit,1780000,0.00895,cases/clogging_scan/paper2_localized_release/paper2_local_damage_slab_x024_030_df0p1_n15000_seed907_explicit/paper2_local_damage_slab_x024_030_df0p1_n15000_seed907_explicit_dt5e9_type2_1780000.dump,15000,15000,True,0,13618,1336,46,0.9078666666666668,0.0890666666666666,0.0,0.6110160957288889,0.6650424444444445,0.6817625333333334,0.9888355555555556,0.0005029874224,0.0011177209999999,0.0245854999999999,3.78997,8.95,0.09213333333333318,0.3070730222222222,"907 downstream, 15k"
907_downstream_source_dt5e9_to_10ms,paper2_local_damage_slab_x024_030_df0p1_n15000_seed907_explicit,1840000,0.00925,cases/clogging_scan/paper2_localized_release/paper2_local_damage_slab_x024_030_df0p1_n15000_seed907_explicit/paper2_local_damage_slab_x024_030_df0p1_n15000_seed907_explicit_dt5e9_type2_1840000.dump,15000,15000,True,0,13573,1382,45,0.9048666666666668,0.0921333333333333,0.0,0.6114685808355557,0.6654935555555557,0.6824558444444445,0.9980066666666668,0.0005233492522,0.0011679119999999,0.0242775,3.78206,9.25,0.09513333333333318,0.3155508222222223,"907 downstream, 15k"
907_downstream_source_dt5e9_to_10ms,paper2_local_damage_slab_x024_030_df0p1_n15000_seed907_explicit,1900000,0.00955,cases/clogging_scan/paper2_localized_release/paper2_local_damage_slab_x024_030_df0p1_n15000_seed907_explicit/paper2_local_damage_slab_x024_030_df0p1_n15000_seed907_explicit_dt5e9_type2_1900000.dump,15000,15000,True,0,13518,1438,44,0.9012,0.0958666666666666,0.0,0.611917791848889,0.6659868888888889,0.6830093777777778,0.99216,0.0005435637478,0.001216521,0.0239735,3.77419,9.549999999999999,0.0988,0.3091506222222222,"907 downstream, 15k"
907_downstream_source_dt5e9_to_10ms,paper2_local_damage_slab_x024_030_df0p1_n15000_seed907_explicit,1920000,0.0096499999999999,cases/clogging_scan/paper2_localized_release/paper2_local_damage_slab_x024_030_df0p1_n15000_seed907_explicit/paper2_local_damage_slab_x024_030_df0p1_n15000_seed907_explicit_dt5e9_type2_1920000.dump,15000,15000,True,0,13506,1451,43,0.9004,0.0967333333333333,0.0,0.6120663958355557,0.666168,0.6831246444444444,0.9902311111111112,0.0005502509272,0.001233207,0.023873,3.77157,9.649999999999899,0.09960000000000002,0.30710646666666674,"907 downstream, 15k"
907_downstream_source_dt5e9_to_10ms,paper2_local_damage_slab_x024_030_df0p1_n15000_seed907_explicit,1940000,0.00975,cases/clogging_scan/paper2_localized_release/paper2_local_damage_slab_x024_030_df0p1_n15000_seed907_explicit/paper2_local_damage_slab_x024_030_df0p1_n15000_seed907_explicit_dt5e9_type2_1940000.dump,15000,15000,True,0,13490,1467,43,0.8993333333333333,0.0978,0.0,0.6122146239007408,0.6663535555555556,0.6832784000000001,0.9883111111111113,0.0005569211901333,0.001247505,0.0237729999999999,3.76896,9.75,0.10066666666666668,0.3050327111111112,"907 downstream, 15k"
907_downstream_source_dt5e9_to_10ms,paper2_local_damage_slab_x024_030_df0p1_n15000_seed907_explicit,2000000,0.01005,cases/clogging_scan/paper2_localized_release/paper2_local_damage_slab_x024_030_df0p1_n15000_seed907_explicit/paper2_local_damage_slab_x024_030_df0p1_n15000_seed907_explicit_dt5e9_type2_2000000.dump,15000,15000,True,0,13442,1514,44,0.8961333333333333,0.1009333333333333,0.0,0.6126589753051852,0.6668271111111111,0.6837535333333333,0.9826066666666669,0.0005769170033333,0.0012872029999999,0.0234756,3.76114,10.05,0.10386666666666666,0.2988531333333335,"907 downstream, 15k"
908_high_inventory_dt5e9_to_10ms,paper2_local_damage_slab_x012_018_df0p1_n30000_seed908_explicit,20000,0.00015,cases/clogging_scan/paper2_localized_release/paper2_local_damage_slab_x012_018_df0p1_n30000_seed908_explicit/paper2_local_damage_slab_x012_018_df0p1_n30000_seed908_explicit_dt5e9_type2_20000.dump,30000,30000,True,0,29926,43,31,0.9975333333333334,0.0014333333333333,0.0,0.3331539738333333,0.38612,0.3989955555555555,0.4725888888888889,0.0,0.0,0.0,145.292,0.15,0.002466666666666617,0.0735933333333334,"908 upstream, 30k"
908_high_inventory_dt5e9_to_10ms,paper2_local_damage_slab_x012_018_df0p1_n30000_seed908_explicit,40000,0.00025,cases/clogging_scan/paper2_localized_release/paper2_local_damage_slab_x012_018_df0p1_n30000_seed908_explicit/paper2_local_damage_slab_x012_018_df0p1_n30000_seed908_explicit_dt5e9_type2_40000.dump,30000,30000,True,0,29901,59,40,0.9967,0.0019666666666666,0.0,0.333172936562963,0.3861691111111112,0.3990667111111111,0.5581888888888888,8.533228333333335e-07,0.0001154999999999,0.004493095,98.8548,0.25,0.0032999999999999696,0.15912217777777776,"908 upstream, 30k"
908_high_inventory_dt5e9_to_10ms,paper2_local_damage_slab_x012_018_df0p1_n30000_seed908_explicit,80000,0.00045,cases/clogging_scan/paper2_localized_release/paper2_local_damage_slab_x012_018_df0p1_n30000_seed908_explicit/paper2_local_damage_slab_x012_018_df0p1_n30000_seed908_explicit_dt5e9_type2_80000.dump,30000,30000,True,0,29845,104,51,0.9948333333333332,0.0034666666666666,0.0,0.3332270958518518,0.38636,0.3991956,0.6731822222222222,3.2904908333333335e-06,0.0002433049999999,0.0090266999999999,36.4851,0.45,0.005166666666666764,0.27398662222222225,"908 upstream, 30k"
908_high_inventory_dt5e9_to_10ms,paper2_local_damage_slab_x012_018_df0p1_n30000_seed908_explicit,100000,0.00055,cases/clogging_scan/paper2_localized_release/paper2_local_damage_slab_x012_018_df0p1_n30000_seed908_explicit/paper2_local_damage_slab_x012_018_df0p1_n30000_seed908_explicit_dt5e9_type2_100000.dump,30000,30000,True,0,29809,133,58,0.9936333333333334,0.0044333333333333,0.0,0.3332592672585185,0.3864364444444444,0.3992956444444444,0.7263133333333334,4.738204133333336e-06,0.0002864049999999,0.0114176,36.4861,0.55,0.006366666666666632,0.327017688888889,"908 upstream, 30k"
908_high_inventory_dt5e9_to_10ms,paper2_local_damage_slab_x012_018_df0p1_n30000_seed908_explicit,200000,0.00105,cases/clogging_scan/paper2_localized_release/paper2_local_damage_slab_x012_018_df0p1_n30000_seed908_explicit/paper2_local_damage_slab_x012_018_df0p1_n30000_seed908_explicit_dt5e9_type2_200000.dump,30000,30000,True,0,29661,245,94,0.9887,0.0081666666666666,0.0,0.3335015371037037,0.3867380000000001,0.3997688888888889,0.9908955555555556,1.5640347166666674e-05,0.0004196119999999,0.0233238,23.732,1.05,0.011299999999999977,0.5911266666666668,"908 upstream, 30k"
908_high_inventory_dt5e9_to_10ms,paper2_local_damage_slab_x012_018_df0p1_n30000_seed908_explicit,240000,0.00125,cases/clogging_scan/paper2_localized_release/paper2_local_damage_slab_x012_018_df0p1_n30000_seed908_explicit/paper2_local_damage_slab_x012_018_df0p1_n30000_seed908_explicit_dt5e9_type2_240000.dump,30000,30000,True,0,29598,292,110,0.9866,0.0097333333333333,0.0,0.3336294345555556,0.3868893333333333,0.3999667333333333,0.9964155555555556,2.1395732500000005e-05,0.0004556059999999,0.0235722,20.32,1.25,0.013399999999999967,0.5964488222222223,"908 upstream, 30k"
908_high_inventory_dt5e9_to_10ms,paper2_local_damage_slab_x012_018_df0p1_n30000_seed908_explicit,260000,0.00135,cases/clogging_scan/paper2_localized_release/paper2_local_damage_slab_x012_018_df0p1_n30000_seed908_explicit/paper2_local_damage_slab_x012_018_df0p1_n30000_seed908_explicit_dt5e9_type2_260000.dump,30000,30000,True,0,29571,318,111,0.9857,0.0106,0.0,0.3336997800370371,0.3869788888888889,0.4000689555555555,0.9976644444444444,2.456127916666667e-05,0.0004768009999999,0.0236284,20.293,1.35,0.01429999999999998,0.5975954888888888,"908 upstream, 30k"
908_high_inventory_dt5e9_to_10ms,paper2_local_damage_slab_x012_018_df0p1_n30000_seed908_explicit,360000,0.00185,cases/clogging_scan/paper2_localized_release/paper2_local_damage_slab_x012_018_df0p1_n30000_seed908_explicit/paper2_local_damage_slab_x012_018_df0p1_n30000_seed908_explicit_dt5e9_type2_360000.dump,30000,30000,True,0,29402,470,128,0.9800666666666666,0.0156666666666666,0.0,0.3341179154666667,0.38748,0.4006733777777777,0.9964355555555556,4.33773735e-05,0.0005644009999999,0.029425415,16.1088,1.85,0.01993333333333336,0.595762177777778,"908 upstream, 30k"
908_high_inventory_dt5e9_to_10ms,paper2_local_damage_slab_x012_018_df0p1_n30000_seed908_explicit,380000,0.00195,cases/clogging_scan/paper2_localized_release/paper2_local_damage_slab_x012_018_df0p1_n30000_seed908_explicit/paper2_local_damage_slab_x012_018_df0p1_n30000_seed908_explicit_dt5e9_type2_380000.dump,30000,30000,True,0,29381,491,128,0.9793666666666668,0.0163666666666666,0.0,0.3342131906,0.3875751111111112,0.4008111777777777,0.9958444444444444,4.76647545e-05,0.0005808129999999,0.0306470149999999,16.088,1.95,0.02063333333333317,0.5950332666666667,"908 upstream, 30k"
908_high_inventory_dt5e9_to_10ms,paper2_local_damage_slab_x012_018_df0p1_n30000_seed908_explicit,480000,0.00245,cases/clogging_scan/paper2_localized_release/paper2_local_damage_slab_x012_018_df0p1_n30000_seed908_explicit/paper2_local_damage_slab_x012_018_df0p1_n30000_seed908_explicit_dt5e9_type2_480000.dump,30000,30000,True,0,29214,644,142,0.9738,0.0214666666666666,0.0,0.3347377446066666,0.3881788888888889,0.4015400666666666,0.9985266666666668,7.12696848e-05,0.0006508189999999,0.036625215,11.9198,2.4499999999999997,0.0262,0.5969866000000001,"908 upstream, 30k"
908_high_inventory_dt5e9_to_10ms,paper2_local_damage_slab_x012_018_df0p1_n30000_seed908_explicit,500000,0.0025499999999999,cases/clogging_scan/paper2_localized_release/paper2_local_damage_slab_x012_018_df0p1_n30000_seed908_explicit/paper2_local_damage_slab_x012_018_df0p1_n30000_seed908_explicit_dt5e9_type2_500000.dump,30000,30000,True,0,29182,672,146,0.9727333333333332,0.0224,0.0,0.3348504682496296,0.3883271111111111,0.4017178444444444,0.9970022222222222,7.634224873333334e-05,0.000658303,0.037816515,11.9051,2.5499999999999,0.027266666666666772,0.5952843777777779,"908 upstream, 30k"
908_high_inventory_dt5e9_to_10ms,paper2_local_damage_slab_x012_018_df0p1_n30000_seed908_explicit,600000,0.0030499999999999,cases/clogging_scan/paper2_localized_release/paper2_local_damage_slab_x012_018_df0p1_n30000_seed908_explicit/paper2_local_damage_slab_x012_018_df0p1_n30000_seed908_explicit_dt5e9_type2_600000.dump,30000,30000,True,0,29042,802,156,0.9680666666666666,0.0267333333333333,0.0,0.3354534317637037,0.3890048888888888,0.4025422444444444,0.9895111111111112,0.0001034756068666,0.0007062009999999,0.043750815,11.8323,3.0499999999999,0.03193333333333337,0.5869688666666668,"908 upstream, 30k"
908_high_inventory_dt5e9_to_10ms,paper2_local_damage_slab_x012_018_df0p1_n30000_seed908_explicit,680000,0.00345,cases/clogging_scan/paper2_localized_release/paper2_local_damage_slab_x012_018_df0p1_n30000_seed908_explicit/paper2_local_damage_slab_x012_018_df0p1_n30000_seed908_explicit_dt5e9_type2_680000.dump,30000,30000,True,0,28918,924,158,0.9639333333333332,0.0308,0.0,0.3359678338325185,0.3895826666666667,0.4032934222222222,0.9923022222222224,0.0001266236999633,0.0007523189999999,0.042058615,6.82571,3.4499999999999997,0.0360666666666668,0.5890088000000002,"908 upstream, 30k"
908_high_inventory_dt5e9_to_10ms,paper2_local_damage_slab_x012_018_df0p1_n30000_seed908_explicit,700000,0.0035499999999999,cases/clogging_scan/paper2_localized_release/paper2_local_damage_slab_x012_018_df0p1_n30000_seed908_explicit/paper2_local_damage_slab_x012_018_df0p1_n30000_seed908_explicit_dt5e9_type2_700000.dump,30000,30000,True,0,28887,955,158,0.9629,0.0318333333333333,0.0,0.3361003413007407,0.3897266666666666,0.4035112666666667,0.983508888888889,0.0001325865360333,0.000761414,0.041479015,6.82473,3.5499999999999,0.03710000000000002,0.5799976222222223,"908 upstream, 30k"
908_high_inventory_dt5e9_to_10ms,paper2_local_damage_slab_x012_018_df0p1_n30000_seed908_explicit,800000,0.00405,cases/clogging_scan/paper2_localized_release/paper2_local_damage_slab_x012_018_df0p1_n30000_seed908_explicit/paper2_local_damage_slab_x012_018_df0p1_n30000_seed908_explicit_dt5e9_type2_800000.dump,30000,30000,True,0,28728,1112,160,0.9576,0.0370666666666666,0.0,0.3367859081125926,0.3905095555555555,0.4046846222222222,0.9751844444444444,0.0001634370425666,0.0008171089999999,0.038597915,8.16139,4.05,0.04239999999999999,0.5704998222222222,"908 upstream, 30k"
908_high_inventory_dt5e9_to_10ms,paper2_local_damage_slab_x012_018_df0p1_n30000_seed908_explicit,820000,0.00415,cases/clogging_scan/paper2_localized_release/paper2_local_damage_slab_x012_018_df0p1_n30000_seed908_explicit/paper2_local_damage_slab_x012_018_df0p1_n30000_seed908_explicit_dt5e9_type2_820000.dump,30000,30000,True,0,28693,1147,160,0.9564333333333334,0.0382333333333333,0.0,0.3369284568148148,0.3906313333333334,0.4048448,0.9889511111111112,0.0001698517341666,0.000823901,0.038025115,8.15231,4.15,0.04356666666666664,0.5841063111111112,"908 upstream, 30k"
908_high_inventory_dt5e9_to_10ms,paper2_local_damage_slab_x012_018_df0p1_n30000_seed908_explicit,860000,0.00435,cases/clogging_scan/paper2_localized_release/paper2_local_damage_slab_x012_018_df0p1_n30000_seed908_explicit/paper2_local_damage_slab_x012_018_df0p1_n30000_seed908_explicit_dt5e9_type2_860000.dump,30000,30000,True,0,28646,1195,159,0.9548666666666666,0.0398333333333333,0.0,0.3372162501348147,0.3909002222222222,0.4052936222222221,0.9857866666666668,0.0001828024335666,0.0008513049999999,0.036882915,6.74545,4.35,0.04513333333333336,0.5804930444444447,"908 upstream, 30k"
908_high_inventory_dt5e9_to_10ms,paper2_local_damage_slab_x012_018_df0p1_n30000_seed908_explicit,920000,0.00465,cases/clogging_scan/paper2_localized_release/paper2_local_damage_slab_x012_018_df0p1_n30000_seed908_explicit/paper2_local_damage_slab_x012_018_df0p1_n30000_seed908_explicit_dt5e9_type2_920000.dump,30000,30000,True,0,28553,1290,157,0.9517666666666666,0.043,0.0,0.3376563386992592,0.3913246666666667,0.4060489555555555,0.9670022222222224,0.0002026064189666,0.0008894049999999,0.035178215,6.72449,4.6499999999999995,0.04823333333333335,0.560953266666667,"908 upstream, 30k"
908_high_inventory_dt5e9_to_10ms,paper2_local_damage_slab_x012_018_df0p1_n30000_seed908_explicit,960000,0.00485,cases/clogging_scan/paper2_localized_release/paper2_local_damage_slab_x012_018_df0p1_n30000_seed908_explicit/paper2_local_damage_slab_x012_018_df0p1_n30000_seed908_explicit_dt5e9_type2_960000.dump,30000,30000,True,0,28494,1350,156,0.9498,0.045,0.0,0.3379560373948148,0.3916613333333333,0.406582311111111,0.9678,0.0002160928602666,0.0009132499999999,0.034047415,6.71056,4.8500000000000005,0.05020000000000002,0.561217688888889,"908 upstream, 30k"
908_high_inventory_dt5e9_to_10ms,paper2_local_damage_slab_x012_018_df0p1_n30000_seed908_explicit,980000,0.00495,cases/clogging_scan/paper2_localized_release/paper2_local_damage_slab_x012_018_df0p1_n30000_seed908_explicit/paper2_local_damage_slab_x012_018_df0p1_n30000_seed908_explicit_dt5e9_type2_980000.dump,30000,30000,True,0,28458,1387,155,0.9486,0.0462333333333333,0.0,0.3381069147674074,0.3918075555555555,0.4068267333333333,0.9669866666666668,0.0002228823420333,0.0009262159999999,0.033483715,6.70361,4.95,0.0514,0.5601599333333335,"908 upstream, 30k"
908_high_inventory_dt5e9_to_10ms,paper2_local_damage_slab_x012_018_df0p1_n30000_seed908_explicit,1080000,0.00545,cases/clogging_scan/paper2_localized_release/paper2_local_damage_slab_x012_018_df0p1_n30000_seed908_explicit/paper2_local_damage_slab_x012_018_df0p1_n30000_seed908_explicit_dt5e9_type2_1080000.dump,30000,30000,True,0,28312,1538,150,0.9437333333333332,0.0512666666666666,0.0,0.3388738308691852,0.3926806666666667,0.4080515777777777,0.9630422222222222,0.0002573935666133,0.0009736019999999,0.032739215,6.66902,5.45,0.0562666666666668,0.5549906444444446,"908 upstream, 30k"
908_high_inventory_dt5e9_to_10ms,paper2_local_damage_slab_x012_018_df0p1_n30000_seed908_explicit,1120000,0.00565,cases/clogging_scan/paper2_localized_release/paper2_local_damage_slab_x012_018_df0p1_n30000_seed908_explicit/paper2_local_damage_slab_x012_018_df0p1_n30000_seed908_explicit_dt5e9_type2_1120000.dump,30000,30000,True,0,28247,1600,153,0.9415666666666668,0.0533333333333333,0.0,0.3391850708718518,0.3930377777777777,0.4086689555555555,0.96356,0.0002713993667333,0.000998203,0.032718915,6.65526,5.6499999999999995,0.058433333333333226,0.5548910444444445,"908 upstream, 30k"
908_high_inventory_dt5e9_to_10ms,paper2_local_damage_slab_x012_018_df0p1_n30000_seed908_explicit,1200000,0.00605,cases/clogging_scan/paper2_localized_release/paper2_local_damage_slab_x012_018_df0p1_n30000_seed908_explicit/paper2_local_damage_slab_x012_018_df0p1_n30000_seed908_explicit_dt5e9_type2_1200000.dump,30000,30000,True,0,28117,1735,148,0.9372333333333334,0.0578333333333333,0.0,0.33981297008,0.3937117777777778,0.4098866666666667,0.9866333333333334,0.0002996548311,0.0010449039999999,0.032681815,6.06651,6.05,0.06276666666666664,0.5767466666666667,"908 upstream, 30k"
908_high_inventory_dt5e9_to_10ms,paper2_local_damage_slab_x012_018_df0p1_n30000_seed908_explicit,1220000,0.00615,cases/clogging_scan/paper2_localized_release/paper2_local_damage_slab_x012_018_df0p1_n30000_seed908_explicit/paper2_local_damage_slab_x012_018_df0p1_n30000_seed908_explicit_dt5e9_type2_1220000.dump,30000,30000,True,0,28075,1776,149,0.9358333333333332,0.0592,0.0,0.3399711747548148,0.3938515555555555,0.4102044666666666,0.9923977777777778,0.0003067740414666,0.0010517079999999,0.032673415,6.06749,6.15,0.06416666666666682,0.5821933111111113,"908 upstream, 30k"
908_high_inventory_dt5e9_to_10ms,paper2_local_damage_slab_x012_018_df0p1_n30000_seed908_explicit,1260000,0.00635,cases/clogging_scan/paper2_localized_release/paper2_local_damage_slab_x012_018_df0p1_n30000_seed908_explicit/paper2_local_damage_slab_x012_018_df0p1_n30000_seed908_explicit_dt5e9_type2_1260000.dump,30000,30000,True,0,28008,1843,149,0.9336,0.0614333333333333,0.0,0.3402895743466667,0.3942337777777778,0.4108025333333332,0.9964022222222222,0.0003211020230999,0.0010692089999999,0.032682115,6.06945,6.35,0.06640000000000001,0.585599688888889,"908 upstream, 30k"
908_high_inventory_dt5e9_to_10ms,paper2_local_damage_slab_x012_018_df0p1_n30000_seed908_explicit,1280000,0.00645,cases/clogging_scan/paper2_localized_release/paper2_local_damage_slab_x012_018_df0p1_n30000_seed908_explicit/paper2_local_damage_slab_x012_018_df0p1_n30000_seed908_explicit_dt5e9_type2_1280000.dump,30000,30000,True,0,27981,1871,148,0.9327,0.0623666666666666,0.0,0.3404489947185185,0.3943653333333333,0.4110180444444444,0.9935533333333332,0.0003282759398333,0.0010846009999999,0.032695815,6.07043,6.45,0.06730000000000003,0.5825352888888888,"908 upstream, 30k"
908_high_inventory_dt5e9_to_10ms,paper2_local_damage_slab_x012_018_df0p1_n30000_seed908_explicit,1320000,0.00665,cases/clogging_scan/paper2_localized_release/paper2_local_damage_slab_x012_018_df0p1_n30000_seed908_explicit/paper2_local_damage_slab_x012_018_df0p1_n30000_seed908_explicit_dt5e9_type2_1320000.dump,30000,30000,True,0,27917,1937,146,0.9305666666666668,0.0645666666666666,0.0,0.3407683856103704,0.3946691111111112,0.4115780888888888,0.987891111111111,0.0003426485299666,0.0011078069999999,0.032724015,5.13869,6.6499999999999995,0.06943333333333324,0.5763130222222222,"908 upstream, 30k"
908_high_inventory_dt5e9_to_10ms,paper2_local_damage_slab_x012_018_df0p1_n30000_seed908_explicit,1360000,0.00685,cases/clogging_scan/paper2_localized_release/paper2_local_damage_slab_x012_018_df0p1_n30000_seed908_explicit/paper2_local_damage_slab_x012_018_df0p1_n30000_seed908_explicit_dt5e9_type2_1360000.dump,30000,30000,True,0,27859,2000,141,0.9286333333333332,0.0666666666666666,0.0,0.3410877864881482,0.3949646666666667,0.4120979555555555,0.9976688888888888,0.0003570215694666,0.0011330159999999,0.032753315,5.11765,6.8500000000000005,0.0713666666666668,0.5855709333333333,"908 upstream, 30k"
908_high_inventory_dt5e9_to_10ms,paper2_local_damage_slab_x012_018_df0p1_n30000_seed908_explicit,1420000,0.00715,cases/clogging_scan/paper2_localized_release/paper2_local_damage_slab_x012_018_df0p1_n30000_seed908_explicit/paper2_local_damage_slab_x012_018_df0p1_n30000_seed908_explicit_dt5e9_type2_1420000.dump,30000,30000,True,0,27760,2102,138,0.9253333333333332,0.0700666666666666,0.0,0.341566820242963,0.3954584444444445,0.4129711333333333,0.9933266666666668,0.0003785780884333,0.0011700069999999,0.032799315,5.0862,7.15,0.07466666666666677,0.5803555333333335,"908 upstream, 30k"
908_high_inventory_dt5e9_to_10ms,paper2_local_damage_slab_x012_018_df0p1_n30000_seed908_explicit,1440000,0.00725,cases/clogging_scan/paper2_localized_release/paper2_local_damage_slab_x012_018_df0p1_n30000_seed908_explicit/paper2_local_damage_slab_x012_018_df0p1_n30000_seed908_explicit_dt5e9_type2_1440000.dump,30000,30000,True,0,27730,2132,138,0.9243333333333332,0.0710666666666666,0.0,0.3417271244822222,0.3956011111111111,0.4133311333333333,0.9938666666666668,0.0003857917791999,0.0011816029999999,0.032815215,5.07574,7.25,0.07566666666666677,0.5805355333333335,"908 upstream, 30k"
908_high_inventory_dt5e9_to_10ms,paper2_local_damage_slab_x012_018_df0p1_n30000_seed908_explicit,1480000,0.00745,cases/clogging_scan/paper2_localized_release/paper2_local_damage_slab_x012_018_df0p1_n30000_seed908_explicit/paper2_local_damage_slab_x012_018_df0p1_n30000_seed908_explicit_dt5e9_type2_1480000.dump,30000,30000,True,0,27679,2185,136,0.9226333333333332,0.0728333333333333,0.0,0.342048396642963,0.3959408888888889,0.4139002222222221,0.9949622222222224,0.0004002490264333,0.0012112069999999,0.032847815,5.05488,7.45,0.0773666666666668,0.5810620000000003,"908 upstream, 30k"
908_high_inventory_dt5e9_to_10ms,paper2_local_damage_slab_x012_018_df0p1_n30000_seed908_explicit,1540000,0.00775,cases/clogging_scan/paper2_localized_release/paper2_local_damage_slab_x012_018_df0p1_n30000_seed908_explicit/paper2_local_damage_slab_x012_018_df0p1_n30000_seed908_explicit_dt5e9_type2_1540000.dump,30000,30000,True,0,27571,2295,134,0.9190333333333334,0.0765,0.0,0.342529818814074,0.3963955555555556,0.4146695555555554,0.9966488888888888,0.0004219130241333,0.0012547139999999,0.032898615,5.12857,7.75,0.08096666666666663,0.5819793333333334,"908 upstream, 30k"
908_high_inventory_dt5e9_to_10ms,paper2_local_damage_slab_x012_018_df0p1_n30000_seed908_explicit,1560000,0.00785,cases/clogging_scan/paper2_localized_release/paper2_local_damage_slab_x012_018_df0p1_n30000_seed908_explicit/paper2_local_damage_slab_x012_018_df0p1_n30000_seed908_explicit_dt5e9_type2_1560000.dump,30000,30000,True,0,27535,2331,134,0.9178333333333332,0.0777,0.0,0.3426898130696297,0.3965068888888889,0.4149269333333332,0.9972222222222222,0.0004291127656333,0.0012697479999999,0.032916115,4.81972,7.85,0.08216666666666683,0.582295288888889,"908 upstream, 30k"
908_high_inventory_dt5e9_to_10ms,paper2_local_damage_slab_x012_018_df0p1_n30000_seed908_explicit,1680000,0.00845,cases/clogging_scan/paper2_localized_release/paper2_local_damage_slab_x012_018_df0p1_n30000_seed908_explicit/paper2_local_damage_slab_x012_018_df0p1_n30000_seed908_explicit_dt5e9_type2_1680000.dump,30000,30000,True,0,27354,2516,130,0.9118,0.0838666666666666,0.0,0.343644355124074,0.3974615555555556,0.4164695777777776,0.9979955555555556,0.0004720671580833,0.0013402128999999,0.0334714,4.28541,8.45,0.08819999999999995,0.581525977777778,"908 upstream, 30k"
908_high_inventory_dt5e9_to_10ms,paper2_local_damage_slab_x012_018_df0p1_n30000_seed908_explicit,1720000,0.00865,cases/clogging_scan/paper2_localized_release/paper2_local_damage_slab_x012_018_df0p1_n30000_seed908_explicit/paper2_local_damage_slab_x012_018_df0p1_n30000_seed908_explicit_dt5e9_type2_1720000.dump,30000,30000,True,0,27297,2575,128,0.9099,0.0858333333333333,0.0,0.3439607097001482,0.3978335555555555,0.417109,0.9974644444444444,0.0004863031140066,0.0013742219999999,0.033065815,4.28345,8.65,0.09009999999999996,0.5803554444444443,"908 upstream, 30k"
908_high_inventory_dt5e9_to_10ms,paper2_local_damage_slab_x012_018_df0p1_n30000_seed908_explicit,1800000,0.0090499999999999,cases/clogging_scan/paper2_localized_release/paper2_local_damage_slab_x012_018_df0p1_n30000_seed908_explicit/paper2_local_damage_slab_x012_018_df0p1_n30000_seed908_explicit_dt5e9_type2_1800000.dump,30000,30000,True,0,27160,2713,127,0.9053333333333332,0.0904333333333333,0.0,0.3445954519368888,0.3984488888888889,0.4181247999999999,0.9964844444444444,0.00051486651466,0.0014459209999999,0.033147115,4.27952,9.0499999999999,0.09466666666666679,0.5783596444444445,"908 upstream, 30k"
908_high_inventory_dt5e9_to_10ms,paper2_local_damage_slab_x012_018_df0p1_n30000_seed908_explicit,1840000,0.00925,cases/clogging_scan/paper2_localized_release/paper2_local_damage_slab_x012_018_df0p1_n30000_seed908_explicit/paper2_local_damage_slab_x012_018_df0p1_n30000_seed908_explicit_dt5e9_type2_1840000.dump,30000,30000,True,0,27108,2765,127,0.9036,0.0921666666666666,0.0,0.3449125409562963,0.3988380000000001,0.4186735111111111,0.9960355555555556,0.0005291355205333,0.0014806189999999,0.033189315,4.27756,9.25,0.09640000000000004,0.5773620444444445,"908 upstream, 30k"
908_high_inventory_dt5e9_to_10ms,paper2_local_damage_slab_x012_018_df0p1_n30000_seed908_explicit,1860000,0.0093499999999999,cases/clogging_scan/paper2_localized_release/paper2_local_damage_slab_x012_018_df0p1_n30000_seed908_explicit/paper2_local_damage_slab_x012_018_df0p1_n30000_seed908_explicit_dt5e9_type2_1860000.dump,30000,30000,True,0,27079,2795,126,0.9026333333333332,0.0931666666666666,0.0,0.3450703019429629,0.3989942222222222,0.4189493999999999,0.99582,0.0005362347649333,0.001489603,0.033210815,4.27658,9.3499999999999,0.09736666666666682,0.5768706000000001,"908 upstream, 30k"
908_high_inventory_dt5e9_to_10ms,paper2_local_damage_slab_x012_018_df0p1_n30000_seed908_explicit,1900000,0.00955,cases/clogging_scan/paper2_localized_release/paper2_local_damage_slab_x012_018_df0p1_n30000_seed908_explicit/paper2_local_damage_slab_x012_018_df0p1_n30000_seed908_explicit_dt5e9_type2_1900000.dump,30000,30000,True,0,27007,2866,127,0.9002333333333333,0.0955333333333333,0.0,0.3453855810318519,0.3993446666666667,0.4193980444444444,0.9954133333333336,0.0005504223239333,0.0015123079999999,0.033254515,4.27462,9.549999999999999,0.09976666666666667,0.5760152888888892,"908 upstream, 30k"
908_high_inventory_dt5e9_to_10ms,paper2_local_damage_slab_x012_018_df0p1_n30000_seed908_explicit,1990000,0.01,cases/clogging_scan/paper2_localized_release/paper2_local_damage_slab_x012_018_df0p1_n30000_seed908_explicit/paper2_local_damage_slab_x012_018_df0p1_n30000_seed908_explicit_dt5e9_type2_1990000.dump,30000,30000,True,0,26835,3037,128,0.8945,0.1012333333333333,0.0,0.3460919432666666,0.4002199999999999,0.4201562666666665,0.9945955555555556,0.0005822086244999,0.0016016009999999,0.033356915,4.2702,10.0,0.10550000000000004,0.5744392888888891,"908 upstream, 30k"
