timestep,time_s,retained_count,retained_fraction,cumulative_outlet_count,cumulative_breakthrough_fraction,new_outlet_count,z_mean_m,z_p10_m,z_p50_m,z_p90_m,downward_velocity_mean_m_s
0,0.0,4104,1.0,0,0.0,0,0.022411537719298245,0.01650423,0.0223104,0.02836558,0.020000000000000004
100000,0.09999999999999999,3921,0.9554093567251462,183,0.0445906432748538,183,0.017517093278701865,0.0104293,0.0179781,0.0242256,0.07786030236368757
200000,0.19999999999999998,3267,0.7960526315789473,837,0.20394736842105263,654,0.01475821713660851,0.004941038,0.0140109,0.025636219999999998,0.04457957314334771
300000,0.3,2614,0.6369395711500975,1490,0.36306042884990253,653,0.013587170637758226,0.001426834,0.01172105,0.025660620000000002,0.03654246984897131
400000,0.39999999999999997,2321,0.5655458089668616,1783,0.4344541910331384,293,0.012221121609043515,0.00124643,0.0108892,0.0242102,0.02505051984441232
500000,0.5,2105,0.5129142300194932,1999,0.48708576998050684,216,0.010978473324327791,0.00114973,0.00985431,0.023570360000000002,0.022572378648059856
600000,0.6,1948,0.4746588693957115,2156,0.5253411306042886,157,0.010398952548834701,0.001108292,0.009428124999999999,0.02305995,0.011166198163844817
700000,0.7,1838,0.44785575048732945,2266,0.5521442495126706,110,0.009734274655690968,0.0010925370000000002,0.009311035,0.020900189999999996,0.011010494640574535
800000,0.7999999999999999,1753,0.42714424951267055,2351,0.5728557504873294,85,0.009185239529492299,0.001072534,0.00919544,0.01930606,0.008851002074783799
900000,0.8999999999999999,1701,0.4144736842105263,2403,0.5855263157894737,52,0.008882847233474427,0.00105863,0.00914628,0.0168655,0.006686976727410347
1000000,1.0,1670,0.40692007797270957,2434,0.5930799220272904,31,0.008565578945958083,0.001057928,0.009087185000000001,0.01465797000000002,0.006845751920312216
1100000,1.0999999999999999,1642,0.40009746588693956,2462,0.5999025341130604,28,0.008322726865347138,0.001058562,0.009052945,0.011992870000000001,0.00456304972098386
1200000,1.2,1617,0.39400584795321636,2487,0.6059941520467836,25,0.008087017874768088,0.001058302,0.00900766,0.01189634,0.002388178187829252
1300000,1.3,1595,0.38864522417153996,2509,0.61135477582846,22,0.00783726921090909,0.001057812,0.00890355,0.011819860000000001,0.0035469190865057058
1400000,1.4,1566,0.3815789473684211,2538,0.618421052631579,29,0.0076848762884418895,0.00105702,0.008847285,0.0117627,0.0018904330946089094
1500000,1.5,1538,0.37475633528265107,2566,0.6252436647173489,28,0.00757347404193758,0.001057025,0.00882426,0.01173617,0.000886825903975943
1600000,1.5999999999999999,1531,0.3730506822612086,2573,0.6269493177387915,7,0.007425325934030046,0.00105599,0.00875643,0.0116983,0.0018588932876779298
1700000,1.7,1523,0.37110136452241715,2581,0.6288986354775828,8,0.007330397610965201,0.001056006,0.00871057,0.01166988,-0.001223664455119501
1800000,1.7999999999999998,1516,0.36939571150097467,2588,0.6306042884990254,7,0.007311093129617414,0.001056415,0.0086998,0.0116646,-0.00010124131807018446
1900000,1.9,1513,0.36866471734892786,2591,0.6313352826510721,3,0.007268543945736947,0.001056144,0.00867621,0.01165508,0.00038059624896675485
2000000,2.0,1507,0.3672027290448343,2597,0.6327972709551657,6,0.007222419079097544,0.001056826,0.00867621,0.0116529,0.0004198231864149966
2100000,2.1,1502,0.3659844054580897,2602,0.6340155945419104,5,0.007178891881557922,0.0010560160000000001,0.008630595,0.01162185,-0.00014911310947330226
2200000,2.1999999999999997,1500,0.3654970760233918,2604,0.6345029239766082,2,0.007162550356466666,0.001055949,0.008598045,0.01162051,3.944744564833328e-05
2300000,2.3,1500,0.3654970760233918,2604,0.6345029239766082,0,0.007133449930466666,0.001055936,0.008573795,0.011613390000000001,0.0008875830652439999
2400000,2.4,1500,0.3654970760233918,2604,0.6345029239766082,0,0.007108287342000001,0.001055931,0.008573795,0.01160981,-0.00029901034292580006
2500000,2.5,1499,0.3652534113060429,2605,0.6347465886939572,1,0.007110381000933956,0.001055906,0.00856541,0.0116095,0.0001370782704374916
2600000,2.6,1499,0.3652534113060429,2605,0.6347465886939572,0,0.0070956356399599725,0.00105591,0.00856541,0.01160506,-0.00023768381816110753
2700000,2.6999999999999997,1498,0.36500974658869395,2606,0.634990253411306,1,0.00710327737716956,0.001055901,0.008559170000000001,0.01160517,9.619026114028039e-05
2800000,2.8,1496,0.3645224171539961,2608,0.6354775828460039,2,0.0070739747807954554,0.001055865,0.00854596,0.01160535,0.00045391618474685834
2900000,2.9,1494,0.36403508771929827,2610,0.6359649122807017,2,0.007052822327844712,0.001056068,0.008512475,0.01160307,3.116757654738949e-05
3000000,3.0,1494,0.36403508771929827,2610,0.6359649122807017,0,0.007049442414993306,0.001056078,0.008465225,0.01159672,-1.1934372316184723e-05
3100000,3.0999999999999996,1494,0.36403508771929827,2610,0.6359649122807017,0,0.007043825817737616,0.001056074,0.008465225,0.01159672,0.000382386407561245
3200000,3.1999999999999997,1494,0.36403508771929827,2610,0.6359649122807017,0,0.007044981050736278,0.001056068,0.008465225,0.01159672,0.0003636205849983936
3300000,3.3,1494,0.36403508771929827,2610,0.6359649122807017,0,0.007031867082931726,0.001056047,0.008465225,0.01159672,0.0003738536105542839
3400000,3.4,1493,0.36379142300194933,2611,0.6362085769980507,1,0.007029318038312123,0.001055986,0.00844449,0.01159578,-0.00016675020994835895
3500000,3.5,1493,0.36379142300194933,2611,0.6362085769980507,0,0.007028033351440054,0.00105599,0.00843063,0.01159296,0.0008210026898238447
3600000,3.5999999999999996,1483,0.36135477582846004,2621,0.63864522417154,10,0.00699128478010789,0.001055784,0.00843063,0.01159296,-0.00017441624804418075
3700000,3.6999999999999997,1482,0.3611111111111111,2622,0.6388888888888888,1,0.006985660390148448,0.001055775,0.00842157,0.01158951,-7.713294665377869e-05
3800000,3.8,1482,0.3611111111111111,2622,0.6388888888888888,0,0.006985610093927126,0.001055774,0.00842157,0.01158951,0.00042240087688002694
3900000,3.9,1482,0.3611111111111111,2622,0.6388888888888888,0,0.006985473131039135,0.001055773,0.00842157,0.01158951,4.4677240818960794e-05
4000000,4.0,1482,0.3611111111111111,2622,0.6388888888888888,0,0.006985439902361674,0.001055752,0.00842157,0.01158951,4.494416260392713e-05
4100000,4.1,1482,0.3611111111111111,2622,0.6388888888888888,0,0.006985432634075574,0.001055781,0.00842157,0.01158951,7.718494562719298e-05
4200000,4.2,1482,0.3611111111111111,2622,0.6388888888888888,0,0.006985437064507422,0.00105577,0.00842157,0.01158951,1.1973617780566832e-05
4300000,4.3,1482,0.3611111111111111,2622,0.6388888888888888,0,0.0069854039555330635,0.001055759,0.00842157,0.01158951,0.00015046970865195675
4400000,4.3999999999999995,1482,0.3611111111111111,2622,0.6388888888888888,0,0.006985353325978408,0.0010557779999999998,0.00842157,0.01158951,8.21099138533738e-05
4500000,4.5,1482,0.3611111111111111,2622,0.6388888888888888,0,0.006986425044331984,0.001055767,0.00842157,0.01158951,-0.00034861764200134966
4600000,4.6,1482,0.3611111111111111,2622,0.6388888888888888,0,0.006994085791970311,0.001055748,0.00842157,0.01158951,0.0003490614773075573
4700000,4.7,1482,0.3611111111111111,2622,0.6388888888888888,0,0.006986815699325236,0.001055755,0.00842157,0.01158951,0.0001507499266630566
4800000,4.8,1480,0.36062378167641324,2624,0.6393762183235867,2,0.0069803529732432425,0.001055757,0.008400040000000001,0.01158559,0.00012832083023621617
4900000,4.8999999999999995,1480,0.36062378167641324,2624,0.6393762183235867,0,0.006980408158513513,0.001055723,0.008400040000000001,0.01158559,5.604925212344596e-05
5000000,5.0,1480,0.36062378167641324,2624,0.6393762183235867,0,0.006980405764594595,0.0010557350000000001,0.008400040000000001,0.01158559,9.371853144189194e-05
5100000,5.1,1480,0.36062378167641324,2624,0.6393762183235867,0,0.006980352350472973,0.001055823,0.008400040000000001,0.01158559,0.00013145557655301355
5200000,5.2,1480,0.36062378167641324,2624,0.6393762183235867,0,0.006980369756148649,0.0010557070000000001,0.008400040000000001,0.01158559,0.0001588769224906891
5300000,5.3,1480,0.36062378167641324,2624,0.6393762183235867,0,0.0069803096723648666,0.00105574,0.008400040000000001,0.01158559,-3.484749357349321e-05
5400000,5.3999999999999995,1480,0.36062378167641324,2624,0.6393762183235867,0,0.006980340722229729,0.001055795,0.008400040000000001,0.01158559,1.9314791166756795e-05
5500000,5.5,1480,0.36062378167641324,2624,0.6393762183235867,0,0.006980352743581082,0.001055701,0.008400040000000001,0.01158559,0.00017018560008567565
5600000,5.6,1480,0.36062378167641324,2624,0.6393762183235867,0,0.0069803171383108105,0.001055734,0.008400040000000001,0.01158559,2.955587656648642e-05
5700000,5.7,1480,0.36062378167641324,2624,0.6393762183235867,0,0.006980320096013513,0.001055769,0.008400040000000001,0.01158559,0.00017113308628381076
5800000,5.8,1480,0.36062378167641324,2624,0.6393762183235867,0,0.006980326101756757,0.0010557750000000001,0.008400040000000001,0.01158559,3.430780110717566e-05
5900000,5.8999999999999995,1480,0.36062378167641324,2624,0.6393762183235867,0,0.006980299470945946,0.0010557659999999999,0.008400040000000001,0.01158559,-0.00010761096742755879
6000000,6.0,1480,0.36062378167641324,2624,0.6393762183235867,0,0.0069802560102702705,0.001055768,0.008400040000000001,0.01158559,-0.00040663909850841885
6100000,6.1,1480,0.36062378167641324,2624,0.6393762183235867,0,0.006980350849121622,0.001055754,0.008400040000000001,0.01158559,0.0001499858941283784
6200000,6.199999999999999,1480,0.36062378167641324,2624,0.6393762183235867,0,0.0069803569978378385,0.00105576,0.008400040000000001,0.01158559,8.730916925506754e-05
6300000,6.3,1480,0.36062378167641324,2624,0.6393762183235867,0,0.006980268119662162,0.001055724,0.008400040000000001,0.01158559,0.00018580264454804053
6400000,6.3999999999999995,1480,0.36062378167641324,2624,0.6393762183235867,0,0.006980312993918918,0.0010557490000000001,0.008400040000000001,0.01158559,1.0666781676621552e-05
6500000,6.5,1480,0.36062378167641324,2624,0.6393762183235867,0,0.006980277216824324,0.001055759,0.008400040000000001,0.01158559,-0.00013173225078770264
6600000,6.6,1480,0.36062378167641324,2624,0.6393762183235867,0,0.006980125762770271,0.001055758,0.008400040000000001,0.01158559,-0.00016104120764218248
6700000,6.699999999999999,1480,0.36062378167641324,2624,0.6393762183235867,0,0.006980306479662162,0.001055758,0.008400040000000001,0.01158559,0.00034462373049074315
6800000,6.8,1480,0.36062378167641324,2624,0.6393762183235867,0,0.006980158775,0.001055723,0.008400040000000001,0.01158559,0.00033204853348360066
6900000,6.8999999999999995,1480,0.36062378167641324,2624,0.6393762183235867,0,0.006980183290608108,0.001055738,0.008400040000000001,0.01158559,0.00035401806840736484
7000000,7.0,1480,0.36062378167641324,2624,0.6393762183235867,0,0.006980186653108108,0.001055719,0.008400040000000001,0.01158559,9.974639612945942e-05
7100000,7.1,1480,0.36062378167641324,2624,0.6393762183235867,0,0.006980127959527027,0.001055729,0.008400040000000001,0.01158559,-6.4890910087027e-05
7200000,7.199999999999999,1480,0.36062378167641324,2624,0.6393762183235867,0,0.006979940898108107,0.0010557370000000002,0.008400040000000001,0.01158559,-0.00012882632107148647
7300000,7.3,1480,0.36062378167641324,2624,0.6393762183235867,0,0.00697992302222973,0.001055718,0.008400040000000001,0.01158559,-0.00025981194034479735
7400000,7.3999999999999995,1480,0.36062378167641324,2624,0.6393762183235867,0,0.006979726982499999,0.001055718,0.008400040000000001,0.01158559,8.013512919701023e-05
7500000,7.5,1480,0.36062378167641324,2624,0.6393762183235867,0,0.006979638590878379,0.001055736,0.008400040000000001,0.01158559,5.3334480613378395e-05
7600000,7.6,1480,0.36062378167641324,2624,0.6393762183235867,0,0.006979509671486488,0.001055728,0.008400040000000001,0.01158559,-0.00019417229732220266
7700000,7.699999999999999,1480,0.36062378167641324,2624,0.6393762183235867,0,0.00697949651,0.0010557,0.008400040000000001,0.01158559,-3.300998797426353e-05
7800000,7.8,1480,0.36062378167641324,2624,0.6393762183235867,0,0.0069794737692567554,0.0010557370000000002,0.008400040000000001,0.01158559,5.791153434510808e-05
7900000,7.8999999999999995,1480,0.36062378167641324,2624,0.6393762183235867,0,0.0069794920118918915,0.001055734,0.008400040000000001,0.01158559,-0.0001897898936253379
8000000,8.0,1480,0.36062378167641324,2624,0.6393762183235867,0,0.006979510119932433,0.001055744,0.008400040000000001,0.01158559,0.00032379196059006754
8100000,8.1,1480,0.36062378167641324,2624,0.6393762183235867,0,0.006979505300405405,0.001055717,0.008400040000000001,0.01158559,0.00011109064943783792
8200000,8.2,1480,0.36062378167641324,2624,0.6393762183235867,0,0.006979497370945946,0.001055734,0.008400040000000001,0.01158559,7.588107103837843e-05
8300000,8.299999999999999,1480,0.36062378167641324,2624,0.6393762183235867,0,0.006979339147499999,0.001055716,0.008400040000000001,0.01158559,-1.5855877826510148e-05
8400000,8.4,1480,0.36062378167641324,2624,0.6393762183235867,0,0.0069793598158108105,0.001055716,0.008400040000000001,0.01158559,-0.00019424482537314862
8500000,8.5,1480,0.36062378167641324,2624,0.6393762183235867,0,0.006979370047297298,0.001055744,0.008400040000000001,0.01158559,-0.0002610926487068919
8600000,8.6,1480,0.36062378167641324,2624,0.6393762183235867,0,0.006979374162297296,0.001055715,0.008400040000000001,0.01158559,-0.00024303639642057765
8700000,8.7,1480,0.36062378167641324,2624,0.6393762183235867,0,0.006979423816891893,0.0010557420000000001,0.008400040000000001,0.01158559,0.00036517675974091215
8800000,8.799999999999999,1480,0.36062378167641324,2624,0.6393762183235867,0,0.006979419066418919,0.001055715,0.008400040000000001,0.01158559,5.1562524576310774e-05
8900000,8.9,1480,0.36062378167641324,2624,0.6393762183235867,0,0.006979328855743243,0.001055723,0.008400040000000001,0.01158559,0.0001707137664985135
9000000,9.0,1480,0.36062378167641324,2624,0.6393762183235867,0,0.00697944970277027,0.001055705,0.008400040000000001,0.01158559,-4.2113550473723e-05
9100000,9.1,1480,0.36062378167641324,2624,0.6393762183235867,0,0.00697932992527027,0.001055731,0.008400040000000001,0.01158559,0.0008763448569668245
9200000,9.2,1480,0.36062378167641324,2624,0.6393762183235867,0,0.006980210229324324,0.001055697,0.008400040000000001,0.01158559,-6.699633113243243e-05
9300000,9.299999999999999,1480,0.36062378167641324,2624,0.6393762183235867,0,0.006980269975270271,0.001055705,0.008400040000000001,0.01158559,-1.0297651245006756e-05
9400000,9.4,1480,0.36062378167641324,2624,0.6393762183235867,0,0.006980272531351351,0.001055722,0.008400040000000001,0.01158559,-6.259246651689189e-05
9500000,9.5,1480,0.36062378167641324,2624,0.6393762183235867,0,0.006980235628918919,0.001055604,0.008400040000000001,0.01158559,0.0001293599870862162
9600000,9.6,1480,0.36062378167641324,2624,0.6393762183235867,0,0.006980271633040539,0.001055694,0.008400040000000001,0.01158559,-4.958131773189189e-05
9700000,9.7,1480,0.36062378167641324,2624,0.6393762183235867,0,0.006980258997972973,0.001055713,0.008400040000000001,0.01158559,-7.671722509549189e-05
9800000,9.799999999999999,1480,0.36062378167641324,2624,0.6393762183235867,0,0.00698023978222973,0.001055703,0.008400040000000001,0.01158559,-9.357530191568243e-05
9900000,9.9,1480,0.36062378167641324,2624,0.6393762183235867,0,0.006980279427567567,0.001055704,0.008400040000000001,0.01158559,-5.1013451794763514e-05
10000000,10.0,1480,0.36062378167641324,2624,0.6393762183235867,0,0.006980240403513512,0.001055713,0.008400040000000001,0.01158559,-0.00017179586088398647
10100000,10.1,1480,0.36062378167641324,2624,0.6393762183235867,0,0.006980164390337838,0.001055694,0.008400040000000001,0.01158559,-0.00010424689142824325
10200000,10.2,1480,0.36062378167641324,2624,0.6393762183235867,0,0.006980219464121622,0.001055692,0.008400040000000001,0.01158559,0.00011360444115360812
10300000,10.299999999999999,1480,0.36062378167641324,2624,0.6393762183235867,0,0.006980163359662162,0.0010557020000000002,0.008400040000000001,0.01158559,-7.256909885366216e-05
10400000,10.4,1480,0.36062378167641324,2624,0.6393762183235867,0,0.006980180083918919,0.001055692,0.008400040000000001,0.01158559,3.268006802537838e-05
10500000,10.5,1480,0.36062378167641324,2624,0.6393762183235867,0,0.006980193794189189,0.0010557000000000001,0.008400040000000001,0.01158559,1.7284691681189188e-05
10600000,10.6,1480,0.36062378167641324,2624,0.6393762183235867,0,0.006980183116891892,0.00105571,0.008400040000000001,0.01158559,-0.00014729580021405407
10700000,10.7,1480,0.36062378167641324,2624,0.6393762183235867,0,0.006980223668918919,0.0010557000000000001,0.008400040000000001,0.01158559,-4.784922104628379e-05
10800000,10.799999999999999,1480,0.36062378167641324,2624,0.6393762183235867,0,0.006980236863783784,0.001055681,0.008400040000000001,0.01158559,0.00014690625527741892
10900000,10.9,1480,0.36062378167641324,2624,0.6393762183235867,0,0.006980170672364865,0.001055699,0.008400040000000001,0.01158559,0.0001303358620070135
11000000,11.0,1480,0.36062378167641324,2624,0.6393762183235867,0,0.006980190480675675,0.001055699,0.008400040000000001,0.01158559,0.0001965556186887027
11100000,11.1,1480,0.36062378167641324,2624,0.6393762183235867,0,0.006980151975540541,0.0010557000000000001,0.008400040000000001,0.01158559,-6.384284631691216e-05
11200000,11.2,1480,0.36062378167641324,2624,0.6393762183235867,0,0.006980160983378379,0.001055699,0.008400040000000001,0.01158559,-0.00016298032716531758
11300000,11.299999999999999,1480,0.36062378167641324,2624,0.6393762183235867,0,0.006980236046351351,0.001055698,0.008400040000000001,0.01158559,9.796091733741216e-05
11400000,11.4,1480,0.36062378167641324,2624,0.6393762183235867,0,0.006980151052972973,0.00105568,0.008400040000000001,0.01158559,2.976782805314189e-05
11500000,11.5,1480,0.36062378167641324,2624,0.6393762183235867,0,0.006980186271283784,0.0010556889999999998,0.008400040000000001,0.01158559,-0.00011978697485729728
11600000,11.6,1480,0.36062378167641324,2624,0.6393762183235867,0,0.006980186589054054,0.001055707,0.008400040000000001,0.01158559,-3.475183424427702e-05
11700000,11.7,1480,0.36062378167641324,2624,0.6393762183235867,0,0.00698016985222973,0.00105568,0.008400040000000001,0.01158559,1.3552865736283782e-05
11800000,11.799999999999999,1480,0.36062378167641324,2624,0.6393762183235867,0,0.006980167998310811,0.001055617,0.008400040000000001,0.01158559,-0.00013873110133812163
11900000,11.899999999999999,1480,0.36062378167641324,2624,0.6393762183235867,0,0.006980210315135135,0.001055699,0.008400040000000001,0.01158559,4.787778993478378e-05
12000000,12.0,1480,0.36062378167641324,2624,0.6393762183235867,0,0.006980196220675676,0.001055669,0.008400040000000001,0.01158559,8.632220133837837e-05
12100000,12.1,1480,0.36062378167641324,2624,0.6393762183235867,0,0.006980258967229729,0.001055688,0.008400040000000001,0.01158559,-7.531770637263512e-06
12200000,12.2,1480,0.36062378167641324,2624,0.6393762183235867,0,0.006980270424729729,0.001055706,0.008400040000000001,0.01158559,3.908837654594595e-05
12300000,12.299999999999999,1480,0.36062378167641324,2624,0.6393762183235867,0,0.006980195614256757,0.001055677,0.008400040000000001,0.01158559,7.227302396831082e-05
12400000,12.399999999999999,1480,0.36062378167641324,2624,0.6393762183235867,0,0.006980239197635135,0.001055688,0.008400040000000001,0.01158559,-0.0001012466327612162
12500000,12.5,1480,0.36062378167641324,2624,0.6393762183235867,0,0.0069802553090540535,0.001055697,0.008400040000000001,0.01158559,-0.00016040244648751352
12600000,12.6,1480,0.36062378167641324,2624,0.6393762183235867,0,0.0069802317746621625,0.001055679,0.008400040000000001,0.01158559,7.52100487381081e-05
12700000,12.7,1480,0.36062378167641324,2624,0.6393762183235867,0,0.0069802559758783776,0.001055687,0.008400040000000001,0.01158559,7.809614145056082e-05
12800000,12.799999999999999,1480,0.36062378167641324,2624,0.6393762183235867,0,0.00698022948331081,0.001055696,0.008400040000000001,0.01158559,5.0333619721567575e-05
12900000,12.899999999999999,1480,0.36062378167641324,2624,0.6393762183235867,0,0.006980209908581081,0.001055677,0.008400040000000001,0.01158559,-9.63680830995946e-05
13000000,13.0,1480,0.36062378167641324,2624,0.6393762183235867,0,0.006980231614932431,0.001055686,0.008400040000000001,0.01158559,-4.829057593014865e-05
13100000,13.1,1480,0.36062378167641324,2624,0.6393762183235867,0,0.006980235166824323,0.001055705,0.008400040000000001,0.01158559,-1.4746271368918922e-05
13200000,13.2,1480,0.36062378167641324,2624,0.6393762183235867,0,0.006980183063175676,0.001055686,0.008400040000000001,0.01158559,4.517290304702703e-05
13300000,13.299999999999999,1480,0.36062378167641324,2624,0.6393762183235867,0,0.006980203163175675,0.001055687,0.008400040000000001,0.01158559,2.5757582901959462e-05
13400000,13.399999999999999,1480,0.36062378167641324,2624,0.6393762183235867,0,0.006980151353108108,0.001055696,0.008400040000000001,0.01158559,-0.00014652147613425677
13500000,13.5,1480,0.36062378167641324,2624,0.6393762183235867,0,0.0069801622405405404,0.001055675,0.008400040000000001,0.01158559,0.00024345388835925674
13600000,13.6,1480,0.36062378167641324,2624,0.6393762183235867,0,0.006980241830608109,0.001055685,0.008400040000000001,0.01158559,-3.855898805277027e-05
13700000,13.7,1480,0.36062378167641324,2624,0.6393762183235867,0,0.006980158560608108,0.001055686,0.008400040000000001,0.01158559,-0.00014000816171699324
13800000,13.799999999999999,1480,0.36062378167641324,2624,0.6393762183235867,0,0.006980183141824324,0.001055686,0.008400040000000001,0.01158559,-7.127258920067568e-05
13900000,13.899999999999999,1480,0.36062378167641324,2624,0.6393762183235867,0,0.006980181721756756,0.001055677,0.008400040000000001,0.01158559,-2.2990985549344593e-05
14000000,14.0,1480,0.36062378167641324,2624,0.6393762183235867,0,0.0069801647642567565,0.001055694,0.008400040000000001,0.01158559,3.4565743805202704e-05
14100000,14.1,1480,0.36062378167641324,2624,0.6393762183235867,0,0.006980184480405405,0.001055683,0.008400040000000001,0.01158559,0.00010713240926547296
14200000,14.2,1480,0.36062378167641324,2624,0.6393762183235867,0,0.006980195230135135,0.001055674,0.008400040000000001,0.01158559,-2.208071485841892e-05
14300000,14.299999999999999,1480,0.36062378167641324,2624,0.6393762183235867,0,0.006980195543378378,0.001055685,0.008400040000000001,0.01158559,-7.44813667342027e-05
14400000,14.399999999999999,1480,0.36062378167641324,2624,0.6393762183235867,0,0.0069802666910135135,0.001055675,0.008400040000000001,0.01158559,-7.29263506027027e-05
14500000,14.5,1480,0.36062378167641324,2624,0.6393762183235867,0,0.006980246111418918,0.0010556650000000001,0.008400040000000001,0.01158559,-6.980581879324325e-05
14600000,14.6,1480,0.36062378167641324,2624,0.6393762183235867,0,0.006980176392702703,0.001055677,0.008400040000000001,0.01158559,-0.00016369720908520268
14700000,14.7,1480,0.36062378167641324,2624,0.6393762183235867,0,0.006980230628175676,0.0010556839999999999,0.008400040000000001,0.01158559,1.5612887635270267e-05
14800000,14.799999999999999,1480,0.36062378167641324,2624,0.6393762183235867,0,0.006980231864054055,0.001055675,0.008400040000000001,0.01158559,-6.316163047333783e-05
14900000,14.899999999999999,1480,0.36062378167641324,2624,0.6393762183235867,0,0.00698014657608108,0.001055683,0.008400040000000001,0.01158559,2.288871515202703e-05
15000000,15.0,1480,0.36062378167641324,2624,0.6393762183235867,0,0.006980201492027027,0.0010556819999999998,0.008400040000000001,0.01158559,5.609459168837838e-05
15100000,15.1,1480,0.36062378167641324,2624,0.6393762183235867,0,0.006980194570945945,0.001055664,0.008400040000000001,0.01158559,3.6441998877635125e-05
15200000,15.2,1480,0.36062378167641324,2624,0.6393762183235867,0,0.006980198451148649,0.0010556650000000001,0.008400040000000001,0.01158559,5.4032299048236485e-05
15300000,15.299999999999999,1480,0.36062378167641324,2624,0.6393762183235867,0,0.00698019042972973,0.001055692,0.008400040000000001,0.01158559,2.590487419398648e-05
15400000,15.399999999999999,1480,0.36062378167641324,2624,0.6393762183235867,0,0.006980175152094595,0.0010556650000000001,0.008400040000000001,0.01158559,-3.616595546135135e-05
15500000,15.5,1480,0.36062378167641324,2624,0.6393762183235867,0,0.006980147647702702,0.001055673,0.008400040000000001,0.01158559,3.753579155364865e-05
15600000,15.6,1480,0.36062378167641324,2624,0.6393762183235867,0,0.006980186585608108,0.0010556819999999998,0.008400040000000001,0.01158559,-7.50221482277973e-05
15700000,15.7,1480,0.36062378167641324,2624,0.6393762183235867,0,0.0069801524099324325,0.001055656,0.008400040000000001,0.01158559,8.977594123527027e-05
15800000,15.799999999999999,1480,0.36062378167641324,2624,0.6393762183235867,0,0.006980137424189189,0.001055674,0.008400040000000001,0.01158559,-8.206419642653378e-05
15900000,15.899999999999999,1480,0.36062378167641324,2624,0.6393762183235867,0,0.006980196296891891,0.0010556839999999999,0.008400040000000001,0.01158559,0.00011932055667905407
16000000,16.0,1480,0.36062378167641324,2624,0.6393762183235867,0,0.006980136665135135,0.0010556530000000001,0.008400040000000001,0.01158559,2.9979806177898654e-05
16100000,16.099999999999998,1480,0.36062378167641324,2624,0.6393762183235867,0,0.006980153889527027,0.001055674,0.008400040000000001,0.01158559,-0.00010111981717952703
16200000,16.2,1480,0.36062378167641324,2624,0.6393762183235867,0,0.006980192651283783,0.001055683,0.008400040000000001,0.01158559,0.0002804126597915473
16300000,16.3,1480,0.36062378167641324,2624,0.6393762183235867,0,0.006980160041824324,0.0010556650000000001,0.008400040000000001,0.01158559,2.3519160697432435e-05
16400000,16.4,1480,0.36062378167641324,2624,0.6393762183235867,0,0.006980157856959459,0.001055666,0.008400040000000001,0.01158559,-7.913309523993244e-05
16500000,16.5,1480,0.36062378167641324,2624,0.6393762183235867,0,0.006980163851959461,0.0010556819999999998,0.008400040000000001,0.01158559,0.0002046770240666892
16600000,16.599999999999998,1480,0.36062378167641324,2624,0.6393762183235867,0,0.0069801585625,0.001055674,0.008400040000000001,0.01158559,6.105060389425676e-05
16700000,16.7,1480,0.36062378167641324,2624,0.6393762183235867,0,0.006980174509121621,0.001055656,0.008400040000000001,0.01158559,-2.474355542202703e-05
16800000,16.8,1480,0.36062378167641324,2624,0.6393762183235867,0,0.006980162298581081,0.001055674,0.008400040000000001,0.01158559,0.00016037079697432433
16900000,16.9,1480,0.36062378167641324,2624,0.6393762183235867,0,0.006980167077297298,0.001055683,0.008400040000000001,0.01158559,0.0001407003742426892
17000000,17.0,1480,0.36062378167641324,2624,0.6393762183235867,0,0.006980207428445946,0.001055659,0.008400040000000001,0.01158559,-6.645775549756757e-05
17100000,17.099999999999998,1480,0.36062378167641324,2624,0.6393762183235867,0,0.006980199483716215,0.001055675,0.008400040000000001,0.01158559,7.539620249283784e-05
17200000,17.2,1480,0.36062378167641324,2624,0.6393762183235867,0,0.006980114843445947,0.001055673,0.008400040000000001,0.01158559,-2.1016387360675674e-05
17300000,17.3,1480,0.36062378167641324,2624,0.6393762183235867,0,0.006980173490337838,0.0010556580000000001,0.008400040000000001,0.01158559,-9.958280401621622e-06
17400000,17.4,1480,0.36062378167641324,2624,0.6393762183235867,0,0.006980174454256757,0.001055674,0.008400040000000001,0.01158559,0.00010857750278722974
17500000,17.5,1480,0.36062378167641324,2624,0.6393762183235867,0,0.006980164949324324,0.001055664,0.008400040000000001,0.01158559,8.514981961346623e-05
17600000,17.599999999999998,1480,0.36062378167641324,2624,0.6393762183235867,0,0.0069801537508108105,0.001055645,0.008400040000000001,0.01158559,-0.00012511870846067567
17700000,17.7,1480,0.36062378167641324,2624,0.6393762183235867,0,0.006980123949054053,0.001055656,0.008400040000000001,0.01158559,8.098461241925675e-06
17800000,17.8,1480,0.36062378167641324,2624,0.6393762183235867,0,0.006980164213040541,0.001055674,0.008400040000000001,0.01158559,-0.00023539576340135133
17900000,17.9,1480,0.36062378167641324,2624,0.6393762183235867,0,0.006980151615675676,0.001055657,0.008400040000000001,0.01158559,-7.695857095554054e-05
18000000,18.0,1480,0.36062378167641324,2624,0.6393762183235867,0,0.006980115335608108,0.001055674,0.008400040000000001,0.01158559,0.00010015332860527026
18100000,18.099999999999998,1480,0.36062378167641324,2624,0.6393762183235867,0,0.006980179242837839,0.001055675,0.008400040000000001,0.01158559,-2.4194211191756756e-05
18200000,18.2,1480,0.36062378167641324,2624,0.6393762183235867,0,0.006980219794324324,0.001055656,0.008400040000000001,0.01158559,-6.327825353816892e-05
18300000,18.3,1480,0.36062378167641324,2624,0.6393762183235867,0,0.006980148655067569,0.0010556650000000001,0.008400040000000001,0.01158559,-2.940073898135135e-05
18400000,18.4,1480,0.36062378167641324,2624,0.6393762183235867,0,0.006980177507702702,0.001055675,0.008400040000000001,0.01158559,-0.00021069726240716214
18500000,18.5,1480,0.36062378167641324,2624,0.6393762183235867,0,0.006980208241756757,0.001055648,0.008400040000000001,0.01158559,0.00010833823578601351
18600000,18.599999999999998,1480,0.36062378167641324,2624,0.6393762183235867,0,0.0069801195230405405,0.001055657,0.008400040000000001,0.01158559,-8.181281246993242e-05
18700000,18.7,1480,0.36062378167641324,2624,0.6393762183235867,0,0.006980221793851352,0.001055675,0.008400040000000001,0.01158559,-0.00012886631067945945
18800000,18.8,1480,0.36062378167641324,2624,0.6393762183235867,0,0.006980214561689188,0.001055657,0.008400040000000001,0.01158559,-6.11326893545946e-05
18900000,18.9,1480,0.36062378167641324,2624,0.6393762183235867,0,0.00698014951168919,0.001055656,0.008400040000000001,0.01158559,2.9443675709189186e-05
19000000,19.0,1480,0.36062378167641324,2624,0.6393762183235867,0,0.006980180778175676,0.001055674,0.008400040000000001,0.01158559,-6.392571054127703e-05
19100000,19.099999999999998,1480,0.36062378167641324,2624,0.6393762183235867,0,0.00698020645554054,0.001055648,0.008400040000000001,0.01158559,-0.00018640854125682435
19200000,19.2,1480,0.36062378167641324,2624,0.6393762183235867,0,0.006980195627297298,0.001055656,0.008400040000000001,0.01158559,1.3952302070270269e-05
19300000,19.3,1480,0.36062378167641324,2624,0.6393762183235867,0,0.006980213375,0.0010556839999999999,0.008400040000000001,0.01158559,-9.808252839876352e-05
19400000,19.4,1480,0.36062378167641324,2624,0.6393762183235867,0,0.006980189110270271,0.001055648,0.008400040000000001,0.01158559,1.1784029217581082e-05
19500000,19.5,1480,0.36062378167641324,2624,0.6393762183235867,0,0.0069801039375675675,0.001055647,0.008400040000000001,0.01158559,6.414379064790541e-05
19600000,19.599999999999998,1480,0.36062378167641324,2624,0.6393762183235867,0,0.006980138050270269,0.001055666,0.008400040000000001,0.01158559,-0.00010201856027486487
19700000,19.7,1480,0.36062378167641324,2624,0.6393762183235867,0,0.006980162228243244,0.001055647,0.008400040000000001,0.01158559,0.0001310182312358108
19800000,19.8,1480,0.36062378167641324,2624,0.6393762183235867,0,0.006980136331824324,0.001055648,0.008400040000000001,0.01158559,-1.993995960481081e-05
19900000,19.9,1480,0.36062378167641324,2624,0.6393762183235867,0,0.006980229741621622,0.001055666,0.008400040000000001,0.01158559,3.220577028362837e-05
20000000,20.0,1480,0.36062378167641324,2624,0.6393762183235867,0,0.006980203126824324,0.001055648,0.008400040000000001,0.01158559,8.034166637540541e-05
