ix,iy,iz,resolved_x_center_m,unresolved_x_center_m,y_center_m,z_center_m,resolved_fluid_volume_m3,resolved_epsilon,unresolved_epsilon_raw,unresolved_epsilon_drag_used,resolved_ux_m_per_s,resolved_uy_m_per_s,resolved_uz_m_per_s,resolved_mean_umag_m_per_s,resolved_ux_std_within_bin_m_per_s,unresolved_ux_m_per_s,unresolved_uy_m_per_s,unresolved_uz_m_per_s,resolved_qx_m_per_s,unresolved_qx_m_per_s,resolved_p_m2_per_s2,unresolved_p_m2_per_s2
0,0,0,0.0034999999999999996,0.026250000000000002,0.00125,0.0013,6.834370787297593e-09,0.420576663833698,0.43668,0.43668,0.29393657139071977,7.0394936252017e-05,0.016814269400920557,0.3673794250400356,0.2585029459122016,0.358859,0.0118712,0.00128698,0.12362286257422453,0.15670654,118.44963014751227,143.544
0,0,1,0.0034999999999999996,0.026250000000000002,0.00125,0.0039,6.160296801173291e-09,0.37909518776451023,0.402236,0.402236,0.2935896870776754,-0.0032047001548881687,0.013315731443451835,0.37297780749723064,0.24461982100169122,0.250762,0.012121,0.018489,0.11129843754843516,0.1008655,116.13599486817888,143.39
0,0,2,0.0034999999999999996,0.026250000000000002,0.00125,0.0065,6.0524442696745855e-09,0.3724581089030514,0.386681,0.4,0.27618422754421407,-0.024837624643891967,0.06457413004904394,0.36519072467948405,0.24299363762187634,0.23032,-0.00217946,0.0153581,0.10286705509996802,0.089060366,108.41441309608534,140.347
0,0,3,0.0034999999999999996,0.026250000000000002,0.00125,0.0091,5.696594016204448e-09,0.35055963176642757,0.353349,0.4,0.20492441343749998,-0.014294601665515294,0.05717277008727139,0.2725933859426919,0.1915279418928225,0.219398,0.0033391,0.00947386,0.07183822691460115,0.077524066,98.54823356588996,140.353
0,0,4,0.0034999999999999996,0.026250000000000002,0.00125,0.011699999999999999,7.396150067039829e-09,0.4551476964332203,0.483346,0.483346,0.3777048096254275,0.005216984968630235,0.04733794383035731,0.4625817992734247,0.42278505282073436,0.545462,-0.00191832,0.0235031,0.17191147403276133,0.26364687,86.76751042125139,138.301
0,1,0,0.0034999999999999996,0.026250000000000002,0.00375,0.0013,6.036444123136518e-09,0.37147348450070883,0.366682,0.4,0.24608864906307235,0.01579657221425422,-0.006546583647964579,0.31231147485320015,0.2335330552397532,0.215648,0.00407178,0.00392292,0.09141540796353158,0.079074234,119.3358793991095,142.171
0,1,1,0.0034999999999999996,0.026250000000000002,0.00375,0.0039,5.784888789111984e-09,0.3559931562530452,0.346682,0.4,0.2414594594286801,0.00016794589008995508,0.019610581368751597,0.3136279124832543,0.22800419748575995,0.0905999,0.00415204,0.00284684,0.08595791506916994,0.031409357,116.20719966166156,141.369
0,1,2,0.0034999999999999996,0.026250000000000002,0.00375,0.0065,5.473184747108116e-09,0.3368113690528071,0.402236,0.402236,0.2125995042420051,0.007235596974271448,0.038865620218487676,0.28101074265033865,0.1898901114390844,0.188961,-0.00361807,0.00732934,0.07160593008369781,0.07600692,109.80655792163199,140.765
0,1,3,0.0034999999999999996,0.026250000000000002,0.00375,0.0091,5.759704015810438e-09,0.3544433240498731,0.378904,0.4,0.22655159103331557,-0.001600124038691714,0.07300394657281482,0.3040625607411464,0.21216257724210721,0.139169,0.00212253,0.00674309,0.0802996989946358,0.05273169,100.729645478815,139.653
0,1,4,0.0034999999999999996,0.026250000000000002,0.00375,0.011699999999999999,6.900742015855576e-09,0.4246610471295739,0.431125,0.431125,0.3539702283167321,-0.033441474070439785,0.05825369633552437,0.42715093225379275,0.35720426271119954,0.31506,-0.000186453,0.00768442,0.1503173678096778,0.13583024,86.95630106287693,138.463
0,2,0,0.0034999999999999996,0.026250000000000002,0.00625,0.0013,6.4260750310019575e-09,0.39545077113858207,0.438902,0.438902,0.29639020414841144,0.014930138334948256,-0.02674965888252707,0.37873432842867627,0.2451588464866828,0.306061,0.0110489,0.00947711,0.11720773478841107,0.13433078,114.64584814880695,142.747
0,2,1,0.0034999999999999996,0.026250000000000002,0.00625,0.0039,5.451852733214072e-09,0.33549862973625066,0.442235,0.442235,0.23044626668065393,0.0041831976909964515,0.02579696405747786,0.3052504055976469,0.21515020416885908,0.203084,4.29594e-05,0.00747268,0.077314406699194,0.089810856,112.83482637811717,141.414
0,2,2,0.0034999999999999996,0.026250000000000002,0.00625,0.0065,5.3134815985861745e-09,0.3269834829899185,0.357793,0.4,0.2222473234738197,-0.008043647601517627,0.04739811448129186,0.2904392541075953,0.21688990109433118,0.162324,-0.00238609,0.00635216,0.07267120391465663,0.05807839,108.17000840378746,141.163
0,2,3,0.0034999999999999996,0.026250000000000002,0.00625,0.0091,5.4660759053429094e-09,0.336373901867256,0.357793,0.4,0.19975867330282723,-0.0009569543094373405,0.06577152367239257,0.2693480468248807,0.17884281985807318,0.15152,-0.00107249,0.00917719,0.06719360437069846,0.054212794,97.83522932544689,139.655
0,2,4,0.0034999999999999996,0.026250000000000002,0.00625,0.011699999999999999,5.9807433650507076e-09,0.3680457455415821,0.361126,0.4,0.30458866193492173,-0.011788359205793892,0.04403735088357696,0.3765537140602948,0.3001410234160945,0.204047,-0.00658003,0.00552451,0.11210256116535118,0.073686674,86.1263031903978,138.325
0,3,0,0.0034999999999999996,0.026250000000000002,0.00875,0.0013,6.45066568684332e-09,0.3969640422672811,0.397792,0.4,0.26095476129322914,-0.0027786491047985815,0.00013808550574833327,0.340035715210312,0.22466171249629868,0.261283,0.00285962,-0.0039085,0.10358965689185366,0.10393629,113.37905584084936,140.679
0,3,1,0.0034999999999999996,0.026250000000000002,0.00875,0.0039,5.50725847161906e-09,0.3389082136380959,0.301128,0.4,0.22238081284420538,0.011651757809831773,-0.03767654173144347,0.29640144179900796,0.19925723943995574,0.117636,-0.000560736,-0.00177817,0.07536668402841738,0.035423495,115.32615821773236,141.361
0,3,2,0.0034999999999999996,0.026250000000000002,0.00875,0.0065,5.5531837040442514e-09,0.3417343817873385,0.351126,0.4,0.23227987550107843,0.02207271805658815,0.029235251653947098,0.30506225394500375,0.22129494724974103,0.181512,0.0026495,0.00544116,0.07937801965600098,0.06373358,108.34082556128409,141.4
0,3,3,0.0034999999999999996,0.026250000000000002,0.00875,0.0091,5.916147477754543e-09,0.3640706140156641,0.372237,0.4,0.19614869949300887,-0.012417566734152228,0.07020252340104038,0.27156250326350784,0.1914706636500038,0.1432,4.71763e-05,0.00432239,0.07141197746279372,0.053304337,95.87770732975054,139.973
0,3,4,0.0034999999999999996,0.026250000000000002,0.00875,0.011699999999999999,6.882963356998993e-09,0.42356697581532254,0.473346,0.473346,0.359586987241028,0.008765129264027744,0.07040977377796893,0.4347478850016603,0.41813281032300814,0.388596,-0.0045987,-6.03834e-05,0.1523091727282252,0.18394037,85.42072995930164,139.986
0,4,0,0.0034999999999999996,0.026250000000000002,0.01125,0.0013,6.0008889368220786e-09,0.36928547303520476,0.347793,0.4,0.2654086479627163,0.0075120863957245715,0.004717490834777269,0.32745388242845175,0.2368525836343686,0.212686,-0.0116404,0.0029888,0.09801155811054582,0.073970705,113.62602190923883,142.268
0,4,1,0.0034999999999999996,0.026250000000000002,0.01125,0.0039,5.697185502354782e-09,0.3505960309141404,0.353349,0.4,0.25241486596991924,0.028896756484511517,-7.207295567555806e-05,0.32509789492066615,0.216463933582739,0.115757,-0.00241788,0.00443577,0.08849565015277841,0.040902622,112.20880221229025,141.632
0,4,2,0.0034999999999999996,0.026250000000000002,0.01125,0.0065,6.082370380244417e-09,0.3742997157073487,0.382237,0.4,0.22635150482740285,0.011842307583542955,0.06711301098272784,0.3066630753150581,0.22102331948985213,0.18204,0.00316504,0.00793002,0.08472330390682746,0.069582425,105.84631127916582,140.51
0,4,3,0.0034999999999999996,0.026250000000000002,0.01125,0.0091,5.43140833294083e-09,0.33424051279635875,0.343349,0.4,0.19755958403938811,-0.003389088560056484,0.08965698974615989,0.2875125913083127,0.20886544873662782,0.101284,0.000917451,0.00350375,0.06603241667716041,0.03477576,97.23451130892406,139.64
0,4,4,0.0034999999999999996,0.026250000000000002,0.01125,0.011699999999999999,7.50844683940688e-09,0.4620582670404233,0.476679,0.476679,0.34119564596499796,0.05753612404356521,0.07001618032381451,0.4208544624151318,0.3647622302307001,0.401575,0.0179061,0.00670941,0.15765226889632475,0.19142237,81.70707975158692,138.852
0,5,0,0.0034999999999999996,0.026250000000000002,0.01375,0.0013,6.952295139306295e-09,0.4278335470342338,0.441124,0.441124,0.27783012181225997,-0.0023813923356383283,0.01857068156876874,0.3422201230898583,0.23993190874760423,0.381272,-0.00721108,0.00681281,0.11886504648789244,0.16818821,110.74184781919816,143.063
0,5,1,0.0034999999999999996,0.026250000000000002,0.01375,0.0039,6.374516732212092e-09,0.3922779527515136,0.415569,0.415569,0.2752620658051614,-0.0017023693237915045,0.02666826723742454,0.3432526737977618,0.25116861531857704,0.264825,-0.00402356,0.014414,0.10797923964420113,0.110053055,107.76324882351932,142.283
0,5,2,0.0034999999999999996,0.026250000000000002,0.01375,0.0065,6.1671080100257644e-09,0.3795143390785088,0.40557,0.40557,0.21835751661444022,-0.009390044001241743,0.0693003160967717,0.28273303740776806,0.20903373707998654,0.283185,-0.000786861,0.0164086,0.08286980860075378,0.11485134,101.65529157741847,140.634
0,5,3,0.0034999999999999996,0.026250000000000002,0.01375,0.0091,5.729480102554066e-09,0.3525833909264043,0.373348,0.4,0.19905827138911272,0.001631340431498467,0.049138166130121445,0.2555267302004585,0.1991885192661341,0.23067,0.000444365,0.013041,0.0701846403183218,0.08612019,92.8000941655781,139.556
0,5,4,0.0034999999999999996,0.026250000000000002,0.01375,0.011699999999999999,7.329184420702607e-09,0.45102673358169915,0.457791,0.457791,0.38758282731370725,-0.0014650229845030937,0.0618704453148437,0.45206893145065774,0.41450389571539986,0.475453,0.00964011,0.0165022,0.17481021659566115,0.2176581,79.44325510226764,137.966
1,0,0,0.006,0.028749999999999998,0.00125,0.0013,6.282963607975327e-09,0.3866439143369431,0.377792,0.4,0.2981598232126313,0.01790305538079252,0.01834358438003747,0.34984905591229326,0.27107391018683663,0.309141,0.00802297,0.00491209,0.11528168114494272,0.116791,79.11499651766836,121.314
1,0,1,0.006,0.028749999999999998,0.00125,0.0039,6.103111248149379e-09,0.37557607680919247,0.365571,0.4,0.2599747517070738,0.01119239501399891,0.014766203927578386,0.3305241001376274,0.23257892697690247,0.244576,0.00565836,0.0140379,0.09764029731558668,0.089409895,76.51447970058437,120.567
1,0,2,0.006,0.028749999999999998,0.00125,0.0065,6.104296363266281e-09,0.3756490069702326,0.408903,0.408903,0.25128142959467187,0.035972178319683835,0.026441982045686804,0.3158802073803707,0.22648959428298987,0.301313,-0.00605672,0.0230198,0.09439361949729891,0.12320779,71.77473163423699,118.586
1,0,3,0.006,0.028749999999999998,0.00125,0.0091,6.188445694672436e-09,0.3808274273644575,0.383348,0.4,0.19864610404155952,0.006821997592896548,0.04445871200731043,0.25291724518180203,0.17356925017438565,0.229877,-0.00314594,0.00966856,0.07564988475811948,0.08812288,64.65974529639719,117.188
1,0,4,0.006,0.028749999999999998,0.00125,0.011699999999999999,7.665483386235431e-09,0.47172205453756494,0.47779,0.47779,0.38908969320312825,0.0394410938825104,0.030431513560873424,0.46222954920268927,0.39065751396442233,0.507661,0.00978478,0.00645369,0.18354218947717046,0.24255534,58.61086985615175,116.622
1,1,0,0.006,0.028749999999999998,0.00375,0.0013,6.910518241077208e-09,0.42526266098936655,0.428902,0.428902,0.27929377363941804,-0.027134487133817185,0.032862133626176876,0.35895822182698117,0.2705475205804563,0.286525,0.00507631,0.00402783,0.11877321337566071,0.12289115,76.90809531531474,120.141
1,1,1,0.006,0.028749999999999998,0.00375,0.0039,5.847406905204864e-09,0.35984042493568386,0.388903,0.4,0.2164532282120466,-0.013414522472513112,0.03828185487029771,0.28746009153417945,0.22548321379372294,0.146426,0.000732988,0.00226662,0.0778886216185234,0.056945514,72.68827409174203,119.509
1,1,2,0.006,0.028749999999999998,0.00375,0.0065,6.0299250937585825e-09,0.37107231346206654,0.346682,0.4,0.20129598657611322,0.020178939274966126,0.03253807987595459,0.2645891791787365,0.1896776627518332,0.143175,-0.00145665,0.00537006,0.07469536742942742,0.0496362,70.27746399440747,119.445
1,1,3,0.006,0.028749999999999998,0.00375,0.0091,5.928593133657313e-09,0.3648365005327577,0.352237,0.4,0.19704186272804305,-0.015450164586845476,0.026173385652151833,0.2615714519296545,0.17365741903100537,0.0996233,-0.000790752,0.00798118,0.07188806365615524,0.035091013,68.64146497649952,117.806
1,1,4,0.006,0.028749999999999998,0.00375,0.011699999999999999,7.362371405999279e-09,0.45306900959995555,0.450013,0.450013,0.38000289438878526,0.06639226752255387,0.030481324267388806,0.4679453574091941,0.38667033858713085,0.3334,0.00332917,0.0146748,0.17216753500584345,0.15003434,58.044982030221256,115.767
1,2,0,0.006,0.028749999999999998,0.00625,0.0013,6.189037663330941e-09,0.380863856204981,0.364459,0.4,0.2713244620893949,-0.020636228849272527,0.014557382779970776,0.34131656958218365,0.2540139913181507,0.254022,0.00148691,0.00107354,0.10333768091410912,0.09258061,79.87758201389305,120.546
1,2,1,0.006,0.028749999999999998,0.00625,0.0039,5.775704540666608e-09,0.3554279717333297,0.352237,0.4,0.19522451232275254,0.01444615650306082,0.01006180618201424,0.2524486709836303,0.17804739457949204,0.132629,0.00352525,0.00438971,0.06938825244750436,0.046716843,76.27781786111602,120.351
1,2,2,0.006,0.028749999999999998,0.00625,0.0065,5.639704086153019e-09,0.34705871299403196,0.345571,0.4,0.2071252557651923,0.007317776299048253,0.03532686798817907,0.27011197749853694,0.21246976277948587,0.182095,0.00298907,0.0111289,0.07188462469442734,0.062926754,71.12889723444252,119.032
1,2,3,0.006,0.028749999999999998,0.00625,0.0091,5.75851998012365e-09,0.35437046031530156,0.384459,0.4,0.182934781399505,0.008471939475101678,0.05291253108837158,0.23895879009095478,0.17784840414485806,0.140645,0.00121887,0.00883311,0.06482668269222165,0.054072235,66.28023409753793,117.539
1,2,4,0.006,0.028749999999999998,0.00625,0.011699999999999999,7.288595064881296e-09,0.4485289270696182,0.491123,0.491123,0.4145817008449539,-0.02251783720899013,0.0472066722861111,0.4925078813123326,0.4555650308325416,0.442262,-0.0147964,0.0133146,0.1859518854626846,0.21720503,58.15516690012979,116.177
1,3,0,0.006,0.028749999999999998,0.00875,0.0013,6.437332476725572e-09,0.3961435370292658,0.402236,0.402236,0.2509574124218294,0.01497939339899427,0.009922719835000753,0.3069515518290022,0.2413374346907835,0.256693,0.00356674,0.00883654,0.0994151570004957,0.103251174,80.04057458404588,119.88
1,3,1,0.006,0.028749999999999998,0.00875,0.0039,5.928295276318173e-09,0.36481817085034896,0.345571,0.4,0.22036619781567016,-0.005872777430784236,0.015376249912650705,0.27556564371150977,0.22080257226977956,0.138678,0.00350843,0.00351237,0.08039359320435895,0.047923096,75.85237863054672,118.338
1,3,2,0.006,0.028749999999999998,0.00875,0.0065,5.9555544463294794e-09,0.3664956582356601,0.392237,0.4,0.19531891894211584,-0.008123192483467632,0.018337265932283214,0.25413316019705384,0.18650050878812174,0.21053,0.0020804,0.00420641,0.07158353576356828,0.08257765,70.70791762142447,118.718
1,3,3,0.006,0.028749999999999998,0.00875,0.0091,5.797334224602603e-09,0.3567590292063139,0.346682,0.4,0.18502385458007967,0.005515933270687428,0.02608100668338405,0.24410223607674,0.17077289502678242,0.139898,0.00170751,0.00443924,0.06600893073999942,0.04850012,64.8260967207662,117.425
1,3,4,0.006,0.028749999999999998,0.00875,0.011699999999999999,7.180444849826842e-09,0.4418735292201132,0.394459,0.4,0.31320386643498194,0.005769553525689238,0.003976302352777685,0.3744238710397268,0.29803788948980575,0.241212,-0.00349931,0.0009967,0.1383964978270104,0.09514824,59.4736444967016,117.224
1,4,0,0.006,0.028749999999999998,0.01125,0.0013,6.4986673006359354e-09,0.399917987731442,0.402236,0.402236,0.2765068097275485,-0.0008725247106568313,-0.008052648648664866,0.35761734128417566,0.24562012494170937,0.271224,-0.00959943,0.00423679,0.1105800469402819,0.10909606,78.58946871724223,119.949
1,4,1,0.006,0.028749999999999998,0.01125,0.0039,5.6871113295738044e-09,0.3499760818199263,0.362237,0.4,0.21503882419431203,-0.0029178174254832104,0.027678752933368578,0.27885899854862456,0.2009818985622846,0.128063,-0.00621413,0.0037695,0.07525844513068929,0.046389155,75.0423498746244,119.232
1,4,2,0.006,0.028749999999999998,0.01125,0.0065,5.878518517971401e-09,0.3617549857213168,0.358904,0.4,0.23402213300168292,0.01606869698854714,3.1366210924312287e-06,0.29357952073589816,0.228304113192453,0.161882,0.00187626,0.00791601,0.08465867338249591,0.058100097,71.37006163941756,118.597
1,4,3,0.006,0.028749999999999998,0.01125,0.0091,5.904297383379392e-09,0.3633413774387317,0.372237,0.4,0.1783274622809994,0.0009623316177279364,0.02652226029886976,0.23471683700756169,0.1798554806718316,0.118476,0.00231971,0.00444225,0.0647937457803318,0.044101153,65.57798217965718,116.986
1,4,4,0.006,0.028749999999999998,0.01125,0.011699999999999999,6.839113133888714e-09,0.42086850054699765,0.420014,0.420014,0.35347442190717737,0.04419672231020812,-0.006516528195455343,0.4110743831890559,0.3808555913865176,0.306834,0.00889396,0.00079799,0.14876624992979057,0.12887459,59.02471529810824,116.87
1,5,0,0.006,0.028749999999999998,0.01375,0.0013,6.7599974689456734e-09,0.41599984424281083,0.413347,0.413347,0.28374395821304044,0.023803734254703657,0.006461774935750393,0.3625279523381244,0.2634543669758928,0.377677,-0.0124659,0.00769456,0.11803744242146345,0.15611166,77.0662870694369,121.444
1,5,1,0.006,0.028749999999999998,0.01375,0.0039,6.194072001802623e-09,0.38117366164939237,0.358904,0.4,0.24535769071708902,-0.00042372369172180135,0.02050715778510211,0.3075716773524756,0.2158354134417861,0.232437,-0.00644524,0.0160471,0.09352388938447195,0.08342257,75.60371462830763,120.485
1,5,2,0.006,0.028749999999999998,0.01375,0.0065,5.962959845723118e-09,0.3669513751214228,0.373348,0.4,0.22916574614551113,-0.008416963418520827,0.03252371238100622,0.28262977051205695,0.213740503339981,0.265321,0.00233951,0.0226528,0.08409268567882221,0.099057056,69.56064150850003,118.205
1,5,3,0.006,0.028749999999999998,0.01375,0.0091,5.943998339130909e-09,0.3657845131772869,0.373348,0.4,0.19131329979045206,0.021306363468221245,0.04863315215809992,0.2376520546774286,0.18675798566930907,0.209151,0.00202867,0.0104547,0.06997944222819084,0.07808611,63.9321154139938,116.558
1,5,4,0.006,0.028749999999999998,0.01375,0.011699999999999999,7.800592124492347e-09,0.4800364384302985,0.498901,0.498901,0.4823632744745943,0.022577901742584658,0.02489044894432098,0.5503790779241049,0.5770859338642951,0.547279,0.0120816,0.0079326,0.23155194830836076,0.27303806,55.03142137177943,115.91
2,0,0,0.0085,0.03125,0.00125,0.0013,6.581629774446084e-09,0.4050233707351437,0.412236,0.412236,0.25497265439444244,0.001902621862476183,0.005362631987701152,0.3140474332368415,0.2289120219343165,0.344096,-0.00331174,0.00515868,0.10326988392812393,0.14184876,47.28818120217327,98.4003
2,0,1,0.0085,0.03125,0.00125,0.0039,6.004444640667066e-09,0.3695042855795118,0.372237,0.4,0.24183539123676448,-0.02617879594949602,0.033774912019084315,0.2980751338859952,0.22437539497761091,0.238754,-0.00156246,0.00276209,0.0893592134667824,0.08887307,48.188842213905424,97.6921
2,0,2,0.0085,0.03125,0.00125,0.0065,6.0850361067852975e-09,0.37446376041755686,0.406681,0.406681,0.22442754938858275,0.0031498102689461937,0.0429708863178172,0.28374817478084946,0.1999653234352371,0.265669,0.00506691,0.0133344,0.08403998408534566,0.10804253,42.31421663380021,97.8636
2,0,3,0.0085,0.03125,0.00125,0.0091,6.001185357272605e-09,0.36930371429369885,0.393348,0.4,0.19945587811024487,0.0047822151595883645,0.03160244762291343,0.2508626820172155,0.17521388722134984,0.237792,-0.000431924,0.0179885,0.0736597966238247,0.093535006,36.005767682750246,95.4747
2,0,4,0.0085,0.03125,0.00125,0.011699999999999999,7.254223294535375e-09,0.44641374120217703,0.46779,0.46779,0.4342102918580874,0.021762501876684347,0.044903966464134346,0.49651099623530137,0.48848248896051166,0.505191,0.00478944,0.0110542,0.19383744085685797,0.23632331,26.09966233634489,94.4711
2,1,0,0.0085,0.03125,0.00375,0.0013,6.32236942316556e-09,0.38906888757941915,0.39557,0.4,0.23346592597764357,0.018535366264853574,-1.525333660181554e-05,0.3003497504414393,0.2081682789974444,0.249322,0.00434385,0.00471264,0.0908343281078208,0.098624304,45.89323255531411,98.8409
2,1,1,0.0085,0.03125,0.00375,0.0039,5.9389617923895195e-09,0.3654745718393551,0.381126,0.4,0.21712946183456808,0.014111399221667376,0.03655789971957002,0.28807765699722926,0.19477863058542128,0.125089,0.000781262,0.00500739,0.07935529709769837,0.04767467,46.36347355956079,97.988
2,1,2,0.0085,0.03125,0.00375,0.0065,5.898072729000512e-09,0.362958321784647,0.355571,0.4,0.24910696693014164,-0.0016865724610505657,0.009760698495018158,0.316701000973364,0.22968503780352534,0.158859,0.00326551,0.00860836,0.09041544666182777,0.056485653,40.9717350387613,97.0457
2,1,3,0.0085,0.03125,0.00375,0.0091,5.565925658872263e-09,0.342518502084447,0.361126,0.4,0.16034127736727372,0.01192873495970162,0.04783813946099961,0.2189758009352923,0.15137733092245934,0.1016,-0.00118814,0.00673602,0.05491985414614544,0.036690403,36.73218524582946,95.5534
2,1,4,0.0085,0.03125,0.00375,0.011699999999999999,7.1680003963643636e-09,0.44110771669934556,0.46779,0.46779,0.42522973367416006,-0.0806365210013284,0.0635281546078654,0.5071732283345628,0.4745838589914679,0.364379,-0.00341396,0.012343,0.18757211689367956,0.17045285,28.203004641372463,94.0562
2,2,0,0.0085,0.03125,0.00625,0.0013,5.897482285673537e-09,0.36292198681067933,0.423347,0.423347,0.24418703552223278,0.006014741299596017,0.0014238270772574339,0.298568405689808,0.2232719130966235,0.29251,0.00689212,0.00143097,0.08862084408513865,0.12383323,45.43122674006295,97.646
2,2,1,0.0085,0.03125,0.00625,0.0039,5.42874143461501e-09,0.33407639597630845,0.388903,0.4,0.196282921583427,0.009089485373646735,0.017162745941486417,0.26015797565816234,0.1810633269319767,0.163344,0.00281339,0.00243955,0.06557349103429166,0.06352497,44.6786119709429,97.423
2,2,2,0.0085,0.03125,0.00625,0.0065,5.764147892265412e-09,0.3547167933701793,0.340016,0.4,0.19417305494185605,-0.010041946109726856,0.03260941900498207,0.25713485580023204,0.17321015746217783,0.170241,-0.00129618,0.00543185,0.06887644340786682,0.057884663,41.63730279190158,96.9744
2,2,3,0.0085,0.03125,0.00625,0.0091,5.684149388573007e-09,0.3497938085275698,0.353349,0.4,0.19516550477152858,-0.023561528374397536,0.05386703398122043,0.26081219925397675,0.16692754235537205,0.143395,0.00279804,0.00660941,0.06826768520723858,0.05066848,35.727268607284145,95.9829
2,2,4,0.0085,0.03125,0.00625,0.011699999999999999,6.3831132205100745e-09,0.39280696741600474,0.396681,0.4,0.41036309263842147,0.07689379674905962,0.022823022683625724,0.4797796121667886,0.4574812167849144,0.238252,0.00894195,0.0057036,0.16119348195875136,0.09451004,30.73240327540892,94.8704
2,3,0,0.0085,0.03125,0.00875,0.0013,6.575702522319161e-09,0.4046586167581022,0.376681,0.4,0.2687156308323082,-0.018362154794291537,-0.00955368740219687,0.3319253996419704,0.24364681084533021,0.235534,-0.00251911,0.00294361,0.10873809547388268,0.08872118,43.69186776190987,97.8024
2,3,1,0.0085,0.03125,0.00875,0.0039,5.82547975301745e-09,0.35849106172415074,0.39557,0.4,0.2138513879497342,0.002502114349268495,-0.010458775375292533,0.27721012708456516,0.1940757126392964,0.160991,-0.000104629,0.00157152,0.07666381111728347,0.06368321,45.006999238411474,97.2419
2,3,2,0.0085,0.03125,0.00875,0.0065,5.631998478349301e-09,0.3465845217445724,0.356682,0.4,0.19724724151877726,0.005977461002504662,-0.00772765339991047,0.25222739126361804,0.1797878164548795,0.175666,0.00257957,0.00998058,0.06836284086722158,0.0626569,41.17638400786228,97.3792
2,3,3,0.0085,0.03125,0.00875,0.0091,5.759406621030744e-09,0.35442502283266114,0.373348,0.4,0.16696224064840948,-0.004376667370075457,0.004502595280832848,0.21446083438325425,0.15658844017533535,0.146664,0.00211449,0.0164152,0.059175595954004796,0.05475671,37.247722073599924,94.6958
2,3,4,0.0085,0.03125,0.00875,0.011699999999999999,7.111407338843741e-09,0.4376250670057687,0.433347,0.433347,0.3643808928822653,0.009095858509952854,0.02092754451514665,0.43799158476374495,0.4001329641297033,0.338299,0.0098174,0.0165908,0.15946221266322316,0.14660086,30.046276597811413,92.3545
2,4,0,0.0085,0.03125,0.01125,0.0013,5.661925844069267e-09,0.348426205788878,0.366682,0.4,0.2506764950002309,0.021236539625054035,0.002944367499442482,0.3087842096133047,0.27817827404578344,0.246635,-0.000498916,0.00356711,0.0873422600333851,0.090436615,42.0613327338241,98.1113
2,4,1,0.0085,0.03125,0.01125,0.0039,6.152592544693754e-09,0.3786210796734618,0.374459,0.4,0.2302954782014015,-0.009754690973982657,-0.009132798624714847,0.2980399056913539,0.21821739729950015,0.125374,6.47112e-05,0.00496065,0.08719472260053082,0.046947423,43.33879429810692,97.4511
2,4,2,0.0085,0.03125,0.01125,0.0065,5.9155543811290705e-09,0.36403411576178896,0.37557,0.4,0.2305606636966085,-0.04573425750324615,-0.016958150994887962,0.3093469157045765,0.22883718835090872,0.159642,0.00342667,0.00750239,0.08393194733824606,0.059956744,41.803433238339,96.3415
2,4,3,0.0085,0.03125,0.01125,0.0091,6.142814955410185e-09,0.378019381871396,0.380015,0.4,0.16830666212912582,-0.02044440682624054,0.020174949645552238,0.21870731822727207,0.15217665809949515,0.109687,-0.0018005,0.00688533,0.06362318038289004,0.041682705,37.07273153730745,95.361
2,4,4,0.0085,0.03125,0.01125,0.011699999999999999,6.9899267537832105e-09,0.4301493386943514,0.450013,0.450013,0.30793569861180076,-0.0013633496613999953,0.02261529838298776,0.37109835589794554,0.31824014455173133,0.345902,-0.018246,0.0137513,0.1324583371182492,0.1556604,31.005728312044493,93.5398
2,5,0,0.0085,0.03125,0.01375,0.0013,6.456293651794637e-09,0.39731037857197793,0.391125,0.4,0.2731715144859147,0.00800920437292529,0.021127095052757193,0.3326293776375248,0.238666659361496,0.331097,0.00158139,0.00468283,0.10853387783547933,0.12950031,41.4526325540042,97.8884
2,5,1,0.0085,0.03125,0.01375,0.0039,5.978959470301273e-09,0.3679359674031555,0.366682,0.4,0.2393677339951382,-0.005018806048240853,0.006613361934319966,0.2969514460280287,0.24405360060165154,0.232953,0.00119906,0.00719151,0.08807199877260236,0.08541967,43.7968729939627,97.219
2,5,2,0.0085,0.03125,0.01375,0.0065,6.077922690545081e-09,0.37402601172585137,0.421125,0.421125,0.19272346299273993,-0.009220141962975072,0.02479034305247066,0.25306664740214707,0.18689716159552056,0.288314,-0.000796805,0.0120197,0.07208358822916923,0.12141624,41.73043402591541,96.4592
2,5,3,0.0085,0.03125,0.01375,0.0091,6.4008867705473914e-09,0.3939007243413782,0.407792,0.407792,0.18178580454844753,-0.027284111298718137,0.029161769538601792,0.23564577667922346,0.16172072578056665,0.245054,-0.00024222,0.010127,0.07160556008661369,0.09993106,35.12025710646406,95.4008
2,5,4,0.0085,0.03125,0.01375,0.011699999999999999,7.906073341608667e-09,0.48652759025284137,0.483346,0.483346,0.5400587423499345,-0.0038663440496117464,0.01896803863786155,0.5893466581481035,0.5827589588398295,0.519872,-0.0136768,0.00840637,0.26275347851049374,0.25127804,31.229226853962096,94.682
