particle_id,probe_index,time_s,magnitude_ratio,reversed,ever_contacted,sampled_contact_fraction,voidfraction_clipped
10001,10000,0.0131,0.9954514685493344,FALSE,TRUE,0.505831389536821,FALSE
10001,10000,0.0414,0.3673393224741656,TRUE,TRUE,0.505831389536821,FALSE
10001,10000,0.0018,84.87586776673575,FALSE,TRUE,0.505831389536821,FALSE
10001,10000,0.0112,61.759369293261905,FALSE,TRUE,0.505831389536821,FALSE
10001,10000,0.0389,34.43788242778816,FALSE,TRUE,0.505831389536821,FALSE
10001,10000,1e-4,9.72793510715784,FALSE,TRUE,0.505831389536821,FALSE
10001,10000,0.0193,12.339144945164488,FALSE,TRUE,0.505831389536821,FALSE
10001,10000,0.043,0.9922508911996499,TRUE,TRUE,0.505831389536821,FALSE
10001,10000,0.0785,0.45979622383659985,FALSE,TRUE,0.505831389536821,TRUE
10001,10000,0.0929,0.46505867177171506,FALSE,TRUE,0.505831389536821,TRUE
10001,10000,0.006,42.29731626675464,FALSE,TRUE,0.505831389536821,TRUE
10001,10000,0.06950000000001,36.65068609191326,FALSE,TRUE,0.505831389536821,TRUE
10001,10000,0.0928,17.959948737501485,FALSE,TRUE,0.505831389536821,TRUE
10001,10000,0.0431,1.0583400990410545,TRUE,TRUE,0.505831389536821,TRUE
10001,10000,0.0724,0.6602036474335321,FALSE,TRUE,0.505831389536821,TRUE
10001,10000,0.097,1.5581395926345178,TRUE,TRUE,0.505831389536821,TRUE
10002,10001,1e-4,1.7600438229383597,FALSE,TRUE,0.3288903698767078,FALSE
10002,10001,0.0834,0.38298420324979426,TRUE,TRUE,0.3288903698767078,FALSE
10002,10001,0.0125,12.88004811890918,TRUE,TRUE,0.3288903698767078,FALSE
10002,10001,0.047,17.297459441622692,TRUE,TRUE,0.3288903698767078,FALSE
10002,10001,0.092,12.151038674824685,TRUE,TRUE,0.3288903698767078,FALSE
10002,10001,9e-4,2.097127670354529,FALSE,TRUE,0.3288903698767078,FALSE
10002,10001,0.0918,8.283347060457919,TRUE,TRUE,0.3288903698767078,FALSE
10002,10001,0.06980000000001,2.00212956080322,FALSE,TRUE,0.3288903698767078,TRUE
10002,10001,0.05190000000001,15.866886844544627,FALSE,TRUE,0.3288903698767078,TRUE
10002,10001,0.06060000000001,20.158569468589175,FALSE,TRUE,0.3288903698767078,TRUE
10002,10001,0.0734,94.33934505797545,FALSE,TRUE,0.3288903698767078,TRUE
10002,10001,0.05350000000001,1.8308776347343456,FALSE,TRUE,0.3288903698767078,TRUE
10002,10001,0.06300000000001,4.460001000614019,TRUE,TRUE,0.3288903698767078,TRUE
10002,10001,0.0726,28.44828300651259,FALSE,TRUE,0.3288903698767078,TRUE
10003,10002,0.0021,20.64433119914157,FALSE,TRUE,0.8897034321892703,FALSE
10003,10002,0.0037,3.6792161757200885,FALSE,TRUE,0.8897034321892703,FALSE
10003,10002,0.0053,17.60435034343899,TRUE,TRUE,0.8897034321892703,FALSE
10003,10002,1e-4,5.224872181599961,FALSE,TRUE,0.8897034321892703,FALSE
10003,10002,0.007,0.18056319981287514,FALSE,TRUE,0.8897034321892703,FALSE
10003,10002,0.0272,0.37246015384577746,FALSE,TRUE,0.8897034321892703,TRUE
10003,10002,0.0389,41.701955702815305,FALSE,TRUE,0.8897034321892703,TRUE
10003,10002,0.06250000000001,27.74734412434766,TRUE,TRUE,0.8897034321892703,TRUE
10003,10002,0.0108,2.0427057922801914,TRUE,TRUE,0.8897034321892703,TRUE
10003,10002,0.035,0.8285230340160143,FALSE,TRUE,0.8897034321892703,TRUE
10004,10003,1e-4,2.1535769817722548,FALSE,TRUE,0.38745847176079734,FALSE
10004,10003,0.0223,0.5081602721218947,FALSE,TRUE,0.38745847176079734,FALSE
10004,10003,0.0495,1.3074486873285505,TRUE,TRUE,0.38745847176079734,FALSE
10004,10003,0.0065,75.03669862040496,FALSE,TRUE,0.38745847176079734,FALSE
10004,10003,0.0479,34.91996067000255,TRUE,TRUE,0.38745847176079734,FALSE
10004,10003,0.0488,40.343807670848996,FALSE,TRUE,0.38745847176079734,FALSE
10004,10003,0.0046,1.1453110340091308,FALSE,TRUE,0.38745847176079734,FALSE
10004,10003,0.0258,18.93834980638751,TRUE,TRUE,0.38745847176079734,FALSE
10004,10003,0.0504,8.045550274018265,FALSE,TRUE,0.38745847176079734,FALSE
10005,10004,1e-4,2.162197776545539,FALSE,TRUE,0.2962345884705098,FALSE
10005,10004,0.0213,0.10321298986834873,FALSE,TRUE,0.2962345884705098,FALSE
10005,10004,0.0024,44.19508575957922,FALSE,TRUE,0.2962345884705098,FALSE
10005,10004,0.0887,58.19196569719972,FALSE,TRUE,0.2962345884705098,FALSE
10005,10004,0.1303,133.5170995595301,TRUE,TRUE,0.2962345884705098,FALSE
10005,10004,4e-4,2.894843352027227,FALSE,TRUE,0.2962345884705098,FALSE
10005,10004,0.1168,28.273712322956865,FALSE,TRUE,0.2962345884705098,FALSE
10006,10005,1e-4,0.7678172268954285,FALSE,TRUE,0.4500205676676265,FALSE
10006,10005,0.0089,0.4669426575329936,FALSE,TRUE,0.4500205676676265,FALSE
10006,10005,0.0246,1.2974046388906393,TRUE,TRUE,0.4500205676676265,FALSE
10006,10005,0.0165,20.20877529322525,FALSE,TRUE,0.4500205676676265,FALSE
10006,10005,0.0183,27.652785238572033,FALSE,TRUE,0.4500205676676265,FALSE
10006,10005,0.0229,29.047433296455477,TRUE,TRUE,0.4500205676676265,FALSE
10006,10005,8e-4,2.155591041671374,FALSE,TRUE,0.4500205676676265,FALSE
10006,10005,0.0119,5.835638848638464,TRUE,TRUE,0.4500205676676265,FALSE
10006,10005,0.0259,4.29500090702188,TRUE,TRUE,0.4500205676676265,FALSE
10007,10006,1e-4,1.3754304624834808,FALSE,TRUE,0.7187604131956015,FALSE
10007,10006,0.0464,0.7944738178721201,TRUE,TRUE,0.7187604131956015,FALSE
10007,10006,0.014,21.666070013313803,TRUE,TRUE,0.7187604131956015,FALSE
10007,10006,0.0256,28.709594391307135,TRUE,TRUE,0.7187604131956015,FALSE
10007,10006,0.0508,35.150930901661084,TRUE,TRUE,0.7187604131956015,FALSE
10007,10006,0.0077,1.1423622108452791,TRUE,TRUE,0.7187604131956015,FALSE
10007,10006,0.0316,2.6444400983568555,TRUE,TRUE,0.7187604131956015,FALSE
10007,10006,0.0493,17.25184927305747,FALSE,TRUE,0.7187604131956015,FALSE
10008,10007,0.05400000000001,13.88098934859262,TRUE,TRUE,0.7504165278240587,FALSE
10008,10007,0.05580000000001,14.980275237920234,TRUE,TRUE,0.7504165278240587,FALSE
10008,10007,0.05780000000001,29.36235615201383,TRUE,TRUE,0.7504165278240587,FALSE
10008,10007,0.05770000000001,22.02114909029734,TRUE,TRUE,0.7504165278240587,FALSE
10008,10007,0.05790000000001,2.9256301187116622,TRUE,TRUE,0.7504165278240587,FALSE
10008,10007,0.05800000000001,3.6371752439898577,TRUE,TRUE,0.7504165278240587,FALSE
10008,10007,1e-4,5.742124715381366,FALSE,TRUE,0.7504165278240587,TRUE
10008,10007,0.0017,65.16538411337449,FALSE,TRUE,0.7504165278240587,TRUE
10008,10007,0.0357,63.78645001205431,TRUE,TRUE,0.7504165278240587,TRUE
10008,10007,0.05390000000001,15.45548852267351,TRUE,TRUE,0.7504165278240587,TRUE
10008,10007,2e-4,6.993192481169308,FALSE,TRUE,0.7504165278240587,TRUE
10008,10007,0.0195,1.6257568317776292,TRUE,TRUE,0.7504165278240587,TRUE
10008,10007,0.05850000000001,15.665434522452037,TRUE,TRUE,0.7504165278240587,TRUE
10009,10008,0.0229,5.614092149149451,FALSE,TRUE,0.06431189603465512,FALSE
10009,10008,0.1615,2903.042869326479,TRUE,TRUE,0.06431189603465512,FALSE
10009,10008,0.3000000000002,10905.669952509248,FALSE,TRUE,0.06431189603465512,FALSE
10009,10008,1e-4,5.784330625330065,FALSE,TRUE,0.06431189603465512,FALSE
10009,10008,0.0115,5.519335724010857,TRUE,TRUE,0.06431189603465512,FALSE
10009,10008,0.0228,2.1123738405541292,FALSE,TRUE,0.06431189603465512,FALSE
10010,10009,0.0018,97.36901399271188,FALSE,TRUE,0.1709430189936688,FALSE
10010,10009,0.09889999999999,1.3053918503886257,FALSE,TRUE,0.1709430189936688,FALSE
10010,10009,0.1699,80.41550332302894,FALSE,TRUE,0.1709430189936688,FALSE
10010,10009,1e-4,24.74015675759323,FALSE,TRUE,0.1709430189936688,FALSE
10010,10009,0.0258,2.7542177187999988,TRUE,TRUE,0.1709430189936688,FALSE
10010,10009,0.0783,1.2055362876288476,FALSE,TRUE,0.1709430189936688,FALSE
10010,10009,0.17,80.44642014265544,FALSE,TRUE,0.1709430189936688,TRUE
10010,10009,0.2350000000001,15.726037065504176,FALSE,TRUE,0.1709430189936688,TRUE
10010,10009,0.3000000000002,17.11830774483795,FALSE,TRUE,0.1709430189936688,TRUE
10011,10010,1e-4,3.947449993637112,FALSE,TRUE,0.7620793068977008,FALSE
10011,10010,0.0415,0.7168566398534406,TRUE,TRUE,0.7620793068977008,FALSE
10011,10010,0.0097,18.058852938209753,FALSE,TRUE,0.7620793068977008,FALSE
10011,10010,0.0318,50.05880285029076,FALSE,TRUE,0.7620793068977008,FALSE
10011,10010,0.05620000000001,31.645107959280296,TRUE,TRUE,0.7620793068977008,FALSE
10011,10010,7e-4,5.298886441470798,FALSE,TRUE,0.7620793068977008,FALSE
10011,10010,0.05470000000001,20.19761840773726,TRUE,TRUE,0.7620793068977008,FALSE
10012,10011,0.0012,0.3332713666115522,FALSE,TRUE,0.830056647784072,FALSE
10012,10011,1e-4,1.0697992943925048,FALSE,TRUE,0.830056647784072,FALSE
10012,10011,0.0028,0.2072273658019958,FALSE,TRUE,0.830056647784072,FALSE
10012,10011,0.0054,1.4270551426454323,TRUE,TRUE,0.830056647784072,FALSE
10012,10011,0.0284,0.2763314090300013,FALSE,TRUE,0.830056647784072,TRUE
10012,10011,0.06620000000001,0.3524339967568446,TRUE,TRUE,0.830056647784072,TRUE
10012,10011,0.0076,13.551469946423932,FALSE,TRUE,0.830056647784072,TRUE
10012,10011,0.0441,7.8917001530333,FALSE,TRUE,0.830056647784072,TRUE
10012,10011,0.0791,21.798258368433068,TRUE,TRUE,0.830056647784072,TRUE
10012,10011,0.0055,1.383765515867647,FALSE,TRUE,0.830056647784072,TRUE
10012,10011,0.0405,1.4000449026413142,TRUE,TRUE,0.830056647784072,TRUE
10012,10011,0.0781,4.789003041191902,FALSE,TRUE,0.830056647784072,TRUE
10013,10012,1e-4,2.242163512886545,FALSE,TRUE,0.8027324225258248,FALSE
10013,10012,0.0447,13.784876217501413,TRUE,TRUE,0.8027324225258248,FALSE
10013,10012,0.0502,9.445549386425352,FALSE,TRUE,0.8027324225258248,FALSE
10013,10012,0.05690000000001,20.8975889945301,TRUE,TRUE,0.8027324225258248,FALSE
10013,10012,0.0018,4.55311060905012,FALSE,TRUE,0.8027324225258248,FALSE
10013,10012,0.07010000000001,0.69998513934697,TRUE,TRUE,0.8027324225258248,FALSE
10013,10012,0.0799,0.4002239737327548,FALSE,TRUE,0.8027324225258248,TRUE
10013,10012,0.122,0.6799688854264752,TRUE,TRUE,0.8027324225258248,TRUE
10013,10012,0.0721,16.99157731342061,FALSE,TRUE,0.8027324225258248,TRUE
10013,10012,0.085,8.04490350645391,FALSE,TRUE,0.8027324225258248,TRUE
10013,10012,0.119,30.077037588410313,TRUE,TRUE,0.8027324225258248,TRUE
10013,10012,0.07020000000001,0.8710313123532508,TRUE,TRUE,0.8027324225258248,TRUE
10013,10012,0.1181,18.041383105548288,TRUE,TRUE,0.8027324225258248,TRUE
10014,10013,0.0193,29.517137479976114,FALSE,TRUE,0.40253248917027656,FALSE
10014,10013,0.05400000000001,38.87553697402305,FALSE,TRUE,0.40253248917027656,FALSE
10014,10013,0.0893,115.03573041881074,FALSE,TRUE,0.40253248917027656,FALSE
10014,10013,1e-4,32.645807986429695,FALSE,TRUE,0.40253248917027656,FALSE
10014,10013,0.0384,4.9228498008485175,FALSE,TRUE,0.40253248917027656,FALSE
10014,10013,0.0923,82.08520620421116,FALSE,TRUE,0.40253248917027656,FALSE
10015,10014,1e-4,0.659464650412576,FALSE,TRUE,0.5638120626457848,FALSE
10015,10014,0.0288,0.5561437040645438,FALSE,TRUE,0.5638120626457848,FALSE
10015,10014,0.05570000000001,1.0743468686093438,TRUE,TRUE,0.5638120626457848,FALSE
10015,10014,0.0413,12.710781838341607,TRUE,TRUE,0.5638120626457848,FALSE
10015,10014,0.0428,28.381885685305274,FALSE,TRUE,0.5638120626457848,FALSE
10015,10014,0.0888,19.721904812538202,FALSE,TRUE,0.5638120626457848,FALSE
10015,10014,0.0022,1.2978226898882317,FALSE,TRUE,0.5638120626457848,FALSE
10015,10014,0.0269,4.801883233707048,TRUE,TRUE,0.5638120626457848,FALSE
10015,10014,0.05790000000001,12.242899020008204,FALSE,TRUE,0.5638120626457848,FALSE
10015,10014,0.05910000000001,0.40575529956289996,FALSE,TRUE,0.5638120626457848,TRUE
10015,10014,0.0824,0.49339148319041864,FALSE,TRUE,0.5638120626457848,TRUE
10015,10014,0.0853,0.6305698065373723,FALSE,TRUE,0.5638120626457848,TRUE
10015,10014,0.05850000000001,30.23485470839443,FALSE,TRUE,0.5638120626457848,TRUE
10015,10014,0.06820000000001,23.74588427494024,FALSE,TRUE,0.5638120626457848,TRUE
10015,10014,0.0884,19.013786633863145,FALSE,TRUE,0.5638120626457848,TRUE
10015,10014,0.05920000000001,0.4266678164517677,FALSE,TRUE,0.5638120626457848,TRUE
10015,10014,0.0738,10.39620967040826,FALSE,TRUE,0.5638120626457848,TRUE
10015,10014,0.0882,19.102130517194258,TRUE,TRUE,0.5638120626457848,TRUE
10016,10015,1e-4,0.4882701502262768,FALSE,TRUE,0.8587137620793069,FALSE
10016,10015,0.05820000000001,0.521186994121818,TRUE,TRUE,0.8587137620793069,FALSE
10016,10015,0.0037,45.24369529669426,TRUE,TRUE,0.8587137620793069,FALSE
10016,10015,0.0488,42.26988077333928,FALSE,TRUE,0.8587137620793069,FALSE
10016,10015,0.06050000000001,62.86188991173712,TRUE,TRUE,0.8587137620793069,FALSE
10016,10015,4e-4,0.40293078257001524,FALSE,TRUE,0.8587137620793069,FALSE
10016,10015,0.0088,13.151453481457214,TRUE,TRUE,0.8587137620793069,FALSE
10016,10015,0.05950000000001,13.304683208659114,TRUE,TRUE,0.8587137620793069,FALSE
10016,10015,0.0116,0.2037339423907854,FALSE,TRUE,0.8587137620793069,TRUE
10016,10015,0.0393,0.8256502445210778,FALSE,TRUE,0.8587137620793069,TRUE
10016,10015,0.0094,11.467547889809321,TRUE,TRUE,0.8587137620793069,TRUE
10016,10015,0.0284,85.31972620717538,TRUE,TRUE,0.8587137620793069,TRUE
10016,10015,0.0391,28.112364758075387,TRUE,TRUE,0.8587137620793069,TRUE
10016,10015,0.0103,12.942626412462749,TRUE,TRUE,0.8587137620793069,TRUE
10016,10015,0.0241,9.01084869223807,TRUE,TRUE,0.8587137620793069,TRUE
10016,10015,0.04,0.8636887975012829,TRUE,TRUE,0.8587137620793069,TRUE
10017,10016,0.0074,0.30850530313822744,FALSE,TRUE,0.6117960679773409,TRUE
10017,10016,0.0476,0.41459718654451394,FALSE,TRUE,0.6117960679773409,TRUE
10017,10016,0.0015,8.29562743433221,TRUE,TRUE,0.6117960679773409,TRUE
10017,10016,0.0275,24.258788662572552,TRUE,TRUE,0.6117960679773409,TRUE
10017,10016,0.05630000000001,50.76075864710028,FALSE,TRUE,0.6117960679773409,TRUE
10017,10016,1e-4,1.8471050442422587,FALSE,TRUE,0.6117960679773409,TRUE
10017,10016,0.05160000000001,15.544001634149508,FALSE,TRUE,0.6117960679773409,TRUE
10018,10017,1e-4,0.37379728640928184,FALSE,TRUE,0.6857714095301566,FALSE
10018,10017,0.0188,1.1794440054437276,TRUE,TRUE,0.6857714095301566,FALSE
10018,10017,0.0347,1.2806285584717068,TRUE,TRUE,0.6857714095301566,FALSE
10018,10017,0.0078,52.17923761944425,FALSE,TRUE,0.6857714095301566,FALSE
10018,10017,0.0334,45.40101407424471,TRUE,TRUE,0.6857714095301566,FALSE
10018,10017,0.034,41.67236320901774,FALSE,TRUE,0.6857714095301566,FALSE
10018,10017,0.0019,2.1257866994943755,TRUE,TRUE,0.6857714095301566,FALSE
10018,10017,0.015,4.339959480872651,FALSE,TRUE,0.6857714095301566,FALSE
10018,10017,0.0356,7.897926571786634,FALSE,TRUE,0.6857714095301566,FALSE
10019,10018,0.0319,68.31104143398326,FALSE,TRUE,0.4475174941686105,FALSE
10019,10018,0.1659,0.1661439208313198,TRUE,TRUE,0.4475174941686105,FALSE
10019,10018,0.3000000000002,0.5415318047531724,FALSE,TRUE,0.4475174941686105,FALSE
10019,10018,1e-4,4.438593401993473,FALSE,TRUE,0.4475174941686105,FALSE
10019,10018,0.0159,39.00275535264352,TRUE,TRUE,0.4475174941686105,FALSE
10019,10018,0.0318,16.811694492047955,TRUE,TRUE,0.4475174941686105,FALSE
10020,10019,1e-4,3.871223272150478,FALSE,TRUE,0.6794401866044651,FALSE
10020,10019,0.05920000000001,1.436014603201429,TRUE,TRUE,0.6794401866044651,FALSE
10020,10019,0.0037,29.832593611701157,TRUE,TRUE,0.6794401866044651,FALSE
10020,10019,0.005,30.992678427629237,FALSE,TRUE,0.6794401866044651,FALSE
10020,10019,0.05830000000001,33.754277677616344,TRUE,TRUE,0.6794401866044651,FALSE
10020,10019,4e-4,5.473517956524468,FALSE,TRUE,0.6794401866044651,FALSE
10020,10019,0.06040000000001,16.645327466994317,FALSE,TRUE,0.6794401866044651,FALSE
10020,10019,0.0061,1.062240271639337,TRUE,TRUE,0.6794401866044651,TRUE
10020,10019,0.0055,42.485961767527726,FALSE,TRUE,0.6794401866044651,TRUE
10020,10019,0.0142,31.485250382474867,TRUE,TRUE,0.6794401866044651,TRUE
10020,10019,0.0179,38.908784453829945,TRUE,TRUE,0.6794401866044651,TRUE
10020,10019,0.0059,4.411576953731401,TRUE,TRUE,0.6794401866044651,TRUE
10020,10019,0.0118,1.0376147951636883,TRUE,TRUE,0.6794401866044651,TRUE
10021,10020,0.0093,0.2619551105988085,FALSE,TRUE,0.9750083305564812,TRUE
10021,10020,0.0016,60.36156796071048,FALSE,TRUE,0.9750083305564812,TRUE
10021,10020,0.0068,68.45344505480887,FALSE,TRUE,0.9750083305564812,TRUE
10021,10020,0.0092,28.53558703905128,TRUE,TRUE,0.9750083305564812,TRUE
10021,10020,1e-4,5.460056542993373,FALSE,TRUE,0.9750083305564812,TRUE
10021,10020,0.0043,10.802623037135875,FALSE,TRUE,0.9750083305564812,TRUE
10022,10021,0.0111,10.45650745687453,FALSE,TRUE,0.5134955014995002,FALSE
10022,10021,0.0115,18.795752296886178,TRUE,TRUE,0.5134955014995002,FALSE
10022,10021,0.0165,16.786945505457144,TRUE,TRUE,0.5134955014995002,FALSE
10022,10021,0.0162,12.550529796367593,TRUE,TRUE,0.5134955014995002,FALSE
10022,10021,0.0225,0.17391008600333296,FALSE,TRUE,0.5134955014995002,TRUE
10022,10021,0.0253,0.37953633432638645,FALSE,TRUE,0.5134955014995002,TRUE
10022,10021,0.05770000000001,0.8238474383418003,FALSE,TRUE,0.5134955014995002,TRUE
10022,10021,0.0013,20.873206733802256,FALSE,TRUE,0.5134955014995002,TRUE
10022,10021,0.0223,26.75097794933722,TRUE,TRUE,0.5134955014995002,TRUE
10022,10021,0.05760000000001,21.43615540492664,TRUE,TRUE,0.5134955014995002,TRUE
10022,10021,1e-4,1.8960534532067699,FALSE,TRUE,0.5134955014995002,TRUE
10022,10021,0.06010000000001,2.0887038273675094,TRUE,TRUE,0.5134955014995002,TRUE
10023,10022,1e-4,4.199682406855626,FALSE,TRUE,0.5284905031656114,FALSE
10023,10022,0.05820000000001,1.2202546408582031,TRUE,TRUE,0.5284905031656114,FALSE
10023,10022,0.011,35.44952609229735,FALSE,TRUE,0.5284905031656114,FALSE
10023,10022,0.0232,19.00679499995976,FALSE,TRUE,0.5284905031656114,FALSE
10023,10022,0.05460000000001,45.43472308369057,FALSE,TRUE,0.5284905031656114,FALSE
10023,10022,3e-4,5.573065286467597,FALSE,TRUE,0.5284905031656114,FALSE
10023,10022,0.0164,4.896884288817149,TRUE,TRUE,0.5284905031656114,FALSE
10023,10022,0.05940000000001,17.805470226971234,FALSE,TRUE,0.5284905031656114,FALSE
10023,10022,0.026,0.27841489546943016,TRUE,TRUE,0.5284905031656114,TRUE
10023,10022,0.0396,1.299719712402589,TRUE,TRUE,0.5284905031656114,TRUE
10023,10022,0.0288,49.6786248461359,FALSE,TRUE,0.5284905031656114,TRUE
10023,10022,0.0343,27.13436752068434,TRUE,TRUE,0.5284905031656114,TRUE
10023,10022,0.0378,40.59698070977673,TRUE,TRUE,0.5284905031656114,TRUE
10023,10022,0.0253,2.4080853527528365,TRUE,TRUE,0.5284905031656114,TRUE
10023,10022,0.0315,1.3246011150531598,TRUE,TRUE,0.5284905031656114,TRUE
10024,10023,0.002,24.736092385981895,TRUE,TRUE,0.850383205598134,FALSE
10024,10023,0.0031,20.297989221491072,TRUE,TRUE,0.850383205598134,FALSE
10024,10023,0.0092,30.983124423746304,FALSE,TRUE,0.850383205598134,FALSE
10024,10023,1e-4,2.698763815905162,FALSE,TRUE,0.850383205598134,FALSE
10024,10023,0.0053,0.592531402672499,TRUE,TRUE,0.850383205598134,FALSE
10024,10023,0.0087,19.176054100902505,FALSE,TRUE,0.850383205598134,FALSE
10024,10023,0.0333,0.43318732021426654,FALSE,TRUE,0.850383205598134,TRUE
10024,10023,0.0093,33.62157318665709,FALSE,TRUE,0.850383205598134,TRUE
10024,10023,0.0303,69.99522110623312,TRUE,TRUE,0.850383205598134,TRUE
10024,10023,0.074,31.648023256111646,TRUE,TRUE,0.850383205598134,TRUE
10024,10023,0.0116,2.336415584036585,FALSE,TRUE,0.850383205598134,TRUE
10024,10023,0.0451,1.6755638424401018,FALSE,TRUE,0.850383205598134,TRUE
10024,10023,0.0718,4.6479065629911736,FALSE,TRUE,0.850383205598134,TRUE
10025,10024,0.06870000000001,0.19821816256803562,FALSE,TRUE,0.481839386871043,FALSE
10025,10024,0.006,40.28873591974309,FALSE,TRUE,0.481839386871043,FALSE
10025,10024,0.06850000000001,16.136741558865836,TRUE,TRUE,0.481839386871043,FALSE
10025,10024,0.0843,87.89874200834429,TRUE,TRUE,0.481839386871043,FALSE
10025,10024,1e-4,6.476090112339096,FALSE,TRUE,0.481839386871043,FALSE
10025,10024,0.0797,12.024600047214355,FALSE,TRUE,0.481839386871043,FALSE
10025,10024,0.0926,1.0638703152151492,FALSE,TRUE,0.481839386871043,TRUE
10025,10024,0.0273,9.153820732478021,FALSE,TRUE,0.481839386871043,TRUE
10025,10024,0.1001,12.85519813329793,FALSE,TRUE,0.481839386871043,TRUE
10025,10024,0.131,32.811795462585415,FALSE,TRUE,0.481839386871043,TRUE
10025,10024,0.0342,0.8178851873181119,FALSE,TRUE,0.481839386871043,TRUE
10025,10024,0.0879,1.7170776129986833,TRUE,TRUE,0.481839386871043,TRUE
10025,10024,0.1286,30.27276860662916,TRUE,TRUE,0.481839386871043,TRUE
10026,10025,0.0383,54.08788842131677,FALSE,TRUE,0.8070643118960347,FALSE
10026,10025,0.0387,26.13320604180322,FALSE,TRUE,0.8070643118960347,FALSE
10026,10025,0.0404,23.775053334178335,FALSE,TRUE,0.8070643118960347,FALSE
10026,10025,0.0388,1.964952745520121,TRUE,TRUE,0.8070643118960347,FALSE
10026,10025,0.0389,2.679681495817645,TRUE,TRUE,0.8070643118960347,FALSE
10026,10025,0.039,3.567163647477515,TRUE,TRUE,0.8070643118960347,FALSE
10026,10025,0.0084,0.28071499102448116,FALSE,TRUE,0.8070643118960347,TRUE
10026,10025,0.0119,0.6211695235638844,FALSE,TRUE,0.8070643118960347,TRUE
10026,10025,0.0415,0.33444103651310253,TRUE,TRUE,0.8070643118960347,TRUE
10026,10025,0.0015,13.536504570184242,FALSE,TRUE,0.8070643118960347,TRUE
10026,10025,0.028,24.1132047342097,FALSE,TRUE,0.8070643118960347,TRUE
10026,10025,0.06500000000001,16.756035288462346,TRUE,TRUE,0.8070643118960347,TRUE
10026,10025,1e-4,1.272237741002301,FALSE,TRUE,0.8070643118960347,TRUE
10026,10025,0.06370000000001,10.770145648458987,TRUE,TRUE,0.8070643118960347,TRUE
10027,10026,1e-4,0.3746416591205972,FALSE,TRUE,0.8417194268577141,FALSE
10027,10026,0.07000000000001,0.2529281191371603,FALSE,TRUE,0.8417194268577141,FALSE
10027,10026,0.0027,14.697151795607567,FALSE,TRUE,0.8417194268577141,FALSE
10027,10026,0.037,23.957392237500162,FALSE,TRUE,0.8417194268577141,FALSE
10027,10026,0.06640000000001,39.67598784247552,FALSE,TRUE,0.8417194268577141,FALSE
10027,10026,6e-4,0.47635153692555243,TRUE,TRUE,0.8417194268577141,FALSE
10027,10026,0.0394,1.4172049324790932,TRUE,TRUE,0.8417194268577141,FALSE
10027,10026,0.07010000000001,0.3303710424266467,FALSE,TRUE,0.8417194268577141,FALSE
10027,10026,0.0204,0.8988411725558564,FALSE,TRUE,0.8417194268577141,TRUE
10027,10026,0.0176,22.230020844970223,FALSE,TRUE,0.8417194268577141,TRUE
10027,10026,0.0195,67.13787125941604,FALSE,TRUE,0.8417194268577141,TRUE
10027,10026,0.0232,37.608411797577375,TRUE,TRUE,0.8417194268577141,TRUE
10027,10026,0.0188,70.80765191134937,FALSE,TRUE,0.8417194268577141,TRUE
10027,10026,0.0221,4.415688965924284,TRUE,TRUE,0.8417194268577141,TRUE
10027,10026,0.0345,9.154324758019131,TRUE,TRUE,0.8417194268577141,TRUE
10028,10027,1e-4,0.5545043570692253,FALSE,TRUE,0.5241586137954015,FALSE
10028,10027,0.0232,0.2429787836834005,TRUE,TRUE,0.5241586137954015,FALSE
10028,10027,0.0502,0.7138452822757554,FALSE,TRUE,0.5241586137954015,FALSE
10028,10027,0.035,27.519318938387357,FALSE,TRUE,0.5241586137954015,FALSE
10028,10027,0.0398,33.69171962404865,FALSE,TRUE,0.5241586137954015,FALSE
10028,10027,0.05500000000001,110.8213725325373,FALSE,TRUE,0.5241586137954015,FALSE
10028,10027,5e-4,0.7739535052897774,FALSE,TRUE,0.5241586137954015,FALSE
10028,10027,0.0489,18.19179250193912,TRUE,TRUE,0.5241586137954015,FALSE
10028,10027,0.0503,0.7604569597890771,FALSE,TRUE,0.5241586137954015,TRUE
10028,10027,0.06510000000001,0.4900927889371736,FALSE,TRUE,0.5241586137954015,TRUE
10028,10027,0.0746,0.4664327718969829,FALSE,TRUE,0.5241586137954015,TRUE
10028,10027,0.05310000000001,17.555419383314856,FALSE,TRUE,0.5241586137954015,TRUE
10028,10027,0.05940000000001,25.4894015679556,TRUE,TRUE,0.5241586137954015,TRUE
10028,10027,0.0745,16.848836215394915,TRUE,TRUE,0.5241586137954015,TRUE
10028,10027,0.0504,0.7886189099836758,FALSE,TRUE,0.5241586137954015,TRUE
10028,10027,0.06700000000001,0.2626018968830421,TRUE,TRUE,0.5241586137954015,TRUE
10028,10027,0.0764,1.0120344466240947,TRUE,TRUE,0.5241586137954015,TRUE
10029,10028,1e-4,3.2258338001926137,FALSE,TRUE,0.6527824058647118,FALSE
10029,10028,0.1028,0.4669881767623145,FALSE,TRUE,0.6527824058647118,FALSE
10029,10028,0.0129,49.69486863612714,TRUE,TRUE,0.6527824058647118,FALSE
10029,10028,0.0845,18.473302138629656,FALSE,TRUE,0.6527824058647118,FALSE
10029,10028,0.1027,20.346246792110726,FALSE,TRUE,0.6527824058647118,FALSE
10029,10028,4e-4,4.276301307016748,FALSE,TRUE,0.6527824058647118,FALSE
10029,10028,0.083,3.8296047127253505,FALSE,TRUE,0.6527824058647118,FALSE
10029,10028,0.1043,0.7254861008733883,TRUE,TRUE,0.6527824058647118,FALSE
10029,10028,0.026,0.4314011422107221,FALSE,TRUE,0.6527824058647118,TRUE
10029,10028,0.0338,0.25580353292069197,TRUE,TRUE,0.6527824058647118,TRUE
10029,10028,0.0732,0.9119946260449431,FALSE,TRUE,0.6527824058647118,TRUE
10029,10028,0.0383,15.314648294919378,FALSE,TRUE,0.6527824058647118,TRUE
10029,10028,0.06300000000001,57.25818250526276,TRUE,TRUE,0.6527824058647118,TRUE
10029,10028,0.0808,105.01439166550493,TRUE,TRUE,0.6527824058647118,TRUE
10029,10028,0.0203,0.5836524937192098,TRUE,TRUE,0.6527824058647118,TRUE
10029,10028,0.0501,0.24283506369115848,FALSE,TRUE,0.6527824058647118,TRUE
10029,10028,0.0772,7.363917767958273,TRUE,TRUE,0.6527824058647118,TRUE
10030,10029,1e-4,1.5475416899432393,FALSE,TRUE,0.8203932022659114,FALSE
10030,10029,0.0483,0.8635525574536074,FALSE,TRUE,0.8203932022659114,FALSE
10030,10029,0.018,16.860431767514413,TRUE,TRUE,0.8203932022659114,FALSE
10030,10029,0.0471,20.28758675010371,TRUE,TRUE,0.8203932022659114,FALSE
10030,10029,0.05400000000001,17.805513903423734,FALSE,TRUE,0.8203932022659114,FALSE
10030,10029,7e-4,2.138352538157841,FALSE,TRUE,0.8203932022659114,FALSE
10030,10029,0.0171,7.061566834610226,TRUE,TRUE,0.8203932022659114,FALSE
10030,10029,0.05160000000001,16.22909680118011,TRUE,TRUE,0.8203932022659114,FALSE
10030,10029,0.04,0.7526319355550778,FALSE,TRUE,0.8203932022659114,TRUE
10030,10029,0.06740000000001,0.2923774471941211,TRUE,TRUE,0.8203932022659114,TRUE
10030,10029,0.0959,0.6843185808861109,TRUE,TRUE,0.8203932022659114,TRUE
10030,10029,0.0288,8.896438560434285,FALSE,TRUE,0.8203932022659114,TRUE
10030,10029,0.06150000000001,90.24838767080932,FALSE,TRUE,0.8203932022659114,TRUE
10030,10029,0.0932,31.632104649329047,TRUE,TRUE,0.8203932022659114,TRUE
10030,10029,0.028,0.76096324191116,FALSE,TRUE,0.8203932022659114,TRUE
10030,10029,0.06750000000001,0.5812651030281049,TRUE,TRUE,0.8203932022659114,TRUE
10030,10029,0.0923,18.094318568870584,TRUE,TRUE,0.8203932022659114,TRUE
10031,10030,0.0076,0.4902325785505194,FALSE,TRUE,0.5191602799066978,TRUE
10031,10030,0.0219,0.4066418127452423,TRUE,TRUE,0.5191602799066978,TRUE
10031,10030,0.06020000000001,0.6070589014215511,FALSE,TRUE,0.5191602799066978,TRUE
10031,10030,0.0016,31.473727331393683,FALSE,TRUE,0.5191602799066978,TRUE
10031,10030,0.0434,28.59757016428991,TRUE,TRUE,0.5191602799066978,TRUE
10031,10030,0.06730000000001,26.818419059503228,TRUE,TRUE,0.5191602799066978,TRUE
10031,10030,1e-4,2.7541404286134594,FALSE,TRUE,0.5191602799066978,TRUE
10031,10030,0.0304,5.7196668128071515,TRUE,TRUE,0.5191602799066978,TRUE
10031,10030,0.06390000000001,10.97419934731354,TRUE,TRUE,0.5191602799066978,TRUE
10032,10031,1e-4,4.168933671487351,FALSE,TRUE,0.6537820726424525,FALSE
10032,10031,0.06340000000001,1.7876226371248545,FALSE,TRUE,0.6537820726424525,FALSE
10032,10031,0.0073,23.357997365461905,FALSE,TRUE,0.6537820726424525,FALSE
10032,10031,0.0445,46.782965310393436,TRUE,TRUE,0.6537820726424525,FALSE
10032,10031,0.06230000000001,46.57976035592645,FALSE,TRUE,0.6537820726424525,FALSE
10032,10031,3e-4,5.089368261136825,FALSE,TRUE,0.6537820726424525,FALSE
10032,10031,0.0268,6.674416667254683,FALSE,TRUE,0.6537820726424525,FALSE
10032,10031,0.06420000000001,2.2667466917828505,TRUE,TRUE,0.6537820726424525,FALSE
10033,10032,0.0196,60.68195087468947,FALSE,TRUE,0.29056981006331223,FALSE
10033,10032,0.0235,108.35179799189972,FALSE,TRUE,0.29056981006331223,FALSE
10033,10032,0.06970000000001,44.66915766219414,FALSE,TRUE,0.29056981006331223,FALSE
10033,10032,1e-4,13.921451699711016,FALSE,TRUE,0.29056981006331223,FALSE
10033,10032,0.04,102.29460080488164,FALSE,TRUE,0.29056981006331223,FALSE
10033,10032,0.0777,45.62713874458923,FALSE,TRUE,0.29056981006331223,FALSE
10034,10033,1e-4,0.6012768990559487,FALSE,TRUE,0.4145284905031656,FALSE
10034,10033,2e-4,0.560309646821085,FALSE,TRUE,0.4145284905031656,FALSE
10034,10033,3e-4,0.5512191629378438,FALSE,TRUE,0.4145284905031656,FALSE
10034,10033,0.06370000000001,46.37992967309143,TRUE,TRUE,0.4145284905031656,FALSE
10034,10033,0.06680000000001,57.64343060853009,TRUE,TRUE,0.4145284905031656,FALSE
10034,10033,0.0733,93.078972459988,TRUE,TRUE,0.4145284905031656,FALSE
10034,10033,4e-4,0.6552070723129283,FALSE,TRUE,0.4145284905031656,FALSE
10034,10033,0.06880000000001,1.5805828560960742,FALSE,TRUE,0.4145284905031656,FALSE
10034,10033,0.07050000000001,4.921756144405162,FALSE,TRUE,0.4145284905031656,FALSE
10034,10033,0.0012,0.3585686267799837,FALSE,TRUE,0.4145284905031656,TRUE
10034,10033,0.06020000000001,1.7668666762071163,FALSE,TRUE,0.4145284905031656,TRUE
10034,10033,0.016,8.17301775620493,TRUE,TRUE,0.4145284905031656,TRUE
10034,10033,0.047,46.477708076690085,FALSE,TRUE,0.4145284905031656,TRUE
10034,10033,0.06360000000001,40.1460353356736,TRUE,TRUE,0.4145284905031656,TRUE
10034,10033,6e-4,1.3749614882878858,TRUE,TRUE,0.4145284905031656,TRUE
10034,10033,0.0267,14.024414532908073,FALSE,TRUE,0.4145284905031656,TRUE
10034,10033,0.06330000000001,20.114883958200153,FALSE,TRUE,0.4145284905031656,TRUE
10035,10034,1e-4,1.4520184644398844,FALSE,TRUE,0.4489795918367347,TRUE
10035,10034,0.0017,14.746582847321932,FALSE,TRUE,0.4489795918367347,TRUE
10035,10034,0.0354,53.16423277697691,TRUE,TRUE,0.4489795918367347,TRUE
10035,10034,0.06150000000001,33.55493398807009,TRUE,TRUE,0.4489795918367347,TRUE
10035,10034,2e-4,1.6245684003906842,FALSE,TRUE,0.4489795918367347,TRUE
10035,10034,0.0231,3.6355139583800677,TRUE,TRUE,0.4489795918367347,TRUE
10035,10034,0.06220000000001,2.635274117500624,TRUE,TRUE,0.4489795918367347,TRUE
10036,10035,0.0487,0.964556344086677,FALSE,TRUE,0.7244251916027991,FALSE
10036,10035,0.05770000000001,0.2734536225118359,TRUE,TRUE,0.7244251916027991,FALSE
10036,10035,0.0479,38.09799744175405,TRUE,TRUE,0.7244251916027991,FALSE
10036,10035,0.05390000000001,32.467524759164675,FALSE,TRUE,0.7244251916027991,FALSE
10036,10035,0.07100000000001,18.62250015833967,TRUE,TRUE,0.7244251916027991,FALSE
10036,10035,0.0489,1.0533147398510525,TRUE,TRUE,0.7244251916027991,FALSE
10036,10035,0.06100000000001,2.544725709096046,TRUE,TRUE,0.7244251916027991,FALSE
10036,10035,0.06990000000001,18.0402452010232,TRUE,TRUE,0.7244251916027991,FALSE
10036,10035,0.007,0.19191168169335765,FALSE,TRUE,0.7244251916027991,TRUE
10036,10035,0.0262,0.35575792651298194,FALSE,TRUE,0.7244251916027991,TRUE
10036,10035,0.0732,0.6137515895590612,TRUE,TRUE,0.7244251916027991,TRUE
10036,10035,0.0015,37.53950189063393,FALSE,TRUE,0.7244251916027991,TRUE
10036,10035,0.0382,73.15579271842249,FALSE,TRUE,0.7244251916027991,TRUE
10036,10035,0.0719,23.36623946622222,FALSE,TRUE,0.7244251916027991,TRUE
10036,10035,1e-4,4.294032831609881,FALSE,TRUE,0.7244251916027991,TRUE
10036,10035,0.0733,0.7251213251365385,TRUE,TRUE,0.7244251916027991,TRUE
10037,10036,0.0084,0.45983953752225215,FALSE,TRUE,0.9000333222259247,TRUE
10037,10036,0.0015,35.037450771271295,FALSE,TRUE,0.9000333222259247,TRUE
10037,10036,0.0252,53.762111896826234,FALSE,TRUE,0.9000333222259247,TRUE
10037,10036,0.0509,20.633744545212146,FALSE,TRUE,0.9000333222259247,TRUE
10037,10036,1e-4,4.856973951169886,FALSE,TRUE,0.9000333222259247,TRUE
10037,10036,0.0313,2.058358541433024,FALSE,TRUE,0.9000333222259247,TRUE
10038,10037,7e-4,0.2351499962541762,FALSE,TRUE,0.7277574141952683,FALSE
10038,10037,0.0497,22.536142203713045,TRUE,TRUE,0.7277574141952683,FALSE
10038,10037,0.0502,17.879819581380122,FALSE,TRUE,0.7277574141952683,FALSE
10038,10037,0.0507,25.097816561332603,FALSE,TRUE,0.7277574141952683,FALSE
10038,10037,1e-4,2.310999367629737,FALSE,TRUE,0.7277574141952683,FALSE
10038,10037,0.0011,0.19128300441656562,TRUE,TRUE,0.7277574141952683,FALSE
10038,10037,0.002,0.3822593985094806,TRUE,TRUE,0.7277574141952683,FALSE
10038,10037,0.0057,12.245876174521918,FALSE,TRUE,0.7277574141952683,TRUE
10038,10037,0.0291,42.459306269041555,FALSE,TRUE,0.7277574141952683,TRUE
10038,10037,0.0496,22.388229230428927,TRUE,TRUE,0.7277574141952683,TRUE
10038,10037,0.0021,0.41893029001038434,TRUE,TRUE,0.7277574141952683,TRUE
10038,10037,0.0231,0.4125639213271172,FALSE,TRUE,0.7277574141952683,TRUE
10038,10037,0.0463,19.404056636579135,FALSE,TRUE,0.7277574141952683,TRUE
10039,10038,0.0331,36.46061487532365,FALSE,TRUE,0.7637454181939354,FALSE
10039,10038,0.1019,24.214704372749395,FALSE,TRUE,0.7637454181939354,FALSE
10039,10038,1e-4,2.4338078572137416,FALSE,TRUE,0.7637454181939354,FALSE
10039,10038,0.1869,0.00413874909992134,FALSE,TRUE,0.7637454181939354,FALSE
10039,10038,0.3000000000002,0.004381790769852959,FALSE,TRUE,0.7637454181939354,FALSE
10039,10038,0.0911,0.5353574643431657,FALSE,TRUE,0.7637454181939354,TRUE
10039,10038,0.0369,15.104113100809597,FALSE,TRUE,0.7637454181939354,TRUE
10039,10038,0.0747,58.03752569698092,TRUE,TRUE,0.7637454181939354,TRUE
10039,10038,0.1009,35.429648864460106,FALSE,TRUE,0.7637454181939354,TRUE
10039,10038,0.0372,12.374834122870553,FALSE,TRUE,0.7637454181939354,TRUE
10039,10038,0.06570000000001,8.053345930071197,FALSE,TRUE,0.7637454181939354,TRUE
10039,10038,0.1004,14.271438155455312,FALSE,TRUE,0.7637454181939354,TRUE
10040,10039,1e-4,4.230909986246619,FALSE,TRUE,0.4139330402434901,FALSE
10040,10039,0.0048,0.20001460439651395,TRUE,TRUE,0.4139330402434901,FALSE
10040,10039,0.0088,18.37248145380685,TRUE,TRUE,0.4139330402434901,FALSE
10040,10039,0.0118,113.30759890041067,FALSE,TRUE,0.4139330402434901,FALSE
10040,10039,0.0149,10.026509178466313,TRUE,TRUE,0.4139330402434901,FALSE
10040,10039,3e-4,5.02102989172923,FALSE,TRUE,0.4139330402434901,FALSE
10040,10039,0.0037,4.4718466729367,TRUE,TRUE,0.4139330402434901,FALSE
10040,10039,0.0087,13.073258075821425,TRUE,TRUE,0.4139330402434901,FALSE
10040,10039,0.0168,0.8545454512638581,FALSE,TRUE,0.4139330402434901,TRUE
10040,10039,0.0367,0.6610472338097374,TRUE,TRUE,0.4139330402434901,TRUE
10040,10039,0.05,0.8846991824402226,TRUE,TRUE,0.4139330402434901,TRUE
10040,10039,0.015,11.75126721724384,TRUE,TRUE,0.4139330402434901,TRUE
10040,10039,0.0391,12.103917514250025,FALSE,TRUE,0.4139330402434901,TRUE
10040,10039,0.05600000000001,32.58107143887587,TRUE,TRUE,0.4139330402434901,TRUE
10040,10039,0.0169,1.0769354196481065,TRUE,TRUE,0.4139330402434901,TRUE
10040,10039,0.035,5.5931959217584035,TRUE,TRUE,0.4139330402434901,TRUE
10040,10039,0.05660000000001,2.882323462599427,TRUE,TRUE,0.4139330402434901,TRUE
10041,10040,0.0062,0.39305744599357434,FALSE,TRUE,0.611462845718094,TRUE
10041,10040,0.05460000000001,0.21310379998540482,FALSE,TRUE,0.611462845718094,TRUE
10041,10040,0.06710000000001,0.6197503626237801,FALSE,TRUE,0.611462845718094,TRUE
10041,10040,0.0029,13.511782656666437,FALSE,TRUE,0.611462845718094,TRUE
10041,10040,0.0312,26.773016134541265,TRUE,TRUE,0.611462845718094,TRUE
10041,10040,0.0718,20.401706286006608,TRUE,TRUE,0.611462845718094,TRUE
10041,10040,1e-4,2.9633952985526735,FALSE,TRUE,0.611462845718094,TRUE
10041,10040,0.0325,0.30710426975081084,TRUE,TRUE,0.611462845718094,TRUE
10041,10040,0.0715,15.19481532633246,TRUE,TRUE,0.611462845718094,TRUE
10042,10041,1e-4,2.1279766677596847,FALSE,TRUE,0.408863712095968,FALSE
10042,10041,0.004,0.9125156808137028,FALSE,TRUE,0.408863712095968,FALSE
10042,10041,0.0073,0.5230755581194166,FALSE,TRUE,0.408863712095968,FALSE
10042,10041,0.0105,15.255246436946756,TRUE,TRUE,0.408863712095968,FALSE
10042,10041,0.0107,15.978430205186402,TRUE,TRUE,0.408863712095968,FALSE
10042,10041,0.011,24.39102008150422,TRUE,TRUE,0.408863712095968,FALSE
10042,10041,2e-4,2.4158851740768568,FALSE,TRUE,0.408863712095968,FALSE
10042,10041,0.0091,3.1846275273988365,TRUE,TRUE,0.408863712095968,FALSE
10042,10041,0.07070000000001,0.9180706777929573,TRUE,TRUE,0.408863712095968,FALSE
10042,10041,0.0116,0.5648776873888806,FALSE,TRUE,0.408863712095968,TRUE
10042,10041,0.0111,27.75133604998774,TRUE,TRUE,0.408863712095968,TRUE
10042,10041,0.048,46.49265456470621,FALSE,TRUE,0.408863712095968,TRUE
10042,10041,0.06910000000001,12.689353437019566,FALSE,TRUE,0.408863712095968,TRUE
10042,10041,0.0125,1.5679306111928415,TRUE,TRUE,0.408863712095968,TRUE
10042,10041,0.06960000000001,0.39072401248186545,TRUE,TRUE,0.408863712095968,TRUE
10043,10042,0.011,32.37236732776927,TRUE,TRUE,0.5491502832389203,FALSE
10043,10042,0.0336,17.54165135519284,TRUE,TRUE,0.5491502832389203,FALSE
10043,10042,0.05200000000001,37.26923897654351,TRUE,TRUE,0.5491502832389203,FALSE
10043,10042,1e-4,4.263157159823697,FALSE,TRUE,0.5491502832389203,FALSE
10043,10042,0.0105,24.638427190094653,TRUE,TRUE,0.5491502832389203,FALSE
10043,10042,0.042,11.794867488898804,FALSE,TRUE,0.5491502832389203,FALSE
10043,10042,0.05310000000001,0.6727021008209305,FALSE,TRUE,0.5491502832389203,TRUE
10043,10042,0.0163,83.66484264780043,FALSE,TRUE,0.5491502832389203,TRUE
10043,10042,0.0733,24.600563697980128,FALSE,TRUE,0.5491502832389203,TRUE
10043,10042,0.0957,58.90713257830075,FALSE,TRUE,0.5491502832389203,TRUE
10043,10042,0.05320000000001,0.7704794964868464,FALSE,TRUE,0.5491502832389203,TRUE
10043,10042,0.0727,11.973744543133503,FALSE,TRUE,0.5491502832389203,TRUE
10043,10042,0.0898,12.974683269936502,TRUE,TRUE,0.5491502832389203,TRUE
10044,10043,1e-4,2.2969380136524324,FALSE,TRUE,0.5308230589803399,FALSE
10044,10043,0.0263,15.187635339928413,TRUE,TRUE,0.5308230589803399,FALSE
10044,10043,0.0299,20.481773893405933,TRUE,TRUE,0.5308230589803399,FALSE
10044,10043,0.0842,46.18512674262143,TRUE,TRUE,0.5308230589803399,FALSE
10044,10043,0.0015,1.6046202399292,TRUE,TRUE,0.5308230589803399,FALSE
10044,10043,0.038,22.801086884915243,FALSE,TRUE,0.5308230589803399,FALSE
10044,10043,0.0417,0.5993008383910345,FALSE,TRUE,0.5308230589803399,TRUE
10044,10043,0.06120000000001,0.5159653234213581,TRUE,TRUE,0.5308230589803399,TRUE
10044,10043,0.0868,0.8978163680405328,TRUE,TRUE,0.5308230589803399,TRUE
10044,10043,0.0412,59.710496867905974,FALSE,TRUE,0.5308230589803399,TRUE
10044,10043,0.0745,35.97703799978037,TRUE,TRUE,0.5308230589803399,TRUE
10044,10043,0.0841,39.92541446458831,TRUE,TRUE,0.5308230589803399,TRUE
10044,10043,0.0418,0.5570722803806128,TRUE,TRUE,0.5308230589803399,TRUE
10044,10043,0.07070000000001,1.4365691910223735,TRUE,TRUE,0.5308230589803399,TRUE
10044,10043,0.0882,7.846765070788359,TRUE,TRUE,0.5308230589803399,TRUE
10045,10044,1e-4,1.3770403378115008,FALSE,TRUE,0.4880907372400756,FALSE
10045,10044,0.0281,1.1943140641869427,TRUE,TRUE,0.4880907372400756,FALSE
10045,10044,0.0036,28.93043978635554,FALSE,TRUE,0.4880907372400756,FALSE
10045,10044,0.0239,12.100596691311873,FALSE,TRUE,0.4880907372400756,FALSE
10045,10044,0.0256,33.77926644063149,FALSE,TRUE,0.4880907372400756,FALSE
10045,10044,8e-4,3.0375193578470174,FALSE,TRUE,0.4880907372400756,FALSE
10045,10044,0.0291,6.183882477082018,TRUE,TRUE,0.4880907372400756,FALSE
10046,10045,1e-4,0.7332178055256489,FALSE,TRUE,0.36773511799929554,FALSE
10046,10045,0.0138,0.043743666329275996,FALSE,TRUE,0.36773511799929554,FALSE
10046,10045,0.05940000000001,0.7271970146083631,FALSE,TRUE,0.36773511799929554,FALSE
10046,10045,0.0231,19.386699315031944,TRUE,TRUE,0.36773511799929554,FALSE
10046,10045,0.05270000000001,53.26968127810783,TRUE,TRUE,0.36773511799929554,FALSE
10046,10045,0.07090000000001,32.20640395935821,TRUE,TRUE,0.36773511799929554,FALSE
10046,10045,0.0028,0.3592375697180947,TRUE,TRUE,0.36773511799929554,FALSE
10046,10045,0.0407,21.12821760219374,FALSE,TRUE,0.36773511799929554,FALSE
10046,10045,0.0734,4.446900640810878,TRUE,TRUE,0.36773511799929554,FALSE
10047,10046,0.0317,0.5242020526871567,FALSE,TRUE,0.5214928357214262,FALSE
10047,10046,0.0323,0.34848485922300654,FALSE,TRUE,0.5214928357214262,FALSE
10047,10046,0.0328,0.2397594993298015,FALSE,TRUE,0.5214928357214262,FALSE
10047,10046,0.0066,22.242903041567768,FALSE,TRUE,0.5214928357214262,FALSE
10047,10046,0.0428,19.786013285012142,FALSE,TRUE,0.5214928357214262,FALSE
10047,10046,0.06200000000001,16.856176316930984,FALSE,TRUE,0.5214928357214262,FALSE
10047,10046,1e-4,0.4869610809067398,FALSE,TRUE,0.5214928357214262,FALSE
10047,10046,0.0285,1.846749529565583,TRUE,TRUE,0.5214928357214262,FALSE
10047,10046,0.06550000000001,3.1763656553061312,TRUE,TRUE,0.5214928357214262,FALSE
10048,10047,1e-4,0.4456487374902121,FALSE,TRUE,0.46384538487170945,FALSE
10048,10047,0.037,0.22909614572226727,FALSE,TRUE,0.46384538487170945,FALSE
10048,10047,0.0016,18.622743068949802,TRUE,TRUE,0.46384538487170945,FALSE
10048,10047,0.06960000000001,79.45035739745911,TRUE,TRUE,0.46384538487170945,FALSE
10048,10047,0.0859,114.41807500967325,FALSE,TRUE,0.46384538487170945,FALSE
10048,10047,5e-4,0.2217986075572411,TRUE,TRUE,0.46384538487170945,FALSE
10048,10047,0.0329,9.484709939183466,FALSE,TRUE,0.46384538487170945,FALSE
10048,10047,0.06460000000001,67.17855349902469,FALSE,TRUE,0.46384538487170945,FALSE
10049,10048,1e-4,10.59477613686744,FALSE,TRUE,0.4905031656114629,FALSE
10049,10048,0.0205,0.7473355608717469,FALSE,TRUE,0.4905031656114629,FALSE
10049,10048,0.021,0.5410781036477806,FALSE,TRUE,0.4905031656114629,FALSE
10049,10048,0.0043,238.80220257039713,FALSE,TRUE,0.4905031656114629,FALSE
10049,10048,0.0437,52.54347494800826,TRUE,TRUE,0.4905031656114629,FALSE
10049,10048,0.06610000000001,104.54572823501137,FALSE,TRUE,0.4905031656114629,FALSE
10049,10048,2e-4,12.543655228510712,FALSE,TRUE,0.4905031656114629,FALSE
10049,10048,0.0293,1.5627754828645757,FALSE,TRUE,0.4905031656114629,FALSE
10049,10048,0.06880000000001,77.20087711226599,FALSE,TRUE,0.4905031656114629,FALSE
10050,10049,1e-4,1.8047100218730638,FALSE,TRUE,0.923025658113962,FALSE
10050,10049,0.0124,0.6373636036417285,FALSE,TRUE,0.923025658113962,FALSE
10050,10049,0.0068,12.377185253648687,TRUE,TRUE,0.923025658113962,FALSE
10050,10049,0.009,132.17681311200457,FALSE,TRUE,0.923025658113962,FALSE
10050,10049,0.0175,18.57502072608322,TRUE,TRUE,0.923025658113962,FALSE
10050,10049,2e-4,1.9685403608424306,FALSE,TRUE,0.923025658113962,FALSE
10050,10049,0.0051,1.8648452917833167,TRUE,TRUE,0.923025658113962,FALSE
10050,10049,0.0172,12.982319839818658,TRUE,TRUE,0.923025658113962,FALSE
10050,10049,0.0185,0.6306973103246393,FALSE,TRUE,0.923025658113962,TRUE
10050,10049,0.0176,22.184134344915083,TRUE,TRUE,0.923025658113962,TRUE
10050,10049,0.0336,22.761498810619592,FALSE,TRUE,0.923025658113962,TRUE
10050,10049,0.0424,33.253784882990395,TRUE,TRUE,0.923025658113962,TRUE
10050,10049,0.0184,24.058511070137605,FALSE,TRUE,0.923025658113962,TRUE
10050,10049,0.034,25.279833719161154,FALSE,TRUE,0.923025658113962,TRUE
10051,10050,0.0066,0.5771839383065877,FALSE,TRUE,0.4951682772409197,TRUE
10051,10050,0.05940000000001,0.2916658180209659,FALSE,TRUE,0.4951682772409197,TRUE
10051,10050,0.0015,7.805143740369645,TRUE,TRUE,0.4951682772409197,TRUE
10051,10050,0.0417,79.94331912747663,TRUE,TRUE,0.4951682772409197,TRUE
10051,10050,0.06900000000001,27.627943357700588,FALSE,TRUE,0.4951682772409197,TRUE
10051,10050,1e-4,0.6764988356648468,FALSE,TRUE,0.4951682772409197,TRUE
10051,10050,0.07080000000001,5.561155184005304,TRUE,TRUE,0.4951682772409197,TRUE
10052,10051,0.0353,23.332990996038255,FALSE,FALSE,0,FALSE
10052,10051,0.1677,6536.862747853557,FALSE,FALSE,0,FALSE
10052,10051,0.3000000000002,3547.3040226951744,TRUE,FALSE,0,FALSE
10052,10051,1e-4,8.631167013934657,FALSE,FALSE,0,FALSE
10052,10051,0.0177,30.232754737871446,TRUE,FALSE,0,FALSE
10052,10051,0.0352,6.555718688958734,TRUE,FALSE,0,FALSE
10053,10052,1e-4,3.496925893837542,FALSE,TRUE,0.5568143952015995,FALSE
10053,10052,0.0162,0.4570134489775851,FALSE,TRUE,0.5568143952015995,FALSE
10053,10052,0.0195,0.5586960681390707,TRUE,TRUE,0.5568143952015995,FALSE
10053,10052,0.0052,20.997397781065573,FALSE,TRUE,0.5568143952015995,FALSE
10053,10052,0.0144,34.3960609256887,FALSE,TRUE,0.5568143952015995,FALSE
10053,10052,0.0153,44.70083403113235,FALSE,TRUE,0.5568143952015995,FALSE
10053,10052,6e-4,4.296138957918052,FALSE,TRUE,0.5568143952015995,FALSE
10053,10052,0.0201,0.6369840398634704,TRUE,TRUE,0.5568143952015995,FALSE
10053,10052,0.0274,0.329971716174277,FALSE,TRUE,0.5568143952015995,TRUE
10053,10052,0.0757,1.0177533326459602,TRUE,TRUE,0.5568143952015995,TRUE
10053,10052,0.0227,4.159772787303486,FALSE,TRUE,0.5568143952015995,TRUE
10053,10052,0.05220000000001,34.674225453287754,FALSE,TRUE,0.5568143952015995,TRUE
10053,10052,0.06880000000001,51.23749839160635,FALSE,TRUE,0.5568143952015995,TRUE
10053,10052,0.0202,0.7055689420125888,TRUE,TRUE,0.5568143952015995,TRUE
10053,10052,0.0398,1.299082369896353,TRUE,TRUE,0.5568143952015995,TRUE
10053,10052,0.0765,1.9163893602451385,TRUE,TRUE,0.5568143952015995,TRUE
10054,10053,0.0084,0.9066075647969196,TRUE,TRUE,0.56647784071976,FALSE
10054,10053,0.0489,0.09647343753639061,TRUE,TRUE,0.56647784071976,FALSE
10054,10053,0.0079,16.07315389552982,TRUE,TRUE,0.56647784071976,FALSE
10054,10053,0.0399,47.735426992577686,FALSE,TRUE,0.56647784071976,FALSE
10054,10053,0.05970000000001,28.718079984249083,TRUE,TRUE,0.56647784071976,FALSE
10054,10053,1e-4,1.331924632869369,FALSE,TRUE,0.56647784071976,FALSE
10054,10053,0.0193,1.910628954967227,FALSE,TRUE,0.56647784071976,FALSE
10054,10053,0.05720000000001,12.703307464724528,TRUE,TRUE,0.56647784071976,FALSE
10054,10053,0.0276,0.44606827351131684,FALSE,TRUE,0.56647784071976,TRUE
10054,10053,0.0303,0.09729139646577895,TRUE,TRUE,0.56647784071976,TRUE
10054,10053,0.0329,0.7557476572845148,TRUE,TRUE,0.56647784071976,TRUE
10054,10053,0.0269,24.403245409110006,TRUE,TRUE,0.56647784071976,TRUE
10054,10053,0.038,45.508986933508815,FALSE,TRUE,0.56647784071976,TRUE
10054,10053,0.0394,77.06855046513951,FALSE,TRUE,0.56647784071976,TRUE
10054,10053,0.0261,3.5941147829125026,TRUE,TRUE,0.56647784071976,TRUE
10054,10053,0.0347,8.122930791214152,TRUE,TRUE,0.56647784071976,TRUE
10054,10053,0.0372,21.513790135179573,FALSE,TRUE,0.56647784071976,TRUE
10055,10054,1e-4,2.5750028160273013,FALSE,TRUE,0.3881401617250674,FALSE
10055,10054,0.05940000000001,0.33545546648254143,TRUE,TRUE,0.3881401617250674,FALSE
10055,10054,0.0778,0.8041856563807097,FALSE,TRUE,0.3881401617250674,FALSE
10055,10054,0.002,41.15039590880634,TRUE,TRUE,0.3881401617250674,FALSE
10055,10054,0.0463,51.7297324447499,FALSE,TRUE,0.3881401617250674,FALSE
10055,10054,0.0825,20.05558320740608,TRUE,TRUE,0.3881401617250674,FALSE
10055,10054,3e-4,3.542269158649971,FALSE,TRUE,0.3881401617250674,FALSE
10055,10054,0.0821,19.079776330421954,TRUE,TRUE,0.3881401617250674,FALSE
10055,10054,0.0309,7.802188325016283,FALSE,TRUE,0.3881401617250674,TRUE
10055,10054,0.0331,48.50018900258548,TRUE,TRUE,0.3881401617250674,TRUE
10055,10054,0.0344,9.705286677105661,FALSE,TRUE,0.3881401617250674,TRUE
10055,10054,0.0347,4.509542520293351,TRUE,TRUE,0.3881401617250674,TRUE
10055,10054,0.0378,19.130587152244388,FALSE,TRUE,0.3881401617250674,TRUE
10056,10055,0.0034,11.694264722654067,FALSE,TRUE,0.951682772409197,FALSE
10056,10055,0.0167,53.742380657447896,FALSE,TRUE,0.951682772409197,FALSE
10056,10055,0.0184,54.34214609604767,FALSE,TRUE,0.951682772409197,FALSE
10056,10055,1e-4,4.038521234686256,FALSE,TRUE,0.951682772409197,FALSE
10056,10055,0.015,44.29609121628672,FALSE,TRUE,0.951682772409197,FALSE
10056,10055,0.0185,53.84837323152465,FALSE,TRUE,0.951682772409197,TRUE
10056,10055,0.021,53.5856246944139,TRUE,TRUE,0.951682772409197,TRUE
10056,10055,0.0232,0.6784524075992998,FALSE,TRUE,0.951682772409197,TRUE
10057,10056,0.0326,1.1728850986777901,FALSE,TRUE,0.30256581139620126,FALSE
10057,10056,0.0245,239.31943371727965,FALSE,TRUE,0.30256581139620126,FALSE
10057,10056,0.0721,85.07259763774621,TRUE,TRUE,0.30256581139620126,FALSE
10057,10056,0.1042,42.681646884349185,FALSE,TRUE,0.30256581139620126,FALSE
10057,10056,1e-4,17.880875276204456,FALSE,TRUE,0.30256581139620126,FALSE
10057,10056,0.0243,237.5933605170541,FALSE,TRUE,0.30256581139620126,FALSE
10057,10056,0.1026,22.53064958896247,FALSE,TRUE,0.30256581139620126,FALSE
10058,10057,0.0209,0.6723483517572907,FALSE,TRUE,0.8483838720426524,FALSE
10058,10057,0.06060000000001,1.0357695039316905,TRUE,TRUE,0.8483838720426524,FALSE
10058,10057,0.0162,42.74436952081978,FALSE,TRUE,0.8483838720426524,FALSE
10058,10057,0.0429,39.280189073371226,FALSE,TRUE,0.8483838720426524,FALSE
10058,10057,0.06310000000001,30.01816328779013,FALSE,TRUE,0.8483838720426524,FALSE
10058,10057,1e-4,9.544917122763822,FALSE,TRUE,0.8483838720426524,FALSE
10058,10057,0.0291,4.5705618445077665,FALSE,TRUE,0.8483838720426524,FALSE
10059,10058,0.013,0.5539301797343025,FALSE,TRUE,0.3417004048582996,FALSE
10059,10058,0.0134,0.5402587260187945,TRUE,TRUE,0.3417004048582996,FALSE
10059,10058,0.0201,0.37826764524703416,FALSE,TRUE,0.3417004048582996,FALSE
10059,10058,0.0013,27.603242746928313,FALSE,TRUE,0.3417004048582996,FALSE
10059,10058,0.0192,59.23507094796449,FALSE,TRUE,0.3417004048582996,FALSE
10059,10058,0.0346,12.90599768819362,TRUE,TRUE,0.3417004048582996,FALSE
10059,10058,1e-4,1.6614570186773556,FALSE,TRUE,0.3417004048582996,FALSE
10059,10058,0.0155,14.578611625577613,FALSE,TRUE,0.3417004048582996,FALSE
10059,10058,0.0345,11.654024971678835,TRUE,TRUE,0.3417004048582996,FALSE
10060,10059,1e-4,2.273151620062322,FALSE,TRUE,0.4385204931689437,FALSE
10060,10059,0.004,0.5716237766816529,FALSE,TRUE,0.4385204931689437,FALSE
10060,10059,0.0213,0.7752261671528765,TRUE,TRUE,0.4385204931689437,FALSE
10060,10059,0.0181,12.574707590459392,TRUE,TRUE,0.4385204931689437,FALSE
10060,10059,0.0195,30.381610888407877,TRUE,TRUE,0.4385204931689437,FALSE
10060,10059,0.0208,31.82481115232772,TRUE,TRUE,0.4385204931689437,FALSE
10060,10059,4e-4,3.388237900677337,FALSE,TRUE,0.4385204931689437,FALSE
10060,10059,0.0106,1.7955947033973276,FALSE,TRUE,0.4385204931689437,FALSE
10060,10059,0.0262,3.417791380341897,TRUE,TRUE,0.4385204931689437,FALSE
10060,10059,0.0333,0.9641173460591551,TRUE,TRUE,0.4385204931689437,TRUE
10060,10059,0.05530000000001,0.598704680841281,FALSE,TRUE,0.4385204931689437,TRUE
10060,10059,0.0724,0.738407138336047,TRUE,TRUE,0.4385204931689437,TRUE
10060,10059,0.0271,13.271652911692858,TRUE,TRUE,0.4385204931689437,TRUE
10060,10059,0.0473,82.50680915807347,FALSE,TRUE,0.4385204931689437,TRUE
10060,10059,0.0757,94.84303709764953,FALSE,TRUE,0.4385204931689437,TRUE
10060,10059,0.0109,2.262923211218588,FALSE,TRUE,0.4385204931689437,TRUE
10060,10059,0.0426,1.9012256334147932,TRUE,TRUE,0.4385204931689437,TRUE
10060,10059,0.0741,16.86685734984106,FALSE,TRUE,0.4385204931689437,TRUE
10061,10060,0.092,0.4525344333121736,TRUE,TRUE,0.7810729756747751,FALSE
10061,10060,0.05490000000001,7.688068936999996,TRUE,TRUE,0.7810729756747751,FALSE
10061,10060,0.06220000000001,29.296138904141124,FALSE,TRUE,0.7810729756747751,FALSE
10061,10060,0.0912,28.156380260095457,FALSE,TRUE,0.7810729756747751,FALSE
10061,10060,1e-4,8.085520981702729,FALSE,TRUE,0.7810729756747751,FALSE
10061,10060,0.0205,5.198774834966959,TRUE,TRUE,0.7810729756747751,FALSE
10061,10060,0.1055,0.36492779364551975,TRUE,TRUE,0.7810729756747751,TRUE
10061,10060,0.0237,26.603465052941246,TRUE,TRUE,0.7810729756747751,TRUE
10061,10060,0.1237,13.682100945921556,FALSE,TRUE,0.7810729756747751,TRUE
10061,10060,0.1452,23.136555479718975,FALSE,TRUE,0.7810729756747751,TRUE
10061,10060,0.0227,19.236295577319513,TRUE,TRUE,0.7810729756747751,TRUE
10061,10060,0.1019,2.7334032795086527,TRUE,TRUE,0.7810729756747751,TRUE
10062,10061,0.0375,0.8166025683082333,FALSE,TRUE,0.41886037987337554,FALSE
10062,10061,0.1085,1.4441900579984128,FALSE,TRUE,0.41886037987337554,FALSE
10062,10061,0.1108,0.2213479958939304,FALSE,TRUE,0.41886037987337554,FALSE
10062,10061,0.0273,16.27376513682703,FALSE,TRUE,0.41886037987337554,FALSE
10062,10061,0.06650000000001,152.86502021630145,FALSE,TRUE,0.41886037987337554,FALSE
10062,10061,0.1161,14.245148781720838,FALSE,TRUE,0.41886037987337554,FALSE
10062,10061,1e-4,6.737166798522642,FALSE,TRUE,0.41886037987337554,FALSE
10062,10061,0.05570000000001,74.64739554084406,FALSE,TRUE,0.41886037987337554,FALSE
10062,10061,0.1156,14.065819622095937,TRUE,TRUE,0.41886037987337554,FALSE
10063,10062,1e-4,2.276117677418139,FALSE,TRUE,0.38520493168943687,FALSE
10063,10062,0.0158,0.21583328752963887,TRUE,TRUE,0.38520493168943687,FALSE
10063,10062,0.0721,0.5760378607836908,FALSE,TRUE,0.38520493168943687,FALSE
10063,10062,0.0355,8.812935152645558,FALSE,TRUE,0.38520493168943687,FALSE
10063,10062,0.06660000000001,71.00803983931567,FALSE,TRUE,0.38520493168943687,FALSE
10063,10062,0.0759,16.3552787987162,TRUE,TRUE,0.38520493168943687,FALSE
10063,10062,0.0011,3.0965570353904286,FALSE,TRUE,0.38520493168943687,FALSE
10063,10062,0.0452,2.5421537947947663,TRUE,TRUE,0.38520493168943687,FALSE
10063,10062,0.0757,11.896519243603723,TRUE,TRUE,0.38520493168943687,FALSE
10064,10063,0.1775,0.008349805620770088,FALSE,TRUE,0.9043652115961346,TRUE
10064,10063,0.3000000000002,0.008364502144364962,FALSE,TRUE,0.9043652115961346,TRUE
10064,10063,0.0014,47.53959388311239,FALSE,TRUE,0.9043652115961346,TRUE
10064,10063,0.0472,7.045401771024709,TRUE,TRUE,0.9043652115961346,TRUE
10064,10063,0.06760000000001,38.35779082165282,FALSE,TRUE,0.9043652115961346,TRUE
10064,10063,1e-4,5.932846699552838,FALSE,TRUE,0.9043652115961346,TRUE
10064,10063,0.0277,0.6682431169210444,FALSE,TRUE,0.9043652115961346,TRUE
10064,10063,0.06650000000001,5.833610045883572,TRUE,TRUE,0.9043652115961346,TRUE
10065,10064,1e-4,2.6907403674356463,FALSE,TRUE,0.952015994668444,FALSE
10065,10064,0.0013,0.5881971901430545,FALSE,TRUE,0.952015994668444,FALSE
10065,10064,0.0202,22.657614104969273,FALSE,TRUE,0.952015994668444,FALSE
10065,10064,2e-4,3.0925942032791167,FALSE,TRUE,0.952015994668444,FALSE
10065,10064,0.0201,19.00121217085397,FALSE,TRUE,0.952015994668444,FALSE
10065,10064,0.0101,0.4232867684469417,FALSE,TRUE,0.952015994668444,TRUE
10065,10064,0.005,17.921990275073227,TRUE,TRUE,0.952015994668444,TRUE
10065,10064,0.0088,55.69697084579996,FALSE,TRUE,0.952015994668444,TRUE
10065,10064,0.0291,18.621874177381436,FALSE,TRUE,0.952015994668444,TRUE
10065,10064,0.0034,1.982151903151725,TRUE,TRUE,0.952015994668444,TRUE
10065,10064,0.0307,0.2126980164750297,FALSE,TRUE,0.952015994668444,TRUE
10066,10065,1e-4,0.8357711018334623,FALSE,TRUE,0.5308230589803399,TRUE
10066,10065,0.0077,17.848396387827798,TRUE,TRUE,0.5308230589803399,TRUE
10066,10065,0.0256,88.7229560236992,FALSE,TRUE,0.5308230589803399,TRUE
10066,10065,0.05300000000001,38.20569991125719,TRUE,TRUE,0.5308230589803399,TRUE
10066,10065,2e-4,0.9347560727512226,FALSE,TRUE,0.5308230589803399,TRUE
10066,10065,0.0227,11.913676419593596,TRUE,TRUE,0.5308230589803399,TRUE
10066,10065,0.05750000000001,4.236725888065883,TRUE,TRUE,0.5308230589803399,TRUE
10067,10066,1e-4,1.6204702043361274,FALSE,TRUE,0.6424525158280573,FALSE
10067,10066,0.0211,0.5768587785083746,TRUE,TRUE,0.6424525158280573,FALSE
10067,10066,0.0355,0.521277835695322,TRUE,TRUE,0.6424525158280573,FALSE
10067,10066,0.0055,33.41056357705096,TRUE,TRUE,0.6424525158280573,FALSE
10067,10066,0.0168,37.51467929843357,FALSE,TRUE,0.6424525158280573,FALSE
10067,10066,0.0399,36.92683580742744,TRUE,TRUE,0.6424525158280573,FALSE
10067,10066,4e-4,1.807219868907759,FALSE,TRUE,0.6424525158280573,FALSE
10067,10066,0.0229,2.3284586749634277,TRUE,TRUE,0.6424525158280573,FALSE
10067,10066,0.0384,25.887925021406023,FALSE,TRUE,0.6424525158280573,FALSE
10068,10067,0.0478,1.552661849809041,FALSE,TRUE,0.15893719806763285,FALSE
10068,10067,0.048,2.2567442061460716,FALSE,TRUE,0.15893719806763285,FALSE
10068,10067,0.0481,1.7600978781736678,FALSE,TRUE,0.15893719806763285,FALSE
10068,10067,0.0301,87.91734230501137,FALSE,TRUE,0.15893719806763285,FALSE
10068,10067,0.0319,113.89042664780646,FALSE,TRUE,0.15893719806763285,FALSE
10068,10067,0.06350000000001,239.83578215722858,FALSE,TRUE,0.15893719806763285,FALSE
10068,10067,1e-4,2.2776470430964437,FALSE,TRUE,0.15893719806763285,FALSE
10068,10067,0.0297,77.06724017337231,FALSE,TRUE,0.15893719806763285,FALSE
10068,10067,0.06240000000001,258.5550650855566,FALSE,TRUE,0.15893719806763285,FALSE
10069,10068,0.0124,0.19232518520648306,FALSE,TRUE,0.4995001666111296,TRUE
10069,10068,0.046,0.25778383841913177,FALSE,TRUE,0.4995001666111296,TRUE
10069,10068,0.0485,0.2861486602658462,FALSE,TRUE,0.4995001666111296,TRUE
10069,10068,0.0015,3.4294243876553665,FALSE,TRUE,0.4995001666111296,TRUE
10069,10068,0.0321,50.39219853378981,TRUE,TRUE,0.4995001666111296,TRUE
10069,10068,0.05800000000001,31.30460309942578,FALSE,TRUE,0.4995001666111296,TRUE
10069,10068,1e-4,0.32497073426623213,FALSE,TRUE,0.4995001666111296,TRUE
10069,10068,0.0274,2.094670877003649,FALSE,TRUE,0.4995001666111296,TRUE
10069,10068,0.05980000000001,6.38479973638719,TRUE,TRUE,0.4995001666111296,TRUE
10070,10069,1e-4,3.11656177187043,FALSE,TRUE,0.5738087304231922,FALSE
10070,10069,0.005,0.13452426028001221,TRUE,TRUE,0.5738087304231922,FALSE
10070,10069,0.0021,27.79903377096106,FALSE,TRUE,0.5738087304231922,FALSE
10070,10069,0.0094,48.20124324308517,FALSE,TRUE,0.5738087304231922,FALSE
10070,10069,0.0107,105.3335689077559,FALSE,TRUE,0.5738087304231922,FALSE
10070,10069,3e-4,4.319759255826659,FALSE,TRUE,0.5738087304231922,FALSE
10070,10069,0.0088,17.497554961603313,TRUE,TRUE,0.5738087304231922,FALSE
10070,10069,0.0114,0.6474738199352209,FALSE,TRUE,0.5738087304231922,TRUE
10070,10069,0.0248,0.9563546299745864,FALSE,TRUE,0.5738087304231922,TRUE
10070,10069,0.05790000000001,1.1169332768834022,TRUE,TRUE,0.5738087304231922,TRUE
10070,10069,0.0108,103.19868985491779,FALSE,TRUE,0.5738087304231922,TRUE
10070,10069,0.042,30.562478082836904,TRUE,TRUE,0.5738087304231922,TRUE
10070,10069,0.06150000000001,46.527756397884104,TRUE,TRUE,0.5738087304231922,TRUE
10070,10069,0.0127,0.9486376692818725,TRUE,TRUE,0.5738087304231922,TRUE
10070,10069,0.0388,2.130332545452556,TRUE,TRUE,0.5738087304231922,TRUE
10070,10069,0.05990000000001,7.740901348759398,FALSE,TRUE,0.5738087304231922,TRUE
10071,10070,1e-4,2.529263927589344,FALSE,TRUE,0.5371542819060313,FALSE
10071,10070,0.0072,0.5316577286084603,TRUE,TRUE,0.5371542819060313,FALSE
10071,10070,0.0264,0.847275980917312,TRUE,TRUE,0.5371542819060313,FALSE
10071,10070,0.0159,27.66255941624919,TRUE,TRUE,0.5371542819060313,FALSE
10071,10070,0.0298,77.25777279767169,FALSE,TRUE,0.5371542819060313,FALSE
10071,10070,0.06750000000001,18.019557476768085,FALSE,TRUE,0.5371542819060313,FALSE
10071,10070,6e-4,3.5823683249153473,FALSE,TRUE,0.5371542819060313,FALSE
10071,10070,0.0145,8.66369377654866,TRUE,TRUE,0.5371542819060313,FALSE
10071,10070,0.0291,27.119442290840766,FALSE,TRUE,0.5371542819060313,FALSE
10071,10070,0.042,0.6825960638322778,FALSE,TRUE,0.5371542819060313,TRUE
10071,10070,0.05590000000001,0.7298953428062738,TRUE,TRUE,0.5371542819060313,TRUE
10071,10070,0.06410000000001,0.693927932164197,FALSE,TRUE,0.5371542819060313,TRUE
10071,10070,0.0322,95.77449574422354,TRUE,TRUE,0.5371542819060313,TRUE
10071,10070,0.0402,135.57216037127512,FALSE,TRUE,0.5371542819060313,TRUE
10071,10070,0.06720000000001,18.980762617996202,FALSE,TRUE,0.5371542819060313,TRUE
10071,10070,0.0421,0.5986394829832681,FALSE,TRUE,0.5371542819060313,TRUE
10071,10070,0.05140000000001,2.4003335988423293,TRUE,TRUE,0.5371542819060313,TRUE
10071,10070,0.06690000000001,17.9736579502587,TRUE,TRUE,0.5371542819060313,TRUE
10072,10071,9e-4,37.47381110779498,FALSE,FALSE,0,FALSE
10072,10071,0.1505,2370.7342633481003,FALSE,FALSE,0,FALSE
10072,10071,0.3000000000002,378.2847530493113,TRUE,FALSE,0,FALSE
10072,10071,1e-4,12.858230018586587,FALSE,FALSE,0,FALSE
10072,10071,5e-4,24.428663694186724,FALSE,FALSE,0,FALSE
10072,10071,8e-4,34.503939323211675,FALSE,FALSE,0,FALSE
10073,10072,1e-4,0.704908271041803,FALSE,TRUE,0.8213928690436522,FALSE
10073,10072,0.0106,0.2758478944535187,TRUE,TRUE,0.8213928690436522,FALSE
10073,10072,0.0033,6.8615306028455585,FALSE,TRUE,0.8213928690436522,FALSE
10073,10072,0.0045,18.588658238859242,FALSE,TRUE,0.8213928690436522,FALSE
10073,10072,0.0097,29.996958888458202,FALSE,TRUE,0.8213928690436522,FALSE
10073,10072,2e-4,0.6685834354607653,FALSE,TRUE,0.8213928690436522,FALSE
10073,10072,0.0056,3.41300453040017,TRUE,TRUE,0.8213928690436522,FALSE
10073,10072,0.0127,9.582691805926816,TRUE,TRUE,0.8213928690436522,FALSE
10073,10072,0.0107,0.40927062754587906,TRUE,TRUE,0.8213928690436522,TRUE
10073,10072,0.0213,0.7019202499873053,TRUE,TRUE,0.8213928690436522,TRUE
10073,10072,0.048,1.0861957911757323,TRUE,TRUE,0.8213928690436522,TRUE
10073,10072,0.0186,24.208657957973852,FALSE,TRUE,0.8213928690436522,TRUE
10073,10072,0.041,35.01316140547052,TRUE,TRUE,0.8213928690436522,TRUE
10073,10072,0.05470000000001,36.43085633051109,TRUE,TRUE,0.8213928690436522,TRUE
10073,10072,0.0112,0.9858596195745062,TRUE,TRUE,0.8213928690436522,TRUE
10073,10072,0.0363,2.279765595720159,TRUE,TRUE,0.8213928690436522,TRUE
10073,10072,0.05460000000001,33.366815070623936,TRUE,TRUE,0.8213928690436522,TRUE
10074,10073,0.1525,0.007314044216478069,FALSE,TRUE,0.988337220926358,TRUE
10074,10073,0.3000000000002,0.007323767900185809,FALSE,TRUE,0.988337220926358,TRUE
10074,10073,0.0017,11.696067791441742,TRUE,TRUE,0.988337220926358,TRUE
10074,10073,0.0023,19.540249950550145,TRUE,TRUE,0.988337220926358,TRUE
10074,10073,0.003,32.971724468683554,TRUE,TRUE,0.988337220926358,TRUE
10074,10073,1e-4,1.8570607217367407,FALSE,TRUE,0.988337220926358,TRUE
10074,10073,0.0074,0.6009768630233571,TRUE,TRUE,0.988337220926358,TRUE
10075,10074,0.02,0.7781311402946027,FALSE,TRUE,0.9463512162612464,FALSE
10075,10074,0.0016,28.78712658699922,FALSE,TRUE,0.9463512162612464,FALSE
10075,10074,0.0093,52.22257018264481,FALSE,TRUE,0.9463512162612464,FALSE
10075,10074,0.0184,20.218391324681686,FALSE,TRUE,0.9463512162612464,FALSE
10075,10074,1e-4,5.225070596451908,FALSE,TRUE,0.9463512162612464,FALSE
10075,10074,0.0144,0.4094005876577027,TRUE,TRUE,0.9463512162612464,FALSE
10076,10075,1e-4,1.4785961829450436,FALSE,TRUE,0.8207264245251583,FALSE
10076,10075,0.0286,0.9873410389622785,TRUE,TRUE,0.8207264245251583,FALSE
10076,10075,0.0166,47.888859587947664,FALSE,TRUE,0.8207264245251583,FALSE
10076,10075,0.0211,32.25897644925015,FALSE,TRUE,0.8207264245251583,FALSE
10076,10075,0.06650000000001,45.478206465018545,TRUE,TRUE,0.8207264245251583,FALSE
10076,10075,0.0017,2.0108258472164318,FALSE,TRUE,0.8207264245251583,FALSE
10076,10075,0.0152,67.52449862497066,FALSE,TRUE,0.8207264245251583,FALSE
10076,10075,0.0294,2.1530345505709576,TRUE,TRUE,0.8207264245251583,FALSE
10076,10075,0.0325,1.2457181741803893,TRUE,TRUE,0.8207264245251583,TRUE
10076,10075,0.0506,0.19454836280551174,FALSE,TRUE,0.8207264245251583,TRUE
10076,10075,0.06910000000001,0.9750530221044824,TRUE,TRUE,0.8207264245251583,TRUE
10076,10075,0.031,16.213619210608314,FALSE,TRUE,0.8207264245251583,TRUE
10076,10075,0.0504,42.32775718883686,TRUE,TRUE,0.8207264245251583,TRUE
10076,10075,0.06640000000001,39.38725607906612,TRUE,TRUE,0.8207264245251583,TRUE
10076,10075,0.0295,2.7797097717729335,TRUE,TRUE,0.8207264245251583,TRUE
10076,10075,0.049,9.787685125394313,TRUE,TRUE,0.8207264245251583,TRUE
10076,10075,0.07050000000001,8.204507647586638,TRUE,TRUE,0.8207264245251583,TRUE
10077,10076,1e-4,0.6865065392007779,FALSE,TRUE,0.4168937329700272,FALSE
10077,10076,0.0208,8.741565969837232,FALSE,TRUE,0.4168937329700272,FALSE
10077,10076,0.0472,22.22070132298476,FALSE,TRUE,0.4168937329700272,FALSE
10077,10076,0.06240000000001,46.98861201566321,FALSE,TRUE,0.4168937329700272,FALSE
10077,10076,7e-4,0.7352238150891065,FALSE,TRUE,0.4168937329700272,FALSE
10077,10076,0.0316,2.5679109936391917,TRUE,TRUE,0.4168937329700272,FALSE
10077,10076,0.0757,11.135077252486765,FALSE,TRUE,0.4168937329700272,FALSE
10078,10077,0.0013,52.44259688265603,TRUE,TRUE,0.48850383205598136,FALSE
10078,10077,0.0284,11.293332861580152,TRUE,TRUE,0.48850383205598136,FALSE
10078,10077,0.0402,28.824224207100134,FALSE,TRUE,0.48850383205598136,FALSE
10078,10077,1e-4,6.2328360604280375,FALSE,TRUE,0.48850383205598136,FALSE
10078,10077,0.0169,0.8011131670197492,FALSE,TRUE,0.48850383205598136,FALSE
10078,10077,0.0422,10.222955899082205,FALSE,TRUE,0.48850383205598136,FALSE
10078,10077,0.0448,0.22044901560467342,FALSE,TRUE,0.48850383205598136,TRUE
10078,10077,0.0866,0.2404753618837994,TRUE,TRUE,0.48850383205598136,TRUE
10078,10077,0.0226,12.070405641855713,FALSE,TRUE,0.48850383205598136,TRUE
10078,10077,0.05870000000001,16.711250016761834,TRUE,TRUE,0.48850383205598136,TRUE
10078,10077,0.09819999999999,9.04352635600725,TRUE,TRUE,0.48850383205598136,TRUE
10078,10077,0.0212,5.03362952347987,FALSE,TRUE,0.48850383205598136,TRUE
10078,10077,0.0735,0.9908156956653215,TRUE,TRUE,0.48850383205598136,TRUE
10078,10077,0.0933,7.7976272753122675,TRUE,TRUE,0.48850383205598136,TRUE
10079,10078,1e-4,0.8713894068290944,FALSE,TRUE,0.31322892369210265,FALSE
10079,10078,0.0291,0.10253451788360259,FALSE,TRUE,0.31322892369210265,FALSE
10079,10078,0.0787,0.7733083976495806,TRUE,TRUE,0.31322892369210265,FALSE
10079,10078,0.0136,49.7794281693165,FALSE,TRUE,0.31322892369210265,FALSE
10079,10078,0.06030000000001,66.74992395008888,TRUE,TRUE,0.31322892369210265,FALSE
10079,10078,0.089,166.99397454338586,TRUE,TRUE,0.31322892369210265,FALSE
10079,10078,0.0019,1.173315617351208,TRUE,TRUE,0.31322892369210265,FALSE
10079,10078,0.0441,2.201312398341855,TRUE,TRUE,0.31322892369210265,FALSE
10079,10078,0.0872,17.778694088036875,FALSE,TRUE,0.31322892369210265,FALSE
10080,10079,0.0214,1.093175487290673,FALSE,TRUE,0.3325558147284239,FALSE
10080,10079,0.05340000000001,2.020956392285164,FALSE,TRUE,0.3325558147284239,FALSE
10080,10079,0.0147,37.31435975187305,FALSE,TRUE,0.3325558147284239,FALSE
10080,10079,0.06860000000001,245.29757961860676,FALSE,TRUE,0.3325558147284239,FALSE
10080,10079,0.129,25.08417261812372,TRUE,TRUE,0.3325558147284239,FALSE
10080,10079,1e-4,10.402054339598418,FALSE,TRUE,0.3325558147284239,FALSE
10080,10079,0.073,6.003374143796537,FALSE,TRUE,0.3325558147284239,FALSE
10080,10079,0.1392,58.19662501434499,TRUE,TRUE,0.3325558147284239,FALSE
10081,10080,0.0929,0.28250286681352427,FALSE,TRUE,0.8400533155614796,FALSE
10081,10080,0.1027,0.5997114773495821,FALSE,TRUE,0.8400533155614796,FALSE
10081,10080,0.0817,8.0961527483844975,FALSE,TRUE,0.8400533155614796,FALSE
10081,10080,0.09829999999999,79.10740160883734,TRUE,TRUE,0.8400533155614796,FALSE
10081,10080,0.1016,22.383491517423305,FALSE,TRUE,0.8400533155614796,FALSE
10081,10080,1e-4,1.9125806695687102,FALSE,TRUE,0.8400533155614796,FALSE
10081,10080,0.0089,1.7786808854562417,TRUE,TRUE,0.8400533155614796,FALSE
10081,10080,0.1046,3.09984373082961,TRUE,TRUE,0.8400533155614796,FALSE
10081,10080,0.0187,2.1302845080506603,FALSE,TRUE,0.8400533155614796,TRUE
10081,10080,0.0489,0.2534101200932222,TRUE,TRUE,0.8400533155614796,TRUE
10081,10080,0.0893,0.900286395404033,TRUE,TRUE,0.8400533155614796,TRUE
10081,10080,0.05360000000001,25.16538477933119,TRUE,TRUE,0.8400533155614796,TRUE
10081,10080,0.1058,34.20708135864503,FALSE,TRUE,0.8400533155614796,TRUE
10081,10080,0.0371,8.707805500925124,TRUE,TRUE,0.8400533155614796,TRUE
10081,10080,0.1051,8.710291065639906,TRUE,TRUE,0.8400533155614796,TRUE
10082,10081,0.0019,34.99351204163158,FALSE,TRUE,0.5091636121292903,FALSE
10082,10081,0.0037,76.49877716715821,FALSE,TRUE,0.5091636121292903,FALSE
10082,10081,0.0072,12.645485274600876,FALSE,TRUE,0.5091636121292903,FALSE
10082,10081,1e-4,2.3504171433971526,FALSE,TRUE,0.5091636121292903,FALSE
10082,10081,0.0051,4.587924049703009,FALSE,TRUE,0.5091636121292903,FALSE
10082,10081,0.0068,13.347495885569346,FALSE,TRUE,0.5091636121292903,FALSE
10082,10081,0.0087,0.369887107883316,FALSE,TRUE,0.5091636121292903,TRUE
10082,10081,0.032,0.15125761306320593,TRUE,TRUE,0.5091636121292903,TRUE
10082,10081,0.0759,0.5846475051844104,FALSE,TRUE,0.5091636121292903,TRUE
10082,10081,0.0073,11.803919766404324,FALSE,TRUE,0.5091636121292903,TRUE
10082,10081,0.05870000000001,39.371674472197036,TRUE,TRUE,0.5091636121292903,TRUE
10082,10081,0.0829,28.34353208118715,TRUE,TRUE,0.5091636121292903,TRUE
10082,10081,0.0089,0.41766418129381183,TRUE,TRUE,0.5091636121292903,TRUE
10082,10081,0.0795,11.213296943738776,TRUE,TRUE,0.5091636121292903,TRUE
10083,10082,0.0221,14.236468259341025,TRUE,TRUE,0.6937687437520826,FALSE
10083,10082,0.0231,19.385261710042798,TRUE,TRUE,0.6937687437520826,FALSE
10083,10082,0.0241,18.560253494959998,TRUE,TRUE,0.6937687437520826,FALSE
10083,10082,1e-4,1.7769663636365989,FALSE,TRUE,0.6937687437520826,FALSE
10083,10082,0.0284,1.9991763873908432,TRUE,TRUE,0.6937687437520826,FALSE
10083,10082,0.035,0.7133943484572557,FALSE,TRUE,0.6937687437520826,TRUE
10083,10082,0.0747,0.40096522045330113,TRUE,TRUE,0.6937687437520826,TRUE
10083,10082,0.0294,12.363801987079357,FALSE,TRUE,0.6937687437520826,TRUE
10083,10082,0.06520000000001,34.17053681739003,TRUE,TRUE,0.6937687437520826,TRUE
10083,10082,0.1011,11.20993600706372,TRUE,TRUE,0.6937687437520826,TRUE
10083,10082,0.05920000000001,0.3269094342914012,TRUE,TRUE,0.6937687437520826,TRUE
10083,10082,0.1009,9.955737119854785,TRUE,TRUE,0.6937687437520826,TRUE
10084,10083,0.0037,0.8148866302305303,FALSE,TRUE,0.6651116294568478,TRUE
10084,10083,0.06070000000001,0.4342532789461571,TRUE,TRUE,0.6651116294568478,TRUE
10084,10083,0.0014,30.908944461019253,FALSE,TRUE,0.6651116294568478,TRUE
10084,10083,0.0369,19.511098364658075,FALSE,TRUE,0.6651116294568478,TRUE
10084,10083,0.0857,44.954912199272975,FALSE,TRUE,0.6651116294568478,TRUE
10084,10083,1e-4,2.3412030170928118,FALSE,TRUE,0.6651116294568478,TRUE
10084,10083,0.0326,2.0705388463901024,TRUE,TRUE,0.6651116294568478,TRUE
10084,10083,0.0841,11.264038873556625,TRUE,TRUE,0.6651116294568478,TRUE
10085,10084,0.0019,71.53963270513046,FALSE,TRUE,0.24958347217594137,FALSE
10085,10084,0.1592,2205.7654168357517,TRUE,TRUE,0.24958347217594137,FALSE
10085,10084,0.3000000000002,1.1136391203115938,FALSE,TRUE,0.24958347217594137,FALSE
10085,10084,1e-4,5.458271466306838,FALSE,TRUE,0.24958347217594137,FALSE
10085,10084,0.0179,4.381515560791787,FALSE,TRUE,0.24958347217594137,FALSE
10085,10084,0.0312,24.392041800788622,TRUE,TRUE,0.24958347217594137,FALSE
10086,10085,8e-4,128.3635772547616,FALSE,FALSE,0,FALSE
10086,10085,0.1504,2031.7306563770394,FALSE,FALSE,0,FALSE
10086,10085,0.3000000000002,5373.076618552712,TRUE,FALSE,0,FALSE
10086,10085,1e-4,46.07483529277273,FALSE,FALSE,0,FALSE
10086,10085,4e-4,77.88622479938155,FALSE,FALSE,0,FALSE
10086,10085,7e-4,116.57441365419862,FALSE,FALSE,0,FALSE
10087,10086,0.0228,0.45604833522351285,FALSE,TRUE,0.9046984338553816,FALSE
10087,10086,0.0405,0.3256753362163216,TRUE,TRUE,0.9046984338553816,FALSE
10087,10086,0.0442,0.9515071969193443,TRUE,TRUE,0.9046984338553816,FALSE
10087,10086,0.0213,50.68374882896723,FALSE,TRUE,0.9046984338553816,FALSE
10087,10086,0.0282,193.47958176403844,FALSE,TRUE,0.9046984338553816,FALSE
10087,10086,0.0401,28.93261965837714,TRUE,TRUE,0.9046984338553816,FALSE
10087,10086,1e-4,7.766364379263027,FALSE,TRUE,0.9046984338553816,FALSE
10087,10086,0.0159,15.76018266347703,FALSE,TRUE,0.9046984338553816,FALSE
10087,10086,0.0457,2.8958820827559935,TRUE,TRUE,0.9046984338553816,FALSE
10087,10086,0.0474,0.6004514228097123,FALSE,TRUE,0.9046984338553816,TRUE
10087,10086,0.0464,19.951481710361808,FALSE,TRUE,0.9046984338553816,TRUE
10087,10086,0.047,21.985716101317756,FALSE,TRUE,0.9046984338553816,TRUE
10087,10086,0.0458,3.448012037177362,TRUE,TRUE,0.9046984338553816,TRUE
10087,10086,0.0501,2.671313663585124,TRUE,TRUE,0.9046984338553816,TRUE
10088,10087,1e-4,0.9746332230176292,FALSE,TRUE,0.3205598133955348,FALSE
10088,10087,0.038,1.024135616074469,TRUE,TRUE,0.3205598133955348,FALSE
10088,10087,0.039,0.22998536372357564,FALSE,TRUE,0.3205598133955348,FALSE
10088,10087,0.0023,9.933532540548164,TRUE,TRUE,0.3205598133955348,FALSE
10088,10087,0.149,1.3504044421591077,FALSE,TRUE,0.3205598133955348,FALSE
10088,10087,0.2321000000001,42.84559813825117,TRUE,TRUE,0.3205598133955348,FALSE
10088,10087,2e-4,1.008552870615374,FALSE,TRUE,0.3205598133955348,FALSE
10088,10087,0.05780000000001,4.401842499677578,TRUE,TRUE,0.3205598133955348,FALSE
10088,10087,0.0955,2.2773529550305254,FALSE,TRUE,0.3205598133955348,FALSE
10088,10087,0.0103,57.64644656578498,TRUE,TRUE,0.3205598133955348,TRUE
10088,10087,0.012,21.996089897156587,FALSE,TRUE,0.3205598133955348,TRUE
10088,10087,0.0129,21.479280553258718,FALSE,TRUE,0.3205598133955348,TRUE
10088,10087,0.0107,28.912565710120454,FALSE,TRUE,0.3205598133955348,TRUE
10088,10087,0.0143,3.241857928779042,TRUE,TRUE,0.3205598133955348,TRUE
10089,10088,0.06790000000001,2.2316240350097547,FALSE,TRUE,0.40353215594801733,FALSE
10089,10088,0.0181,9.926042793611348,FALSE,TRUE,0.40353215594801733,FALSE
10089,10088,0.1095,50.498731443993464,FALSE,TRUE,0.40353215594801733,FALSE
10089,10088,0.1292,197.08344218287596,TRUE,TRUE,0.40353215594801733,FALSE
10089,10088,1e-4,4.276348888726457,FALSE,TRUE,0.40353215594801733,FALSE
10089,10088,0.0495,123.63401010337553,FALSE,TRUE,0.40353215594801733,FALSE
10089,10088,0.1074,23.21345659239036,FALSE,TRUE,0.40353215594801733,FALSE
10090,10089,0.002,0.3593528831473042,FALSE,TRUE,0.4911696101299567,TRUE
10090,10089,0.0156,0.22282400050923748,FALSE,TRUE,0.4911696101299567,TRUE
10090,10089,0.05290000000001,0.5708177481747614,FALSE,TRUE,0.4911696101299567,TRUE
10090,10089,0.0015,24.174563574362846,TRUE,TRUE,0.4911696101299567,TRUE
10090,10089,0.0349,92.2051285277143,FALSE,TRUE,0.4911696101299567,TRUE
10090,10089,0.06170000000001,20.645459641936824,TRUE,TRUE,0.4911696101299567,TRUE
10090,10089,1e-4,0.8559524204970432,TRUE,TRUE,0.4911696101299567,TRUE
10091,10090,0.001,86.78170914538306,FALSE,TRUE,0.11796067977340886,FALSE
10091,10090,0.1521,26.639484457714413,TRUE,TRUE,0.11796067977340886,FALSE
10091,10090,0.3000000000002,80.54404488591847,FALSE,TRUE,0.11796067977340886,FALSE
10091,10090,1e-4,38.06953198713989,FALSE,TRUE,0.11796067977340886,FALSE
10091,10090,0.0046,19.735712762329012,FALSE,TRUE,0.11796067977340886,FALSE
10091,10090,0.0066,20.976112130005703,FALSE,TRUE,0.11796067977340886,FALSE
10092,10091,1e-4,4.826250932099585,FALSE,TRUE,0.9723425524825058,FALSE
10092,10091,0.0135,16.91237653491894,TRUE,TRUE,0.9723425524825058,FALSE
10092,10091,0.0141,26.606294387382697,TRUE,TRUE,0.9723425524825058,FALSE
10092,10091,0.0146,26.818614110992975,TRUE,TRUE,0.9723425524825058,FALSE
10092,10091,3e-4,5.323855196642997,FALSE,TRUE,0.9723425524825058,FALSE
10092,10091,0.0113,0.49015959344463667,TRUE,TRUE,0.9723425524825058,FALSE
10093,10092,1e-4,0.7227117243360954,FALSE,TRUE,0.3563958165728077,FALSE
10093,10092,0.0203,0.766684330189084,TRUE,TRUE,0.3563958165728077,FALSE
10093,10092,0.0304,0.621724884180224,FALSE,TRUE,0.3563958165728077,FALSE
10093,10092,7e-4,1.68847284465466,TRUE,TRUE,0.3563958165728077,FALSE
10093,10092,0.0148,5.303623270537521,FALSE,TRUE,0.3563958165728077,FALSE
10093,10092,0.032,0.6523636526949348,FALSE,TRUE,0.3563958165728077,FALSE
10094,10093,1e-4,1.0229963981658365,FALSE,TRUE,0.7304231922692436,FALSE
10094,10093,0.0239,0.36444475826031664,FALSE,TRUE,0.7304231922692436,FALSE
10094,10093,0.0226,18.516871638708462,TRUE,TRUE,0.7304231922692436,FALSE
10094,10093,0.0228,22.65323109256213,TRUE,TRUE,0.7304231922692436,FALSE
10094,10093,0.023,26.230389219732913,TRUE,TRUE,0.7304231922692436,FALSE
10094,10093,0.0015,1.2878468232066607,FALSE,TRUE,0.7304231922692436,FALSE
10094,10093,0.0132,9.193943846001092,FALSE,TRUE,0.7304231922692436,FALSE
10094,10093,0.0284,1.3611097182369212,TRUE,TRUE,0.7304231922692436,FALSE
10094,10093,0.0351,0.20533058682145833,FALSE,TRUE,0.7304231922692436,TRUE
10094,10093,0.06250000000001,0.3701363683812263,TRUE,TRUE,0.7304231922692436,TRUE
10094,10093,0.0306,11.497866142598854,FALSE,TRUE,0.7304231922692436,TRUE
10094,10093,0.05830000000001,92.02342559066268,FALSE,TRUE,0.7304231922692436,TRUE
10094,10093,0.0912,20.88714578915635,FALSE,TRUE,0.7304231922692436,TRUE
10094,10093,0.0285,1.386872644785005,TRUE,TRUE,0.7304231922692436,TRUE
10094,10093,0.06060000000001,1.8488342371917172,TRUE,TRUE,0.7304231922692436,TRUE
10094,10093,0.088,16.52460674921553,TRUE,TRUE,0.7304231922692436,TRUE
10095,10094,0.0127,0.4754566351869498,TRUE,TRUE,0.740753082305898,FALSE
10095,10094,0.0204,0.736160486604317,TRUE,TRUE,0.740753082305898,FALSE
10095,10094,0.0122,27.033541518451123,TRUE,TRUE,0.740753082305898,FALSE
10095,10094,0.0181,15.987825454556704,FALSE,TRUE,0.740753082305898,FALSE
10095,10094,0.0196,24.99672410087138,FALSE,TRUE,0.740753082305898,FALSE
10095,10094,0.0039,0.4168683447224137,FALSE,TRUE,0.740753082305898,TRUE
10095,10094,0.0328,1.3676286427351418,FALSE,TRUE,0.740753082305898,TRUE
10095,10094,0.06140000000001,0.6992488507909451,TRUE,TRUE,0.740753082305898,TRUE
10095,10094,0.0017,7.91278042035445,TRUE,TRUE,0.740753082305898,TRUE
10095,10094,0.0439,20.08961000052266,TRUE,TRUE,0.740753082305898,TRUE
10095,10094,0.05870000000001,30.610774973732735,TRUE,TRUE,0.740753082305898,TRUE
10095,10094,1e-4,0.48248763660621563,FALSE,TRUE,0.740753082305898,TRUE
10095,10094,0.0241,8.132762132669173,TRUE,TRUE,0.740753082305898,TRUE
10095,10094,0.05760000000001,16.143995418974125,TRUE,TRUE,0.740753082305898,TRUE
10096,10095,0.06160000000001,0.41432021534150104,FALSE,TRUE,0.3915361546151283,FALSE
10096,10095,0.06180000000001,0.5509439018182141,FALSE,TRUE,0.3915361546151283,FALSE
10096,10095,0.07130000000001,0.6381889888827663,FALSE,TRUE,0.3915361546151283,FALSE
10096,10095,0.0759,52.526456279025545,FALSE,TRUE,0.3915361546151283,FALSE
10096,10095,0.1276,91.5752588456305,FALSE,TRUE,0.3915361546151283,FALSE
10096,10095,0.1435,178.34619500535354,TRUE,TRUE,0.3915361546151283,FALSE
10096,10095,1e-4,13.415962214291753,FALSE,TRUE,0.3915361546151283,FALSE
10096,10095,0.05550000000001,21.55363494200107,FALSE,TRUE,0.3915361546151283,FALSE
10096,10095,0.1237,46.47716043918883,FALSE,TRUE,0.3915361546151283,FALSE
10097,10096,0.0079,0.6503785069999304,FALSE,TRUE,0.7574141952682439,TRUE
10097,10096,0.0232,0.1390053562246762,TRUE,TRUE,0.7574141952682439,TRUE
10097,10096,0.0016,11.52701797061696,FALSE,TRUE,0.7574141952682439,TRUE
10097,10096,0.0209,68.72661329620077,TRUE,TRUE,0.7574141952682439,TRUE
10097,10096,0.0455,25.68952624295607,TRUE,TRUE,0.7574141952682439,TRUE
10097,10096,1e-4,0.45132005072042886,FALSE,TRUE,0.7574141952682439,TRUE
10097,10096,0.0279,0.5864970449886059,TRUE,TRUE,0.7574141952682439,TRUE
10097,10096,0.05180000000001,0.6526400273812024,TRUE,TRUE,0.7574141952682439,TRUE
10098,10097,0.05160000000001,0.9431402759042447,FALSE,TRUE,0.41752749083638785,FALSE
10098,10097,0.05800000000001,0.08745979272595579,FALSE,TRUE,0.41752749083638785,FALSE
10098,10097,0.0926,0.6756509255864729,TRUE,TRUE,0.41752749083638785,FALSE
10098,10097,0.0103,34.21395259637398,FALSE,TRUE,0.41752749083638785,FALSE
10098,10097,0.0477,51.029062627244414,FALSE,TRUE,0.41752749083638785,FALSE
10098,10097,0.0964,8.405772623063333,TRUE,TRUE,0.41752749083638785,FALSE
10098,10097,1e-4,7.957336899260013,FALSE,TRUE,0.41752749083638785,FALSE
10098,10097,0.0429,38.835196690792294,FALSE,TRUE,0.41752749083638785,FALSE
10098,10097,0.0952,21.199210526531107,FALSE,TRUE,0.41752749083638785,FALSE
10099,10098,0.0154,15.32537037760981,TRUE,TRUE,0.35121626124625127,FALSE
10099,10098,0.0236,60.88174111603674,FALSE,TRUE,0.35121626124625127,FALSE
10099,10098,0.032,102.30504365279009,TRUE,TRUE,0.35121626124625127,FALSE
10099,10098,0.0057,0.299820179435133,FALSE,TRUE,0.35121626124625127,FALSE
10099,10098,0.0109,0.480390779894387,TRUE,TRUE,0.35121626124625127,FALSE
10099,10098,0.0257,54.16986367854633,TRUE,TRUE,0.35121626124625127,FALSE
10099,10098,0.06750000000001,0.4143190718635046,FALSE,TRUE,0.35121626124625127,TRUE
10099,10098,0.0794,0.4064862254883146,TRUE,TRUE,0.35121626124625127,TRUE
10099,10098,0.001,31.38788563341594,FALSE,TRUE,0.35121626124625127,TRUE
10099,10098,0.05400000000001,13.170982566776027,FALSE,TRUE,0.35121626124625127,TRUE
10099,10098,0.0848,58.209967926988824,TRUE,TRUE,0.35121626124625127,TRUE
10099,10098,1e-4,5.7782234097554674,FALSE,TRUE,0.35121626124625127,TRUE
10100,10099,0.0089,0.5792546103548128,FALSE,TRUE,0.7534155281572809,TRUE
10100,10099,0.05450000000001,0.5945670089918044,TRUE,TRUE,0.7534155281572809,TRUE
10100,10099,0.0015,21.406154064397004,FALSE,TRUE,0.7534155281572809,TRUE
10100,10099,0.0244,37.88589813922929,FALSE,TRUE,0.7534155281572809,TRUE
10100,10099,0.0445,38.282226348583116,TRUE,TRUE,0.7534155281572809,TRUE
10100,10099,1e-4,1.972840058854229,FALSE,TRUE,0.7534155281572809,TRUE
10100,10099,0.0256,1.3104147112506839,FALSE,TRUE,0.7534155281572809,TRUE
10100,10099,0.05700000000001,21.58946543270437,TRUE,TRUE,0.7534155281572809,TRUE
