time_s,series,passage
0.00375,CFD-DEM passage,0
0.00375,Classical,1.04234564811702e-6
0.00375,Time-fractional,0
0.0075,CFD-DEM passage,0
0.0075,Classical,7.619382510398e-4
0.0075,Time-fractional,0
0.01125,CFD-DEM passage,0
0.01125,Classical,0.00732709694431893
0.01125,Time-fractional,0
0.015,CFD-DEM passage,0
0.015,Classical,0.02337151332478576
0.015,Time-fractional,0
0.01875,CFD-DEM passage,0
0.01875,Classical,0.04758816380635301
0.01875,Time-fractional,9.6666666666666e-4
0.0225,CFD-DEM passage,0.00666666666666666
0.0225,Classical,0.07714948464689085
0.0225,Time-fractional,0.00733333333333333
0.02625,CFD-DEM passage,0.03333333333333333
0.02625,Classical,0.10959663528143258
0.02625,Time-fractional,0.027
0.02942707884434664,CFD-DEM passage,0.04333333333333333
0.02942707884434664,Classical,0.13803715816336765
0.02942707884434664,Time-fractional,0.06063333333333333
0.03,CFD-DEM passage,0.04666666666666667
0.03,Classical,0.14319391599368558
0.03,Time-fractional,0.06916666666666667
0.03181510040657616,CFD-DEM passage,0.06666666666666667
0.03181510040657616,Classical,0.15951590188764725
0.03181510040657616,Time-fractional,0.097
0.03375000000000001,CFD-DEM passage,0.08333333333333333
0.03375000000000001,Classical,0.1768162543035766
0.03375000000000001,Time-fractional,0.13063333333333332
0.03479752878473328,CFD-DEM passage,0.09333333333333334
0.03479752878473328,Classical,0.1861107337072016
0.03479752878473328,Time-fractional,0.15016666666666667
0.03702793784173868,CFD-DEM passage,0.11666666666666668
0.03702793784173868,Classical,0.2056751697305982
0.03702793784173868,Time-fractional,0.19276666666666667
0.03750000000000001,CFD-DEM passage,0.12333333333333334
0.03750000000000001,Classical,0.2097707603998238
0.03750000000000001,Time-fractional,0.20213333333333333
0.03844290496826499,CFD-DEM passage,0.14333333333333334
0.03844290496826499,Classical,0.21789916025717357
0.03844290496826499,Time-fractional,0.22083333333333333
0.03888017565182845,CFD-DEM passage,0.16666666666666666
0.03888017565182845,Classical,0.22164411934230785
0.03888017565182845,Time-fractional,0.22956666666666667
0.03989250939187219,CFD-DEM passage,0.19333333333333333
0.03989250939187219,Classical,0.23025172249434908
0.03989250939187219,Time-fractional,0.2517
0.04104451024538511,CFD-DEM passage,0.21666666666666667
0.04104451024538511,Classical,0.23993659642407184
0.04104451024538511,Time-fractional,0.2760666666666667
0.04125000000000001,CFD-DEM passage,0.22333333333333333
0.04125000000000001,Classical,0.24165143342077183
0.04125000000000001,Time-fractional,0.2808333333333333
0.04180784294666096,CFD-DEM passage,0.24333333333333337
0.04180784294666096,Classical,0.24628688614095345
0.04180784294666096,Time-fractional,0.2911666666666667
0.04305509034297137,CFD-DEM passage,0.27
0.04305509034297137,Classical,0.25654434840112106
0.04305509034297137,Time-fractional,0.3165
0.04384686637123557,CFD-DEM passage,0.29333333333333333
0.04384686637123557,Classical,0.26297797580930266
0.04384686637123557,Time-fractional,0.33203333333333335
0.04500000000000001,CFD-DEM passage,0.31666666666666665
0.04500000000000001,Classical,0.27223741740101465
0.04500000000000001,Time-fractional,0.35496666666666665
0.04509456750746133,CFD-DEM passage,0.32
0.04509456750746133,Classical,0.2729909116057569
0.04509456750746133,Time-fractional,0.3567
0.04637484502736201,CFD-DEM passage,0.3433333333333333
0.04637484502736201,Classical,0.2831036137183862
0.04637484502736201,Time-fractional,0.37926666666666664
0.04717538581839037,CFD-DEM passage,0.37
0.04717538581839037,Classical,0.289342930112002
0.04717538581839037,Time-fractional,0.3932
0.04844505849263258,CFD-DEM passage,0.3933333333333333
0.04844505849263258,Classical,0.29910524107923875
0.04844505849263258,Time-fractional,0.41683333333333333
0.04875000000000001,CFD-DEM passage,0.4
0.04875000000000001,Classical,0.30142547246937046
0.04875000000000001,Time-fractional,0.4225333333333333
0.05025206009786136,CFD-DEM passage,0.42
0.05025206009786136,Classical,0.312716230361342
0.05025206009786136,Time-fractional,0.4468666666666667
0.05174643634958533,CFD-DEM passage,0.44333333333333336
0.05174643634958533,Classical,0.3237218951352951
0.05174643634958533,Time-fractional,0.47113333333333335
0.05250000000000001,CFD-DEM passage,0.4666666666666667
0.05250000000000001,Classical,0.32918607129294075
0.05250000000000001,Time-fractional,0.48373333333333335
0.0526168485370843,CFD-DEM passage,0.47
0.0526168485370843,Classical,0.33002823431894607
0.0526168485370843,Time-fractional,0.48533333333333334
0.05364436889479059,CFD-DEM passage,0.49333333333333335
0.05364436889479059,Classical,0.33737494209789926
0.05364436889479059,Time-fractional,0.5002333333333333
0.05444346367125443,CFD-DEM passage,0.52
0.05444346367125443,Classical,0.3430155935051357
0.05444346367125443,Time-fractional,0.5112
0.05531446995956703,CFD-DEM passage,0.5433333333333333
0.05531446995956703,Classical,0.3490917995485763
0.05531446995956703,Time-fractional,0.5239
0.05625000000000001,CFD-DEM passage,0.5633333333333334
0.05625000000000001,Classical,0.35553506883379316
0.05625000000000001,Time-fractional,0.5365
0.05664880928827999,CFD-DEM passage,0.57
0.05664880928827999,Classical,0.3582558199908258
0.05664880928827999,Time-fractional,0.5420666666666667
0.05806832548417018,CFD-DEM passage,0.5966666666666667
0.05806832548417018,Classical,0.3678152984059756
0.05806832548417018,Time-fractional,0.5590666666666667
0.05974472388320255,CFD-DEM passage,0.62
0.05974472388320255,Classical,0.3788572348126525
0.05974472388320255,Time-fractional,0.5781
0.06000000000000001,CFD-DEM passage,0.6233333333333333
0.06000000000000001,Classical,0.3805154663842538
0.06000000000000001,Time-fractional,0.5810666666666666
0.06248843813355086,CFD-DEM passage,0.6466666666666666
0.06248843813355086,Classical,0.3963648739945867
0.06248843813355086,Time-fractional,0.6065666666666667
0.06375000000000001,CFD-DEM passage,0.6633333333333333
0.06375000000000001,Classical,0.4041856905059398
0.06375000000000001,Time-fractional,0.6194666666666667
0.06469583686456144,CFD-DEM passage,0.67
0.06469583686456144,Classical,0.40995673429736634
0.06469583686456144,Time-fractional,0.6288
0.06750000000000002,CFD-DEM passage,0.6933333333333334
0.06750000000000002,Classical,0.42661208190825894
0.06750000000000002,Time-fractional,0.6530333333333334
0.06758806263219988,CFD-DEM passage,0.6966666666666667
0.06758806263219988,Classical,0.42712434252992937
0.06758806263219988,Time-fractional,0.6536333333333333
0.06949527488783129,CFD-DEM passage,0.72
0.06949527488783129,Classical,0.438061463607607
0.06949527488783129,Time-fractional,0.6675
0.07125000000000002,CFD-DEM passage,0.74
0.07125000000000002,Classical,0.4478641139634171
0.07125000000000002,Time-fractional,0.6795333333333333
0.0722614179518677,CFD-DEM passage,0.7466666666666667
0.0722614179518677,Classical,0.453403993357212
0.0722614179518677,Time-fractional,0.6857
0.07500000000000001,CFD-DEM passage,0.7633333333333333
0.07500000000000001,Classical,0.4680113875205986
0.07500000000000001,Time-fractional,0.7034
0.07736607032197496,CFD-DEM passage,0.77
0.07736607032197496,Classical,0.4801856634293869
0.07736607032197496,Time-fractional,0.7182666666666667
0.07875000000000001,CFD-DEM passage,0.78
0.07875000000000001,Classical,0.4871217848202384
0.07875000000000001,Time-fractional,0.7258666666666667
0.08250000000000002,CFD-DEM passage,0.7933333333333333
0.08250000000000002,Classical,0.5052603804765521
0.08250000000000002,Time-fractional,0.7435666666666667
0.08625000000000002,CFD-DEM passage,0.7966666666666666
0.08625000000000002,Classical,0.5224888460666026
0.08625000000000002,Time-fractional,0.7603333333333333
0.09000000000000002,CFD-DEM passage,0.8
0.09000000000000002,Classical,0.5388651747469948
0.09000000000000002,Time-fractional,0.7744
0.09375000000000004,CFD-DEM passage,0.8033333333333333
0.09375000000000004,Classical,0.554443611056288
0.09375000000000004,Time-fractional,0.7877666666666666
0.09750000000000002,CFD-DEM passage,0.8066666666666666
0.09750000000000002,Classical,0.5692747097214255
0.09750000000000002,Time-fractional,0.7987666666666666
0.10125000000000002,CFD-DEM passage,0.8066666666666666
0.10125000000000002,Classical,0.5834054729005999
0.10125000000000002,Time-fractional,0.8094666666666667
0.10500000000000002,CFD-DEM passage,0.81
0.10500000000000002,Classical,0.5968795323632253
0.10500000000000002,Time-fractional,0.8195333333333333
0.10875000000000004,CFD-DEM passage,0.81
0.10875000000000004,Classical,0.6097373545347575
0.10875000000000004,Time-fractional,0.8281333333333334
0.11250000000000004,CFD-DEM passage,0.81
0.11250000000000004,Classical,0.6220164540106505
0.11250000000000004,Time-fractional,0.8355666666666667
0.11625000000000002,CFD-DEM passage,0.81
0.11625000000000002,Classical,0.6337516063104514
0.11625000000000002,Time-fractional,0.8430333333333333
0.12000000000000002,CFD-DEM passage,0.81
0.12000000000000002,Classical,0.6449750541206405
0.12000000000000002,Time-fractional,0.8483
0.12375000000000004,CFD-DEM passage,0.81
0.12375000000000004,Classical,0.6557167036101621
0.12375000000000004,Time-fractional,0.8543666666666667
0.12750000000000003,CFD-DEM passage,0.81
0.12750000000000003,Classical,0.6660043089625676
0.12750000000000003,Time-fractional,0.8592
0.13125000000000003,CFD-DEM passage,0.81
0.13125000000000003,Classical,0.6758636443010217
0.13125000000000003,Time-fractional,0.8641333333333333
0.13500000000000004,CFD-DEM passage,0.81
0.13500000000000004,Classical,0.6853186628552129
0.13500000000000004,Time-fractional,0.8691333333333333
0.13875000000000004,CFD-DEM passage,0.81
0.13875000000000004,Classical,0.6943916436471297
0.13875000000000004,Time-fractional,0.8742333333333333
0.14250000000000004,CFD-DEM passage,0.81
0.14250000000000004,Classical,0.7031033262342822
0.14250000000000004,Time-fractional,0.8782666666666666
0.14625000000000002,CFD-DEM passage,0.81
0.14625000000000002,Classical,0.7114730341981088
0.14625000000000002,Time-fractional,0.8821333333333333
0.15000000000000002,CFD-DEM passage,0.81
0.15000000000000002,Classical,0.7195187881391562
0.15000000000000002,Time-fractional,0.8851
0.15375000000000005,CFD-DEM passage,0.81
0.15375000000000005,Classical,0.727257408964688
0.15375000000000005,Time-fractional,0.8887666666666667
0.15750000000000003,CFD-DEM passage,0.81
0.15750000000000003,Classical,0.7347046122462235
0.15750000000000003,Time-fractional,0.8924333333333333
0.16125000000000003,CFD-DEM passage,0.81
0.16125000000000003,Classical,0.7418750943961661
0.16125000000000003,Time-fractional,0.8954
0.16500000000000004,CFD-DEM passage,0.81
0.16500000000000004,Classical,0.7487826113724565
0.16500000000000004,Time-fractional,0.8986
0.16875000000000004,CFD-DEM passage,0.81
0.16875000000000004,Classical,0.7554400505735391
0.16875000000000004,Time-fractional,0.9011666666666668
0.17250000000000004,CFD-DEM passage,0.81
0.17250000000000004,Classical,0.7618594965366985
0.17250000000000004,Time-fractional,0.9041
0.17625000000000005,CFD-DEM passage,0.81
0.17625000000000005,Classical,0.7680522910033726
0.17625000000000005,Time-fractional,0.9065
0.18000000000000005,CFD-DEM passage,0.81
0.18000000000000005,Classical,0.7740290878670049
0.18000000000000005,Time-fractional,0.9087666666666666
0.18375000000000005,CFD-DEM passage,0.81
0.18375000000000005,Classical,0.7797999034732745
0.18375000000000005,Time-fractional,0.9114
0.18750000000000003,CFD-DEM passage,0.81
0.18750000000000003,Classical,0.7853741626996781
0.18750000000000003,Time-fractional,0.9134333333333332
0.19125000000000003,CFD-DEM passage,0.81
0.19125000000000003,Classical,0.7907607412017165
0.19125000000000003,Time-fractional,0.9155
0.19500000000000003,CFD-DEM passage,0.81
0.19500000000000003,Classical,0.7959680041763845
0.19500000000000003,Time-fractional,0.9175666666666666
0.19875000000000004,CFD-DEM passage,0.81
0.19875000000000004,Classical,0.801003841960266
0.19875000000000004,Time-fractional,0.9191333333333334
0.20250000000000004,CFD-DEM passage,0.81
0.20250000000000004,Classical,0.8058757027491102
0.20250000000000004,Time-fractional,0.921
0.20625000000000004,CFD-DEM passage,0.81
0.20625000000000004,Classical,0.8105906226981928
0.20625000000000004,Time-fractional,0.9223
0.21000000000000005,CFD-DEM passage,0.81
0.21000000000000005,Classical,0.8151552536378119
0.21000000000000005,Time-fractional,0.9239
0.21375000000000005,CFD-DEM passage,0.81
0.21375000000000005,Classical,0.8195758886157175
0.21375000000000005,Time-fractional,0.9258666666666666
0.21750000000000003,CFD-DEM passage,0.81
0.21750000000000003,Classical,0.8238584854579665
0.21750000000000003,Time-fractional,0.9270333333333334
0.22125000000000009,CFD-DEM passage,0.81
0.22125000000000009,Classical,0.8280086885213648
0.22125000000000009,Time-fractional,0.9280666666666668
0.22500000000000003,CFD-DEM passage,0.81
0.22500000000000003,Classical,0.8320318487941826
0.22500000000000003,Time-fractional,0.9292666666666668
0.22875000000000004,CFD-DEM passage,0.81
0.22875000000000004,Classical,0.8359330424869805
0.22875000000000004,Time-fractional,0.9303
0.23250000000000004,CFD-DEM passage,0.81
0.23250000000000004,Classical,0.8397170882420252
0.23250000000000004,Time-fractional,0.9315
0.23625000000000004,CFD-DEM passage,0.81
0.23625000000000004,Classical,0.843388563077757
0.23625000000000004,Time-fractional,0.9324666666666668
0.24000000000000005,CFD-DEM passage,0.81
0.24000000000000005,Classical,0.8469518171739477
0.24000000000000005,Time-fractional,0.9334666666666668
0.24375000000000005,CFD-DEM passage,0.8133333333333334
0.24375000000000005,Classical,0.8504109875934343
0.24375000000000005,Time-fractional,0.9344666666666668
0.24750000000000005,CFD-DEM passage,0.8133333333333334
0.24750000000000005,Classical,0.8537700110275469
0.24750000000000005,Time-fractional,0.9353666666666668
0.25125000000000003,CFD-DEM passage,0.8133333333333334
0.25125000000000003,Classical,0.857032635644432
0.25125000000000003,Time-fractional,0.9362
0.255,CFD-DEM passage,0.8133333333333334
0.255,Classical,0.8602024321123318
0.255,Time-fractional,0.9370333333333334
0.25875000000000004,CFD-DEM passage,0.8133333333333334
0.25875000000000004,Classical,0.8632828038634512
0.25875000000000004,Time-fractional,0.9381
0.2625,CFD-DEM passage,0.8133333333333334
0.2625,Classical,0.866276996658225
0.2625,Time-fractional,0.9391666666666668
0.26625000000000004,CFD-DEM passage,0.8133333333333334
0.26625000000000004,Classical,0.8691881075045436
0.26625000000000004,Time-fractional,0.9403333333333334
0.27,CFD-DEM passage,0.8133333333333334
0.27,Classical,0.8720190929817535
0.27,Time-fractional,0.9411333333333334
0.27375000000000005,CFD-DEM passage,0.8133333333333334
0.27375000000000005,Classical,0.8747727770149374
0.27375000000000005,Time-fractional,0.9417666666666666
0.2775,CFD-DEM passage,0.8133333333333334
0.2775,Classical,0.8774518581411035
0.2775,Time-fractional,0.9424333333333332
0.28125000000000006,CFD-DEM passage,0.8133333333333334
0.28125000000000006,Classical,0.8800589163053706
0.28125000000000006,Time-fractional,0.9434333333333332
0.28500000000000003,CFD-DEM passage,0.8133333333333334
0.28500000000000003,Classical,0.8825964192220433
0.28500000000000003,Time-fractional,0.9439333333333332
0.28875,CFD-DEM passage,0.8133333333333334
0.28875,Classical,0.8850667283325687
0.28875,Time-fractional,0.9446666666666668
0.29250000000000004,CFD-DEM passage,0.8133333333333334
0.29250000000000004,Classical,0.8874721043897189
0.29250000000000004,Time-fractional,0.9453
0.29625,CFD-DEM passage,0.8133333333333334
0.29625,Classical,0.8898147126949575
0.29625,Time-fractional,0.9461666666666668
0.30000000000000004,CFD-DEM passage,0.8133333333333334
0.30000000000000004,Classical,0.8920966280137506
0.30000000000000004,Time-fractional,0.9466333333333332
