gas_velocity_m_s,df_over_dp,metric,selected_mesh_route,count,mean,standard_deviation,standard_error,ci95_low,ci95_high,minimum,maximum,same_sign_count,cell,gas,ratio
0.1,0.05,mean_dx_dp,coarse_2p5dp,3,20.6477466013814,1.4357802480715478,0.8289481127212558,17.081070741401625,24.214422461361178,19.699444088914827,22.299610335000224,3,"0.10
0.05",U[s] = 0.10 m s^-1,d[f]/d[p] = 0.05
0.1,0.05,mean_dz_dp,coarse_2p5dp,3,-0.5948527709223863,0.01454787459144633,0.00839921931150845,-0.6309916948203972,-0.5587138470243754,-0.6115979121224132,-0.5853222539627256,3,"0.10
0.05",U[s] = 0.10 m s^-1,d[f]/d[p] = 0.05
0.1,0.05,pressure_gradient_tail_mean_Pa_m,coarse_2p5dp,3,1268.8719360000002,0.15516323979562835,0.08958353826434048,1268.486489144551,1269.2573828554496,1268.696273777778,1268.9903075555558,3,"0.10
0.05",U[s] = 0.10 m s^-1,d[f]/d[p] = 0.05
0.1,0.05,fpt_5dp_reached_fraction,coarse_2p5dp,3,0.8133333333333334,0.05686240703077325,0.03282952600598701,0.6720792836489162,0.9545873830177504,0.75,0.86,3,"0.10
0.05",U[s] = 0.10 m s^-1,d[f]/d[p] = 0.05
0.1,0.05,centered_msd_exponent,coarse_2p5dp,3,1.8911441220280056,0.02255833319455697,0.01302405974234673,1.8351061158258213,1.9471821282301895,1.8705024800674976,1.9152243165186087,3,"0.10
0.05",U[s] = 0.10 m s^-1,d[f]/d[p] = 0.05
0.1,0.05,mean_sampled_contact_fraction,coarse_2p5dp,3,0.5906503914045045,0.03015773833307646,0.01741157834475199,0.5157344163110719,0.6655663664979371,0.5648253009252466,0.623793796924159,3,"0.10
0.05",U[s] = 0.10 m s^-1,d[f]/d[p] = 0.05
0.1,0.1,mean_dx_dp,coarse_2p5dp,3,17.459622601617944,0.7549624241216701,0.4358777587946987,15.584191972924415,19.335053230311473,16.765578658798738,18.26347661646654,3,"0.10
0.10",U[s] = 0.10 m s^-1,d[f]/d[p] = 0.10
0.1,0.1,mean_dz_dp,coarse_2p5dp,3,-2.262305491448607,0.26232727768429726,0.15145472438681074,-2.9139625747574796,-1.6106484081397348,-2.50193658455294,-1.9820271609542712,3,"0.10
0.10",U[s] = 0.10 m s^-1,d[f]/d[p] = 0.10
0.1,0.1,pressure_gradient_tail_mean_Pa_m,coarse_2p5dp,3,1269.0905054814814,0.11648799145488718,0.06725437322383794,1268.8011332689457,1269.3798776940173,1269.0223057777778,1269.225009777778,3,"0.10
0.10",U[s] = 0.10 m s^-1,d[f]/d[p] = 0.10
0.1,0.1,fpt_5dp_reached_fraction,coarse_2p5dp,3,0.7999999999999999,0.02999999999999997,0.01732050807568875,0.7254758686483468,0.8745241313516531,0.77,0.83,3,"0.10
0.10",U[s] = 0.10 m s^-1,d[f]/d[p] = 0.10
0.1,0.1,centered_msd_exponent,coarse_2p5dp,3,1.7703006558427383,0.00990766367393518,0.00572019228918675,1.74568865487526,1.7949126568102167,1.7594366778774908,1.7788378479674734,3,"0.10
0.10",U[s] = 0.10 m s^-1,d[f]/d[p] = 0.10
0.1,0.1,mean_sampled_contact_fraction,coarse_2p5dp,3,0.4643207819615684,0.02382916534831727,0.01375777502841508,0.40512585368095977,0.523515710242177,0.4369110296567812,0.480113295568144,3,"0.10
0.10",U[s] = 0.10 m s^-1,d[f]/d[p] = 0.10
0.2,0.05,mean_dx_dp,coarse_2p5dp,3,24.316684618240576,1.9138266547051983,1.104948334276327,19.562475651589068,29.070893584892083,22.111312882231083,25.54178001923986,3,"0.20
0.05",U[s] = 0.20 m s^-1,d[f]/d[p] = 0.05
0.2,0.05,mean_dz_dp,coarse_2p5dp,3,-0.3628097995755169,0.08350895824350606,0.04821391952163344,-0.5702575520148092,-0.15536204713622462,-0.4356419790397981,-0.2716639068766408,3,"0.20
0.05",U[s] = 0.20 m s^-1,d[f]/d[p] = 0.05
0.2,0.05,pressure_gradient_tail_mean_Pa_m,coarse_2p5dp,3,2563.38146962963,0.09056168968168858,0.05228581591599026,2563.1565019210543,2563.6064373382055,2563.2858880000003,2563.465996444445,3,"0.20
0.05",U[s] = 0.20 m s^-1,d[f]/d[p] = 0.05
0.2,0.05,fpt_5dp_reached_fraction,coarse_2p5dp,3,0.8033333333333332,0.06658328118479392,0.03844187531556932,0.6379312935720118,0.9687353730946546,0.73,0.86,3,"0.20
0.05",U[s] = 0.20 m s^-1,d[f]/d[p] = 0.05
0.2,0.05,centered_msd_exponent,coarse_2p5dp,3,1.8015378803013429,0.01278940781944553,0.00738396804733278,1.7697672300264686,1.833308530576217,1.7909362252741814,1.8157422259614704,3,"0.20
0.05",U[s] = 0.20 m s^-1,d[f]/d[p] = 0.05
0.2,0.05,mean_sampled_contact_fraction,coarse_2p5dp,3,0.5861874666804728,0.03506511856392483,0.02024485564204814,0.4990808832898319,0.6732940500711138,0.5549398428188617,0.6241104275222695,3,"0.20
0.05",U[s] = 0.20 m s^-1,d[f]/d[p] = 0.05
0.2,0.1,mean_dx_dp,coarse_2p5dp,3,24.007604583787113,1.4352837676598766,0.8286614696219301,20.4421620495211,27.573047118053125,22.488182137475267,25.340513910516943,3,"0.20
0.10",U[s] = 0.20 m s^-1,d[f]/d[p] = 0.10
0.2,0.1,mean_dz_dp,coarse_2p5dp,3,-1.4720770711445808,0.27505249315496183,0.15880163096429492,-2.1553453420939164,-0.7888088001952451,-1.7896257637728812,-1.3082042105072895,3,"0.20
0.10",U[s] = 0.20 m s^-1,d[f]/d[p] = 0.10
0.2,0.1,pressure_gradient_tail_mean_Pa_m,coarse_2p5dp,3,2563.8793007407407,0.10322117565245958,0.05959477354901719,2563.622885125654,2564.1357163558273,2563.776940444445,2563.983361777778,3,"0.20
0.10",U[s] = 0.20 m s^-1,d[f]/d[p] = 0.10
0.2,0.1,fpt_5dp_reached_fraction,coarse_2p5dp,3,0.8833333333333333,0.03055050463303896,0.01763834207376395,0.8074416726622704,0.9592249940043962,0.85,0.91,3,"0.20
0.10",U[s] = 0.20 m s^-1,d[f]/d[p] = 0.10
0.2,0.1,centered_msd_exponent,coarse_2p5dp,3,1.8049174834136392,0.02703990965226962,0.01561149911660102,1.737746624124887,1.872088342702392,1.779554962364131,1.83336940050408,3,"0.20
0.10",U[s] = 0.20 m s^-1,d[f]/d[p] = 0.10
0.2,0.1,mean_sampled_contact_fraction,coarse_2p5dp,3,0.4570606454956137,0.00562394868253294,0.00324698828576903,0.4430899824845456,0.47103130850668173,0.45345493016147265,0.4635408861361661,3,"0.20
0.10",U[s] = 0.20 m s^-1,d[f]/d[p] = 0.10
