case,cell,step_dp,quantile,time_s,normalized
main300ms_ug020_df010_seed20260713_12662,"0.20
0.10",0.5,P50,0.00325669959464664,1
main300ms_ug020_df010_seed20260713_12662,"0.20
0.10",0.5,P90,0.00960486653842564,1
main300ms_ug020_df010_seed20260713_12662,"0.20
0.10",0.5,P99,0.03403525012633734,1
main300ms_ug020_df010_seed20260713_12662,"0.20
0.10",1,P50,0.00715867869330983,2.198139093049067
main300ms_ug020_df010_seed20260713_12662,"0.20
0.10",1,P90,0.01646413576671847,1.7141451888843375
main300ms_ug020_df010_seed20260713_12662,"0.20
0.10",1,P99,0.06281718674279797,1.8456508034941232
main300ms_ug020_df010_seed20260713_12662,"0.20
0.10",2,P50,0.01483724509922086,4.555914559516116
main300ms_ug020_df010_seed20260713_12662,"0.20
0.10",2,P90,0.02967719217654982,3.0898078654005214
main300ms_ug020_df010_seed20260713_12662,"0.20
0.10",2,P99,0.11401113853748672,3.349795817991125
main300ms_ug020_df010_seed20260713_12662,"0.20
0.10",5,P50,0.03827548687066108,11.75284540630591
main300ms_ug020_df010_seed20260713_12662,"0.20
0.10",5,P90,0.06123323588790672,6.375230269253031
main300ms_ug020_df010_seed20260713_12662,"0.20
0.10",5,P99,0.24212269377298248,7.113880252803601
paper3_rr_posteq_ug010_df005_s20260713_zero_300ms_20260716,"0.10
0.05",0.5,P50,0.00377895032086578,1
paper3_rr_posteq_ug010_df005_s20260713_zero_300ms_20260716,"0.10
0.05",0.5,P90,0.00840910030392403,1
paper3_rr_posteq_ug010_df005_s20260713_zero_300ms_20260716,"0.10
0.05",0.5,P99,0.02614322394432885,1
paper3_rr_posteq_ug010_df005_s20260713_zero_300ms_20260716,"0.10
0.05",1,P50,0.00802149070809207,2.1226769412132147
paper3_rr_posteq_ug010_df005_s20260713_zero_300ms_20260716,"0.10
0.05",1,P90,0.01593292226927391,1.894723774651488
paper3_rr_posteq_ug010_df005_s20260713_zero_300ms_20260716,"0.10
0.05",1,P99,0.04161933671644328,1.5919741499774591
paper3_rr_posteq_ug010_df005_s20260713_zero_300ms_20260716,"0.10
0.05",2,P50,0.01668918954882958,4.416355900917477
paper3_rr_posteq_ug010_df005_s20260713_zero_300ms_20260716,"0.10
0.05",2,P90,0.02904119176211809,3.4535432700887494
paper3_rr_posteq_ug010_df005_s20260713_zero_300ms_20260716,"0.10
0.05",2,P99,0.06340390247360488,2.4252518590905785
paper3_rr_posteq_ug010_df005_s20260713_zero_300ms_20260716,"0.10
0.05",5,P50,0.04252843595736762,11.254034148727339
paper3_rr_posteq_ug010_df005_s20260713_zero_300ms_20260716,"0.10
0.05",5,P90,0.0678866226968242,8.072994760824239
paper3_rr_posteq_ug010_df005_s20260713_zero_300ms_20260716,"0.10
0.05",5,P99,0.10389006728929884,3.9738812439708804
paper3_rr_posteq_ug010_df005_s20260714_zero_300ms_20260716,"0.10
0.05",0.5,P50,0.00348961687867678,1
paper3_rr_posteq_ug010_df005_s20260714_zero_300ms_20260716,"0.10
0.05",0.5,P90,0.0071460738511752,1
paper3_rr_posteq_ug010_df005_s20260714_zero_300ms_20260716,"0.10
0.05",0.5,P99,0.03307604261311205,1
paper3_rr_posteq_ug010_df005_s20260714_zero_300ms_20260716,"0.10
0.05",1,P50,0.00743805267629716,2.1314811725456746
paper3_rr_posteq_ug010_df005_s20260714_zero_300ms_20260716,"0.10
0.05",1,P90,0.01327965639082935,1.858315022681365
paper3_rr_posteq_ug010_df005_s20260714_zero_300ms_20260716,"0.10
0.05",1,P99,0.04316611749440335,1.3050568956907613
paper3_rr_posteq_ug010_df005_s20260714_zero_300ms_20260716,"0.10
0.05",2,P50,0.0153211485401428,4.390495883305216
paper3_rr_posteq_ug010_df005_s20260714_zero_300ms_20260716,"0.10
0.05",2,P90,0.0242084615380231,3.3876590197905556
paper3_rr_posteq_ug010_df005_s20260714_zero_300ms_20260716,"0.10
0.05",2,P99,0.04951161224866214,1.4969025414495833
paper3_rr_posteq_ug010_df005_s20260714_zero_300ms_20260716,"0.10
0.05",5,P50,0.03838085057791204,10.998585779555716
paper3_rr_posteq_ug010_df005_s20260714_zero_300ms_20260716,"0.10
0.05",5,P90,0.05769649012375479,8.073872636268147
paper3_rr_posteq_ug010_df005_s20260714_zero_300ms_20260716,"0.10
0.05",5,P99,0.07967758322771233,2.4089212896383936
paper3_rr_posteq_ug010_df005_s20260715_zero_300ms_20260716__job_12780,"0.10
0.05",0.5,P50,0.00355386244253139,1
paper3_rr_posteq_ug010_df005_s20260715_zero_300ms_20260716__job_12780,"0.10
0.05",0.5,P90,0.00748523426404147,1
paper3_rr_posteq_ug010_df005_s20260715_zero_300ms_20260716__job_12780,"0.10
0.05",0.5,P99,0.02107969010095301,1
paper3_rr_posteq_ug010_df005_s20260715_zero_300ms_20260716__job_12780,"0.10
0.05",1,P50,0.00765370541086227,2.153630179734979
paper3_rr_posteq_ug010_df005_s20260715_zero_300ms_20260716__job_12780,"0.10
0.05",1,P90,0.01388000030389271,1.8543174220439884
paper3_rr_posteq_ug010_df005_s20260715_zero_300ms_20260716__job_12780,"0.10
0.05",1,P99,0.03201934973181368,1.5189668149042708
paper3_rr_posteq_ug010_df005_s20260715_zero_300ms_20260716__job_12780,"0.10
0.05",2,P50,0.01576920491960383,4.43720182607055
paper3_rr_posteq_ug010_df005_s20260715_zero_300ms_20260716__job_12780,"0.10
0.05",2,P90,0.02601432114686855,3.4754184343754595
paper3_rr_posteq_ug010_df005_s20260715_zero_300ms_20260716__job_12780,"0.10
0.05",2,P99,0.05573481432672127,2.644005393808019
paper3_rr_posteq_ug010_df005_s20260715_zero_300ms_20260716__job_12780,"0.10
0.05",5,P50,0.04105569927173779,11.55241654274444
paper3_rr_posteq_ug010_df005_s20260715_zero_300ms_20260716__job_12780,"0.10
0.05",5,P90,0.06149940132420978,8.216095736595515
paper3_rr_posteq_ug010_df005_s20260715_zero_300ms_20260716__job_12780,"0.10
0.05",5,P99,0.10433567371294988,4.949582902465576
paper3_rr_posteq_ug010_df010_s20260713_zero_300ms_20260716,"0.10
0.10",0.5,P50,0.00470156587957819,1
paper3_rr_posteq_ug010_df010_s20260713_zero_300ms_20260716,"0.10
0.10",0.5,P90,0.01244446701011806,1
paper3_rr_posteq_ug010_df010_s20260713_zero_300ms_20260716,"0.10
0.10",0.5,P99,0.05395947387920082,1
paper3_rr_posteq_ug010_df010_s20260713_zero_300ms_20260716,"0.10
0.10",1,P50,0.01050158816175295,2.233636288575227
paper3_rr_posteq_ug010_df010_s20260713_zero_300ms_20260716,"0.10
0.10",1,P90,0.02207488386588115,1.7738713797813128
paper3_rr_posteq_ug010_df010_s20260713_zero_300ms_20260716,"0.10
0.10",1,P99,0.1081000001088583,2.003355339432367
paper3_rr_posteq_ug010_df010_s20260713_zero_300ms_20260716,"0.10
0.10",2,P50,0.02215415327676116,4.71207972922178
paper3_rr_posteq_ug010_df010_s20260713_zero_300ms_20260716,"0.10
0.10",2,P90,0.03837686579484873,3.0838496951011365
paper3_rr_posteq_ug010_df010_s20260713_zero_300ms_20260716,"0.10
0.10",2,P99,0.14173193008152435,2.6266366198977384
paper3_rr_posteq_ug010_df010_s20260713_zero_300ms_20260716,"0.10
0.10",5,P50,0.05629824395790491,11.974360330128102
paper3_rr_posteq_ug010_df010_s20260713_zero_300ms_20260716,"0.10
0.10",5,P90,0.08191501743105241,6.582444821819275
paper3_rr_posteq_ug010_df010_s20260713_zero_300ms_20260716,"0.10
0.10",5,P99,0.1092731260062785,2.0250962092571263
paper3_rr_posteq_ug010_df010_s20260714_zero_300ms_20260716__job_12782,"0.10
0.10",0.5,P50,0.0048239008467015,1
paper3_rr_posteq_ug010_df010_s20260714_zero_300ms_20260716__job_12782,"0.10
0.10",0.5,P90,0.01350300579287518,1
paper3_rr_posteq_ug010_df010_s20260714_zero_300ms_20260716__job_12782,"0.10
0.10",0.5,P99,0.05870787018199545,1
paper3_rr_posteq_ug010_df010_s20260714_zero_300ms_20260716__job_12782,"0.10
0.10",1,P50,0.01074173224872082,2.2267730183686987
paper3_rr_posteq_ug010_df010_s20260714_zero_300ms_20260716__job_12782,"0.10
0.10",1,P90,0.02321043437424216,1.7189087178270392
paper3_rr_posteq_ug010_df010_s20260714_zero_300ms_20260716__job_12782,"0.10
0.10",1,P99,0.1069613695860709,1.8219255655926325
paper3_rr_posteq_ug010_df010_s20260714_zero_300ms_20260716__job_12782,"0.10
0.10",2,P50,0.02248742067418297,4.661667266556584
paper3_rr_posteq_ug010_df010_s20260714_zero_300ms_20260716__job_12782,"0.10
0.10",2,P90,0.04095008529382823,3.0326644246450236
paper3_rr_posteq_ug010_df010_s20260714_zero_300ms_20260716__job_12782,"0.10
0.10",2,P99,0.17607173084400254,2.9991163075440657
paper3_rr_posteq_ug010_df010_s20260714_zero_300ms_20260716__job_12782,"0.10
0.10",5,P50,0.05772548799666834,11.966557736388806
paper3_rr_posteq_ug010_df010_s20260714_zero_300ms_20260716__job_12782,"0.10
0.10",5,P90,0.08415688232161476,6.232455470471611
paper3_rr_posteq_ug010_df010_s20260714_zero_300ms_20260716__job_12782,"0.10
0.10",5,P99,0.1541238634675498,2.62526749803328
paper3_rr_posteq_ug010_df010_s20260715_zero_300ms_20260716__job_12784,"0.10
0.10",0.5,P50,0.00482976930083503,1
paper3_rr_posteq_ug010_df010_s20260715_zero_300ms_20260716__job_12784,"0.10
0.10",0.5,P90,0.01191073960997527,1
paper3_rr_posteq_ug010_df010_s20260715_zero_300ms_20260716__job_12784,"0.10
0.10",0.5,P99,0.0471500411697834,1
paper3_rr_posteq_ug010_df010_s20260715_zero_300ms_20260716__job_12784,"0.10
0.10",1,P50,0.01081354906220055,2.2389369737248055
paper3_rr_posteq_ug010_df010_s20260715_zero_300ms_20260716__job_12784,"0.10
0.10",1,P90,0.02097942698601351,1.7613874262218943
paper3_rr_posteq_ug010_df010_s20260715_zero_300ms_20260716__job_12784,"0.10
0.10",1,P99,0.08448069131981936,1.791741623631067
paper3_rr_posteq_ug010_df010_s20260715_zero_300ms_20260716__job_12784,"0.10
0.10",2,P50,0.02261286898212234,4.681977041473337
paper3_rr_posteq_ug010_df010_s20260715_zero_300ms_20260716__job_12784,"0.10
0.10",2,P90,0.0381226175287342,3.2006927174200355
paper3_rr_posteq_ug010_df010_s20260715_zero_300ms_20260716__job_12784,"0.10
0.10",2,P99,0.15707169506619478,3.3313161806284026
paper3_rr_posteq_ug010_df010_s20260715_zero_300ms_20260716__job_12784,"0.10
0.10",5,P50,0.05970861937322579,12.362623482430648
paper3_rr_posteq_ug010_df010_s20260715_zero_300ms_20260716__job_12784,"0.10
0.10",5,P90,0.08519745364261185,7.152994392662131
paper3_rr_posteq_ug010_df010_s20260715_zero_300ms_20260716__job_12784,"0.10
0.10",5,P99,0.11933134341352976,2.5308852432138385
paper3_rr_posteq_ug020_df005_s20260713_zero_300ms_20260716__job_12786,"0.20
0.05",0.5,P50,0.00220862047830242,1
paper3_rr_posteq_ug020_df005_s20260713_zero_300ms_20260716__job_12786,"0.20
0.05",0.5,P90,0.0055752121373309,1
paper3_rr_posteq_ug020_df005_s20260713_zero_300ms_20260716__job_12786,"0.20
0.05",0.5,P99,0.03001233754500589,1
paper3_rr_posteq_ug020_df005_s20260713_zero_300ms_20260716__job_12786,"0.20
0.05",1,P50,0.00471652380540579,2.1355066892393317
paper3_rr_posteq_ug020_df005_s20260713_zero_300ms_20260716__job_12786,"0.20
0.05",1,P90,0.01021998344993755,1.8331111351810025
paper3_rr_posteq_ug020_df005_s20260713_zero_300ms_20260716__job_12786,"0.20
0.05",1,P99,0.03991749822880561,1.3300362948719386
paper3_rr_posteq_ug020_df005_s20260713_zero_300ms_20260716__job_12786,"0.20
0.05",2,P50,0.00969641658596487,4.390259295892107
paper3_rr_posteq_ug020_df005_s20260713_zero_300ms_20260716__job_12786,"0.20
0.05",2,P90,0.01925772149817397,3.454168383876688
paper3_rr_posteq_ug020_df005_s20260713_zero_300ms_20260716__job_12786,"0.20
0.05",2,P99,0.0749127773193894,2.4960660663985843
paper3_rr_posteq_ug020_df005_s20260713_zero_300ms_20260716__job_12786,"0.20
0.05",5,P50,0.02506437242608784,11.348428882336863
paper3_rr_posteq_ug020_df005_s20260713_zero_300ms_20260716__job_12786,"0.20
0.05",5,P90,0.04412587434534905,7.914653874762522
paper3_rr_posteq_ug020_df005_s20260713_zero_300ms_20260716__job_12786,"0.20
0.05",5,P99,0.10999665400463768,3.665047877050194
paper3_rr_posteq_ug020_df005_s20260714_zero_300ms_20260716__job_12788,"0.20
0.05",0.5,P50,0.00210804145446111,1
paper3_rr_posteq_ug020_df005_s20260714_zero_300ms_20260716__job_12788,"0.20
0.05",0.5,P90,0.00539475262831334,1
paper3_rr_posteq_ug020_df005_s20260714_zero_300ms_20260716__job_12788,"0.20
0.05",0.5,P99,0.02576793909224289,1
paper3_rr_posteq_ug020_df005_s20260714_zero_300ms_20260716__job_12788,"0.20
0.05",1,P50,0.00462073788425786,2.191957788343913
paper3_rr_posteq_ug020_df005_s20260714_zero_300ms_20260716__job_12788,"0.20
0.05",1,P90,0.01005932214250722,1.8646493797904224
paper3_rr_posteq_ug020_df005_s20260714_zero_300ms_20260716__job_12788,"0.20
0.05",1,P99,0.04391714417246952,1.7043328151024006
paper3_rr_posteq_ug020_df005_s20260714_zero_300ms_20260716__job_12788,"0.20
0.05",2,P50,0.0095219720122198,4.516975694225118
paper3_rr_posteq_ug020_df005_s20260714_zero_300ms_20260716__job_12788,"0.20
0.05",2,P90,0.01885286210214852,3.4946666512942293
paper3_rr_posteq_ug020_df005_s20260714_zero_300ms_20260716__job_12788,"0.20
0.05",2,P99,0.06830123672791409,2.6506286157931545
paper3_rr_posteq_ug020_df005_s20260714_zero_300ms_20260716__job_12788,"0.20
0.05",5,P50,0.02411799775248212,11.440950414633821
paper3_rr_posteq_ug020_df005_s20260714_zero_300ms_20260716__job_12788,"0.20
0.05",5,P90,0.04389327673110348,8.136290902522186
paper3_rr_posteq_ug020_df005_s20260714_zero_300ms_20260716__job_12788,"0.20
0.05",5,P99,0.07038952727520857,2.7316708186569114
paper3_rr_posteq_ug020_df005_s20260715_zero_300ms_20260716__job_12790,"0.20
0.05",0.5,P50,0.00206823508803151,1
paper3_rr_posteq_ug020_df005_s20260715_zero_300ms_20260716__job_12790,"0.20
0.05",0.5,P90,0.00512804814070818,1
paper3_rr_posteq_ug020_df005_s20260715_zero_300ms_20260716__job_12790,"0.20
0.05",0.5,P99,0.02006636618181024,1
paper3_rr_posteq_ug020_df005_s20260715_zero_300ms_20260716__job_12790,"0.20
0.05",1,P50,0.00445000582497182,2.151595749788393
paper3_rr_posteq_ug020_df005_s20260715_zero_300ms_20260716__job_12790,"0.20
0.05",1,P90,0.00932561270034176,1.818550147045597
paper3_rr_posteq_ug020_df005_s20260715_zero_300ms_20260716__job_12790,"0.20
0.05",1,P99,0.03172191901041599,1.5808502009283214
paper3_rr_posteq_ug020_df005_s20260715_zero_300ms_20260716__job_12790,"0.20
0.05",2,P50,0.00923225691736627,4.46383342531592
paper3_rr_posteq_ug020_df005_s20260715_zero_300ms_20260716__job_12790,"0.20
0.05",2,P90,0.01738874082178607,3.3909082646374484
paper3_rr_posteq_ug020_df005_s20260715_zero_300ms_20260716__job_12790,"0.20
0.05",2,P99,0.04811849786056628,2.3979676950271513
paper3_rr_posteq_ug020_df005_s20260715_zero_300ms_20260716__job_12790,"0.20
0.05",5,P50,0.02405073852620646,11.628629001308212
paper3_rr_posteq_ug020_df005_s20260715_zero_300ms_20260716__job_12790,"0.20
0.05",5,P90,0.04121479509427828,8.037131080557005
paper3_rr_posteq_ug020_df005_s20260715_zero_300ms_20260716__job_12790,"0.20
0.05",5,P99,0.08716517445154853,4.3438445038724565
paper3_rr_posteq_ug020_df010_s20260714_zero_300ms_20260716__job_12792,"0.20
0.10",0.5,P50,0.0031159043791008,1
paper3_rr_posteq_ug020_df010_s20260714_zero_300ms_20260716__job_12792,"0.20
0.10",0.5,P90,0.00924891441737604,1
paper3_rr_posteq_ug020_df010_s20260714_zero_300ms_20260716__job_12792,"0.20
0.10",0.5,P99,0.03628996699519512,1
paper3_rr_posteq_ug020_df010_s20260714_zero_300ms_20260716__job_12792,"0.20
0.10",1,P50,0.00697885692722587,2.2397532395521895
paper3_rr_posteq_ug020_df010_s20260714_zero_300ms_20260716__job_12792,"0.20
0.10",1,P90,0.01579555300766059,1.707827783332637
paper3_rr_posteq_ug020_df010_s20260714_zero_300ms_20260716__job_12792,"0.20
0.10",1,P99,0.07174879638944323,1.9770973172541861
paper3_rr_posteq_ug020_df010_s20260714_zero_300ms_20260716__job_12792,"0.20
0.10",2,P50,0.01485066210906518,4.766084032832498
paper3_rr_posteq_ug020_df010_s20260714_zero_300ms_20260716__job_12792,"0.20
0.10",2,P90,0.02714254497330544,2.93467360042952
paper3_rr_posteq_ug020_df010_s20260714_zero_300ms_20260716__job_12792,"0.20
0.10",2,P99,0.13302341408946802,3.6655699936867028
paper3_rr_posteq_ug020_df010_s20260714_zero_300ms_20260716__job_12792,"0.20
0.10",5,P50,0.0375362105405477,12.046650337639708
paper3_rr_posteq_ug020_df010_s20260714_zero_300ms_20260716__job_12792,"0.20
0.10",5,P90,0.05699665843716976,6.162524147708567
paper3_rr_posteq_ug020_df010_s20260714_zero_300ms_20260716__job_12792,"0.20
0.10",5,P99,0.19509242500807783,5.375932831074455
paper3_rr_posteq_ug020_df010_s20260715_zero_300ms_20260716__job_12794,"0.20
0.10",0.5,P50,0.00318170361034986,1
paper3_rr_posteq_ug020_df010_s20260715_zero_300ms_20260716__job_12794,"0.20
0.10",0.5,P90,0.00869160877787757,1
paper3_rr_posteq_ug020_df010_s20260715_zero_300ms_20260716__job_12794,"0.20
0.10",0.5,P99,0.03046582962610432,1
paper3_rr_posteq_ug020_df010_s20260715_zero_300ms_20260716__job_12794,"0.20
0.10",1,P50,0.00700118107550737,2.200450429365267
paper3_rr_posteq_ug020_df010_s20260715_zero_300ms_20260716__job_12794,"0.20
0.10",1,P90,0.01529061122084932,1.7592383195810593
paper3_rr_posteq_ug020_df010_s20260715_zero_300ms_20260716__job_12794,"0.20
0.10",1,P99,0.06150871443163223,2.018941062380561
paper3_rr_posteq_ug020_df010_s20260715_zero_300ms_20260716__job_12794,"0.20
0.10",2,P50,0.01469492479321447,4.618571241335272
paper3_rr_posteq_ug020_df010_s20260715_zero_300ms_20260716__job_12794,"0.20
0.10",2,P90,0.02696507132872118,3.102425801464325
paper3_rr_posteq_ug020_df010_s20260715_zero_300ms_20260716__job_12794,"0.20
0.10",2,P99,0.11943030639636334,3.9201396404459232
paper3_rr_posteq_ug020_df010_s20260715_zero_300ms_20260716__job_12794,"0.20
0.10",5,P50,0.0387280925904017,12.172124538697418
paper3_rr_posteq_ug020_df010_s20260715_zero_300ms_20260716__job_12794,"0.20
0.10",5,P90,0.05777742384755931,6.647494764676713
paper3_rr_posteq_ug020_df010_s20260715_zero_300ms_20260716__job_12794,"0.20
0.10",5,P99,0.19191660673098573,6.299405238140768
