transition_time_s,n,empirical,low,high,fitted,state
9.999999999998908e-5,12,0.8185288113228659,0.8185288113228659,0.8185288113228659,0.8246391236472039,Low mobility
1.0446557058765113e-4,12,0.6791729146720927,0.6791729146720927,0.6791729146720927,0.8186163219286964,Low mobility
1.0913055438204691e-4,12,0.6780846309996462,0.6780846309996462,0.6780846309996462,0.812447407783649,Low mobility
1.1400385632068466e-4,12,0.6769477492516136,0.6769477492516136,0.6769477492516136,0.8061327751938637,Low mobility
1.1909477899734221e-4,12,0.6757600992466248,0.6757600992466248,0.6757600992466248,0.7996730856539428,Low mobility
1.2441304041968922e-4,12,0.6747970842476245,0.6747970842476245,0.6747970842476245,0.7930692762677523,Low mobility
1.2996879255988732e-4,12,0.6739272858611451,0.6739272858611451,0.6739272858611451,0.7863225668764438,Low mobility
1.3577264073358177e-4,12,0.6730186460137471,0.6730186460137471,0.6730186460137471,0.7794344661219372,Low mobility
1.4183566384427332e-4,12,0.672069430212576,0.672069430212576,0.672069430212576,0.7724067763545397,Low mobility
1.4816943553171881e-4,12,0.6710778265097752,0.6710778265097752,0.6710778265097752,0.7652415972993835,Low mobility
1.5478604626472886e-4,12,0.6700419420436752,0.6700419420436752,0.6700419420436752,0.7579413284037052,Low mobility
1.616981264205323e-4,12,0.668959799425535,0.668959799425535,0.668959799425535,0.750508669796152,Low mobility
1.6891887039476898e-4,12,0.6678293329649223,0.6678293329649223,0.6678293329649223,0.742946621798999,Low mobility
1.7646206178812925e-4,12,0.6666483847265419,0.6666483847265419,0.6666483847265419,0.7352584829457129,Low mobility
1.8434209971772284e-4,12,0.6654147004109722,0.6654147004109722,0.6654147004109722,0.7274478464686163,Low mobility
1.92574026303397e-4,12,0.663386261485768,0.663386261485768,0.663386261485768,0.719518595234786,Low mobility
2.0117355538147865e-4,12,0.6102587451238306,0.6102587451238306,0.6102587451238306,0.711012352522405,Low mobility
2.1015710250074895e-4,12,0.5931350158951867,0.5931350158951867,0.5931350158951867,0.7023195694538036,Low mobility
2.1954181625790617e-4,12,0.5893627001324487,0.5893627001324487,0.5893627001324487,0.6935203875592874,Low mobility
2.2934561103233936e-4,12,0.5854219289465343,0.5854219289465343,0.5854219289465343,0.6846102985433522,Low mobility
2.39587201182694e-4,12,0.5813051798416146,0.5813051798416146,0.5813051798416146,0.6755868157162377,Low mobility
2.5028613677051224e-4,12,0.577004594399501,0.577004594399501,0.577004594399501,0.6664615326644908,Low mobility
2.6146284087913305e-4,12,0.5725119632787838,0.5725119632787838,0.5725119632787838,0.6572543844356432,Low mobility
2.731386485990985e-4,12,0.5678187105441281,0.5678187105441281,0.5678187105441281,0.6479503812313578,Low mobility
2.853358477544782e-4,12,0.5633823752062168,0.5633823752062168,0.5633823752062168,0.6385548373289361,Low mobility
2.9807772144785973e-4,12,0.55508979403524,0.55508979403524,0.55508979403524,0.629085182988001,Low mobility
3.1138859250521e-4,12,0.5351072655031341,0.5351072655031341,0.5351072655031341,0.6190184305044265,Low mobility
3.252938699054584e-4,12,0.5331462783075358,0.5331462783075358,0.5331462783075358,0.6088584597168458,Low mobility
3.398200972834258e-4,12,0.5310977218445038,0.5310977218445038,0.5310977218445038,0.5986221935908118,Low mobility
3.5499500359868064e-4,12,0.5289576856465872,0.5289576856465872,0.5289576856465872,0.5883309921658602,Low mobility
3.7084755606705454e-4,12,0.52672208462165,0.52672208462165,0.52672208462165,0.5779833154719285,Low mobility
3.8740801545584987e-4,12,0.5238862416596617,0.5238862416596617,0.5238862416596617,0.5675683947519796,Low mobility
4.0470799384829346e-4,12,0.5023401785261873,0.5023401785261873,0.5023401785261873,0.5571252688195019,Low mobility
4.227805149875019e-4,12,0.4911444326148276,0.4911444326148276,0.4911444326148276,0.5466336955625931,Low mobility
4.416600773151516e-4,12,0.4834618399938425,0.4834618399938425,0.4834618399938425,0.5360953722083228,Low mobility
4.613827198251842e-4,12,0.4754361757764037,0.4754361757764037,0.4754361757764037,0.525533357668577,Low mobility
4.81986090858255e-4,12,0.46707099154271153,0.46707099154271153,0.46707099154271153,0.5149621803197316,Low mobility
5.035095199682452e-4,12,0.45896038822823393,0.45896038822823393,0.45896038822823393,0.5043875117302954,Low mobility
5.259940929980275e-4,12,0.45462469484659074,0.45462469484659074,0.45462469484659074,0.4938000407383298,Low mobility
5.494827305077897e-4,12,0.4510479492706193,0.4510479492706193,0.4510479492706193,0.4838913124370202,Low mobility
5.740202697056305e-4,12,0.44740962799253414,0.44740962799253414,0.44740962799253414,0.47400539676736764,Low mobility
5.996535500368258e-4,12,0.43972755981562195,0.43972755981562195,0.43972755981562195,0.4641488782801947,Low mobility
6.264315025951439e-4,12,0.42602305552652997,0.42602305552652997,0.42602305552652997,0.45432823460560967,Low mobility
6.544052435268851e-4,12,0.42452574209389643,0.42452574209389643,0.42452574209389643,0.44454982309075597,Low mobility
6.836281716059424e-4,12,0.4220535041799848,0.4220535041799848,0.4220535041799848,0.4348385210162977,Low mobility
7.141560701661525e-4,12,0.40038824763463154,0.40038824763463154,0.40038824763463154,0.4251896158129158,Low mobility
7.460472135854981e-4,12,0.39814327675989475,0.39814327675989475,0.39814327675989475,0.41560172702461606,Low mobility
7.79362478525448e-4,12,0.3965048583634484,0.3965048583634484,0.3965048583634484,0.40608056898587824,Low mobility
8.141654601377574e-4,12,0.3713029568983359,0.3713029568983359,0.3713029568983359,0.39663167965053053,Low mobility
8.505225934605756e-4,12,0.36607312152981375,0.36607312152981375,0.36607312152981375,0.3872604124061493,Low mobility
8.885032802355756e-4,12,0.3591327047590964,0.3591327047590964,0.3591327047590964,0.3779719287600477,Low mobility
9.281800213881923e-4,12,0.3412917743857764,0.3412917743857764,0.3412917743857764,0.3687849648831014,Low mobility
9.696285554238623e-4,12,0.3393970701142395,0.3393970701142395,0.3393970701142395,0.35970433772320065,Low mobility
0.0010129280030044465,12,0.31788355195241813,0.31788355195241813,0.31788355195241813,0.3507210612285192,Low mobility
0.0010581610179808106,12,0.30974192919080146,0.30974192919080146,0.30974192919080146,0.34183942249237464,Low mobility
0.0011054139451698712,12,0.29883820927940985,0.29883820927940985,0.29883820927940985,0.33306349198970797,Low mobility
0.0011547769851772958,12,0.2936095546771359,0.2936095546771359,0.2936095546771359,0.3243971212625164,Low mobility
0.0012063443665804691,12,0.2828407400319242,0.2828407400319242,0.2828407400319242,0.31584394131729476,Low mobility
0.0012602145258004105,12,0.2813798612300952,0.2813798612300952,0.2813798612300952,0.3074153616137063,Low mobility
0.0013164902950060034,12,0.2704549739199887,0.2704549739199887,0.2704549739199887,0.2991262144148029,Low mobility
0.0013752790984092218,12,0.26657150632575066,0.26657150632575066,0.26657150632575066,0.2909598411364873,Low mobility
0.0014366931573260545,12,0.2532599243865026,0.2532599243865026,0.2532599243865026,0.2829189364234558,Low mobility
0.0015008497043945655,12,0.24514245636790893,0.24514245636790893,0.24514245636790893,0.2750059760732195,Low mobility
0.001567871207359028,12,0.23858209193216523,0.23858209193216523,0.23858209193216523,0.2672232190964302,Low mobility
0.001637885602847282,12,0.2304599560183237,0.2304599560183237,0.2304599560183237,0.2595727102330806,Low mobility
0.0017110265405875895,12,0.22717694351868395,0.22717694351868395,0.22717694351868395,0.2520583177769549,Low mobility
0.001787433638531167,12,0.22316660531487542,0.22316660531487542,0.22316660531487542,0.24470425891339118,Low mobility
0.0018672527493673993,12,0.21531561792888596,0.21531561792888596,0.21531561792888596,0.23748708926048304,Low mobility
0.0019506362389404698,12,0.20853005659398938,0.20853005659398938,0.20853005659398938,0.23040798337129043,Low mobility
0.00203774327709888,12,0.2038979895060119,0.2038979895060119,0.2038979895060119,0.22346792087534956,Low mobility
0.0021287401415330766,12,0.19818918390216328,0.19818918390216328,0.19818918390216328,0.2166676911468439,Low mobility
0.0022238005351811435,12,0.1920533983505111,0.1920533983505111,0.1920533983505111,0.2100078982017834,Low mobility
0.0023231059178084744,12,0.18413254174979446,0.18413254174979446,0.18413254174979446,0.20348896579801384,Low mobility
0.002426845852394375,12,0.17987796250113067,0.17987796250113067,0.17987796250113067,0.19713248831914312,Low mobility
0.0025352183669868043,12,0.17523972445953367,0.17523972445953367,0.17523972445953367,0.19092018508642802,Low mobility
0.002648430332715985,12,0.1692633279676637,0.1692633279676637,0.1692633279676637,0.18484849416088467,Low mobility
0.002766697858688481,12,0.16562904163878595,0.16562904163878595,0.16562904163878595,0.1793437078735461,Low mobility
0.00289024670451556,12,0.16018750432584777,0.16018750432584777,0.16018750432584777,0.17445165638620755,Low mobility
0.0030193127112632923,12,0.15358032480608413,0.15358032480608413,0.15358032480608413,0.16967340556928764,Low mobility
0.0031541422516470218,12,0.1503680983299976,0.1503680983299976,0.1503680983299976,0.16502316180053128,Low mobility
0.003294992700329605,12,0.14247316760401635,0.14247316760401635,0.14247316760401635,0.1604852852684975,Low mobility
0.0034421329252211485,12,0.13788168482238472,0.13788168482238472,0.13788168482238472,0.15605587096592904,Low mobility
0.0035958438007180718,12,0.13338270874625285,0.13338270874625285,0.13338270874625285,0.1517332464986316,Low mobility
0.0037564187438612244,12,0.12855363089625965,0.12855363089625965,0.12855363089625965,0.14751570518885035,Low mobility
0.00392416427443653,12,0.11999672811959794,0.11999672811959794,0.11999672811959794,0.14340151103177032,Low mobility
0.004099400600087325,12,0.11387001786125736,0.11387001786125736,0.11387001786125736,0.13940244596387208,Low mobility
0.004282462227555286,12,0.10994547969275331,0.10994547969275331,0.10994547969275331,0.1355047720817728,Low mobility
0.004473698601216748,12,0.10640036160327884,0.10640036160327884,0.10640036160327884,0.13170456806058345,Low mobility
0.004673474770133349,12,0.10198355895494918,0.10198355895494918,0.10198355895494918,0.12800003204412244,Low mobility
0.004882172084890253,12,0.0991229278762275,0.0991229278762275,0.0991229278762275,0.12438935424156004,Low mobility
0.005100188925552183,12,0.09747775396838321,0.09747775396838321,0.09747775396838321,0.12089915037999904,Low mobility
0.005327941462126858,12,0.09353763123109363,0.09353763123109363,0.09353763123109363,0.11756583985408522,Low mobility
0.005565864448987467,12,0.09241449851955497,0.09241449851955497,0.09241449851955497,0.11431906163595265,Low mobility
0.0058144120547706166,12,0.09137010663260398,0.09137010663260398,0.09137010663260398,0.11116360447352415,Low mobility
0.006074058729333952,12,0.08830570277571456,0.08830570277571456,0.08830570277571456,0.10808883548632567,Low mobility
0.0063453001094284376,12,0.08556865015698792,0.08556865015698792,0.08556865015698792,0.10509305160497827,Low mobility
0.0066286539648139865,12,0.08325939680023506,0.08325939680023506,0.08325939680023506,0.10217456205932224,Low mobility
0.00692466118662464,12,0.08162303912455732,0.08162303912455732,0.08162303912455732,0.0993316900995547,Low mobility
0.007233886819869833,12,0.08060482598453819,0.08060482598453819,0.08060482598453819,0.09656277456501275,Low mobility
0.00755692114204273,12,0.07945937101801887,0.07945937101801887,0.07945937101801887,0.0938672833429476,Low mobility
0.007894380789894642,12,0.07910837279793581,0.07910837279793581,0.07910837279793581,0.09125019559553516,Low mobility
0.00824690993652625,12,0.0787417005045735,0.0787417005045735,0.0787417005045735,0.08870184405192796,Low mobility
0.008615181521042785,12,0.07833631542763478,0.07833631542763478,0.07833631542763478,0.08622065096333176,Low mobility
0.008999898533120202,12,0.07586298508620445,0.07586298508620445,0.07586298508620445,0.08380505997525023,Low mobility
0.009401795354934689,12,0.07235206983312883,0.07235206983312883,0.07235206983312883,0.0814535369268598,Low mobility
0.009821639163016866,12,0.07059254681301669,0.07059254681301669,0.07059254681301669,0.07916457054997639,Low mobility
0.01026023139270688,12,0.06938520803066103,0.06938520803066103,0.06938520803066103,0.076937129615091,Low mobility
0.010718409268005718,12,0.06811011135494903,0.06811011135494903,0.06811011135494903,0.07477621381266954,Low mobility
0.011197047399743065,12,0.06699470327841475,0.06699470327841475,0.06699470327841475,0.07267316897170065,Low mobility
0.011697059455112624,12,0.06583981120848317,0.06583981120848317,0.06583981120848317,0.07062658827022872,Low mobility
0.012219399901761522,12,0.06428825681173786,0.06428825681173786,0.06428825681173786,0.06863508989629849,Low mobility
0.012765065829763448,12,0.062288210883426814,0.062288210883426814,0.062288210883426814,0.06669731726222591,Low mobility
0.013335098854953114,12,0.060580301551267056,0.060580301551267056,0.060580301551267056,0.06481193915836381,Low mobility
0.01393058710725561,12,0.05943014838384966,0.05943014838384966,0.05943014838384966,0.06297764985092255,Low mobility
0.014552667307805925,12,0.05732009840140362,0.05732009840140362,0.05732009840140362,0.06119929625088441,Low mobility
0.015202526938823673,12,0.055568566411078546,0.055568566411078546,0.055568566411078546,0.05946925925459529,Low mobility
0.015881406510385256,12,0.05519408218269913,0.05519408218269913,0.05519408218269913,0.057786303772454875,Low mobility
0.01659060192842013,12,0.05488232458774915,0.05488232458774915,0.05488232458774915,0.05614923280219318,Low mobility
0.01733146696845183,12,0.05455664523733428,0.05455664523733428,0.05455664523733428,0.05455687449388215,Low mobility
0.018105415859805445,12,0.05421642244563719,0.05421642244563719,0.05421642244563719,0.053008081992739764,Low mobility
0.018913925985214887,12,0.05387319418572124,0.05387319418572124,0.05387319418572124,0.051501733252064086,Low mobility
0.0197585407009829,12,0.05353418207083574,0.05353418207083574,0.05353418207083574,0.05004149116183593,Low mobility
0.02064087228307731,12,0.053180176975061486,0.053180176975061486,0.053180176975061486,0.04862164794047731,Low mobility
0.021562605004787395,12,0.05281036353185149,0.05281036353185149,0.05281036353185149,0.04724082460132953,Low mobility
0.02252549835181501,12,0.05242403580829229,0.05242403580829229,0.05242403580829229,0.045898001930512286,Low mobility
0.02353139038093807,12,0.05190584359850369,0.05190584359850369,0.05190584359850369,0.04459218410898608,Low mobility
0.024582201228657268,12,0.051116358377484836,0.051116358377484836,0.051116358377484836,0.04332239839954991,Low mobility
0.025679936776524203,12,0.050405679910957776,0.050405679910957776,0.050405679910957776,0.042087694820532734,Low mobility
0.026826692480146977,12,0.050188428554069915,0.050188428554069915,0.050188428554069915,0.040890819965101875,Low mobility
0.02802465736918307,12,0.04997989788583085,0.04997989788583085,0.04997989788583085,0.0397275655416251,Low mobility
0.029276118225954512,12,0.04982316564753217,0.04982316564753217,0.04982316564753217,0.03859650566710964,Low mobility
0.03058346395066202,12,0.04965943442049864,0.04965943442049864,0.04965943442049864,0.03749678304889211,Low mobility
0.031949190121531156,12,0.04948839165994788,0.04948839165994788,0.04948839165994788,0.03642756125719311,Low mobility
0.0333759037585946,12,0.049167894174410746,0.049167894174410746,0.049167894174410746,0.03538802435216337,Low mobility
0.03486632830020495,12,0.04881557358896409,0.04881557358896409,0.04881557358896409,0.034377376507460866,Low mobility
0.03642330880177674,12,0.04844751987907945,0.04844751987907945,0.04844751987907945,0.033397658465662505,Low mobility
0.03804981736668237,12,0.048063030470979394,0.048063030470979394,0.048063030470979394,0.03244582468732218,Low mobility
0.039748958819668216,12,0.04792342366383204,0.04792342366383204,0.04792342366383204,0.03152046727462389,Low mobility
0.041523976633621375,12,0.04792342366383204,0.04792342366383204,0.04792342366383204,0.030620871419846592,Low mobility
0.04337825912100023,11,0.06489893287939232,0.06489893287939232,0.06489893287939232,0.03067223286049364,Low mobility
0.045315345901747614,11,0.06489893287939232,0.06489893287939232,0.06489893287939232,0.029763147126385305,Low mobility
0.047338934660033596,11,0.06489893287939232,0.06489893287939232,0.06489893287939232,0.028880766947264956,Low mobility
0.049452888202724796,11,0.06489893287939232,0.06489893287939232,0.06489893287939232,0.028024324726708842,Low mobility
0.05166124183305531,11,0.06489893287939232,0.06489893287939232,0.06489893287939232,0.027193073729417854,Low mobility
0.05396821105357339,11,0.06489893287939232,0.06489893287939232,0.06489893287939232,0.026386287600679632,Low mobility
0.05637819961306935,11,0.06489893287939232,0.06489893287939232,0.06489893287939232,0.02560325989042642,Low mobility
0.058895807912844246,11,0.06489893287939232,0.06489893287939232,0.06489893287939232,0.024843303582406558,Low mobility
0.061525841788366384,11,0.06489893287939232,0.06489893287939232,0.06489893287939232,0.024105750628929043,Low mobility
0.06427332168307946,11,0.06489893287939232,0.06489893287939232,0.06489893287939232,0.023389951491587006,Low mobility
0.06714349223187271,11,0.06489893287939232,0.06489893287939232,0.06489893287939232,0.022695274688317117,Low mobility
0.0701418322725087,11,0.06489893287939232,0.06489893287939232,0.06489893287939232,0.022021106347105343,Low mobility
0.07327406530411737,11,0.06489893287939232,0.06489893287939232,0.06489893287939232,0.021366849766608246,Low mobility
0.0765461704127226,11,0.06489893287939232,0.06489893287939232,0.06489893287939232,0.020731924983919087,Low mobility
0.07996439368465517,11,0.06489893287939232,0.06489893287939232,0.06489893287939232,0.020115768349673258,Low mobility
0.08353526012963974,10,0.06530213184124542,0.06530213184124542,0.06530213184124542,0.02241216779570959,Low mobility
0.08726558613631631,9,0.06570533080309851,0.06570533080309851,0.06570533080309851,0.024598687336407608,Low mobility
0.09116249248397089,9,0.06570533080309851,0.06570533080309851,0.06570533080309851,0.023910560974771577,Low mobility
0.09523341793531516,7,0.06591216277563945,0.06591216277563945,0.06591216277563945,0.029132916610590275,Low mobility
0.09948613343626024,6,0.07189980509769697,0.07189980509769697,0.07189980509769697,0.03045915543915856,Low mobility
0.10392875694979258,6,0.07178872085338905,0.07178872085338905,0.07178872085338905,0.02968587902142652,Low mobility
0.1085697689522657,6,0.07165915473421307,0.07165915473421307,0.07165915473421307,0.028932176863678664,Low mobility
0.11341802862169113,6,0.07152380274852757,0.07152380274852757,0.07152380274852757,0.02819755847674589,Low mobility
0.11848279074892804,6,0.0713824065243795,0.0713824065243795,0.0713824065243795,0.02748154529632125,Low mobility
0.1237737234040538,6,0.07121166830230242,0.07121166830230242,0.07121166830230242,0.02678367041853713,Low mobility
0.12930092639164,6,0.070981316040169,0.070981316040169,0.070981316040169,0.026103478339619027,Low mobility
0.13507495053016014,6,0.07074067723516972,0.07074067723516972,0.07074067723516972,0.02544052469968832,Low mobility
0.1411068177923347,6,0.07048929253447189,0.07048929253447189,0.07048929253447189,0.024794376030772808,Low mobility
0.1474080423448556,6,0.07022668207251784,0.07022668207251784,0.07022668207251784,0.024164609509072184,Low mobility
0.15399065252765662,6,0.06995234455501462,0.06995234455501462,0.06995234455501462,0.02355081271151358,Low mobility
0.1608672138146811,6,0.06966575630201886,0.06966575630201886,0.06966575630201886,0.022952583376623106,Low mobility
0.16805085279998155,6,0.06936637024828962,0.06936637024828962,0.06936637024828962,0.022369529169728605,Low mobility
0.17555528225493358,6,0.06926429934568498,0.06926429934568498,0.06926429934568498,0.021801267452501476,Low mobility
0.18339482730439766,6,0.06926429934568498,0.06926429934568498,0.06926429934568498,0.021247425056836598,Low mobility
0.19158445277179734,6,0.06926429934568498,0.06926429934568498,0.06926429934568498,0.02070763806306247,Low mobility
0.20013979174530877,6,0.06926429934568498,0.06926429934568498,0.06926429934568498,0.02018155158246751,Low mobility
0.2090771754196963,6,0.06926429934568498,0.06926429934568498,0.06926429934568498,0.019668819544121766,Low mobility
0.21841366427075368,6,0.06926429934568498,0.06926429934568498,0.06926429934568498,0.01916910448596866,Low mobility
9.999999999998908e-5,12,0.7429750111109482,0.7429750111109482,0.7429750111109482,0.7934515169312426,Reverse
1.0353166237739825e-4,12,0.5344175251683427,0.5344175251683427,0.5344175251683427,0.7860126943006254,Reverse
1.0718805114628769e-4,12,0.5331096862853829,0.5331096862853829,0.5331096862853829,0.7784171283824373,Reverse
1.1097357122169964e-4,12,0.5317556589486379,0.5317556589486379,0.5317556589486379,0.7706662522579497,Reverse
1.148927830854044e-4,12,0.5303538119378605,0.5303538119378605,0.5303538119378605,0.7627617178154885,Reverse
1.1895040827999039e-4,12,0.5289024564236151,0.5289024564236151,0.5289024564236151,0.7547112927881335,Reverse
1.2315133509698987e-4,12,0.5273998439327108,0.5273998439327108,0.5273998439327108,0.7457364619291327,Reverse
1.2750062446588805e-4,12,0.5258441642417864,0.5258441642417864,0.5258441642417864,0.7365444360123734,Reverse
1.3200351605111206e-4,12,0.5242335431965072,0.5242335431965072,0.5242335431965072,0.7271771728403074,Reverse
1.3666543456434721e-4,12,0.5225660404537249,0.5225660404537249,0.5225660404537249,0.7176489505735177,Reverse
1.4149199629977954e-4,12,0.5208396471439356,0.5208396471439356,0.5208396471439356,0.7081029152578399,Reverse
1.4648901590014456e-4,12,0.5190522834511395,0.5190522834511395,0.5190522834511395,0.6991893561292303,Reverse
1.5166251336172772e-4,12,0.5172017961072555,0.5172017961072555,0.5172017961072555,0.6903628534068159,Reverse
1.570187212867576e-4,12,0.5152859557980485,0.5152859557980485,0.5152859557980485,0.6814241688039668,Reverse
1.6256409239193186e-4,12,0.5133024544774317,0.5133024544774317,0.5133024544774317,0.6723865939747198,Reverse
1.6830530728211503e-4,12,0.5112489025869195,0.5112489025869195,0.5112489025869195,0.6628227283228042,Reverse
1.7424928249858132e-4,12,0.5091228261768894,0.5091228261768894,0.5091228261768894,0.652829668906464,Reverse
1.804031788514898e-4,12,0.5069216639261707,0.5069216639261707,0.5069216639261707,0.6427194266796807,Reverse
1.8677441004663874e-4,12,0.5046427640563776,0.5046427640563776,0.5046427640563776,0.6325026762726557,Reverse
1.9337065161688488e-4,12,0.5022833811372635,0.5022833811372635,0.5022833811372635,0.6222123247267923,Reverse
2.001998501689901e-4,12,0.45751260706052643,0.45751260706052643,0.45751260706052643,0.6118290953093877,Reverse
2.072702329570386e-4,12,0.40736879549333616,0.40736879549333616,0.40736879549333616,0.6013539354263479,Reverse
2.1459031779395187e-4,12,0.40603224596220855,0.40603224596220855,0.40603224596220855,0.5907961679527081,Reverse
2.2216892331304445e-4,12,0.4046484940141346,0.4046484940141346,0.4046484940141346,0.5802912340324562,Reverse
2.3001517959198752e-4,12,0.4032158726191146,0.4032158726191146,0.4032158726191146,0.5700211060514745,Reverse
2.3813853915196877e-4,12,0.40173265587327517,0.40173265587327517,0.40173265587327517,0.5596956234827102,Reverse
2.46548788345312e-4,12,0.4001970569196479,0.4001970569196479,0.4001970569196479,0.5493348599146167,Reverse
2.552560591452625e-4,12,0.3986072257955074,0.3986072257955074,0.3986072257955074,0.5389472539258783,Reverse
2.64270841352154e-4,12,0.3969612472036921,0.3969612472036921,0.3969612472036921,0.5285249503750983,Reverse
2.736039952306522e-4,12,0.39525713820520825,0.39525713820520825,0.39525713820520825,0.5180745042422381,Reverse
2.832667645933026e-4,12,0.39349284583035565,0.39349284583035565,0.39349284583035565,0.5076288884452849,Reverse
2.9327079034615006e-4,12,0.3912276984741708,0.3912276984741708,0.3912276984741708,0.4971747372980898,Reverse
3.0362812451273667e-4,12,0.3126538586382491,0.3126538586382491,0.3126538586382491,0.4867137319383076,Reverse
3.143512447533872e-4,12,0.29778016117313877,0.29778016117313877,0.29778016117313877,0.4762590136043099,Reverse
3.2545306939726177e-4,12,0.29553723540302435,0.29553723540302435,0.29553723540302435,0.46583859221162394,Reverse
3.369469730052895e-4,12,0.293215097067333,0.293215097067333,0.293215097067333,0.4554325923509728,Reverse
3.488468024827379e-4,12,0.290810948645688,0.290810948645688,0.290810948645688,0.4450476474911603,Reverse
3.611668937608173e-4,12,0.288321893818739,0.288321893818739,0.288321893818739,0.4347099504195794,Reverse
3.7392208906742716e-4,12,0.2857449339789133,0.2857449339789133,0.2857449339789133,0.42442348294648424,Reverse
3.8712775480784564e-4,12,0.2830769646179435,0.2830769646179435,0.2830769646179435,0.4141787486267857,Reverse
4.007998000769046e-4,12,0.27445704371039303,0.27445704371039303,0.27445704371039303,0.40398212966593694,Reverse
4.1495469582495374e-4,12,0.2474065670586496,0.2474065670586496,0.2474065670586496,0.3938738459018031,Reverse
4.296094947006982e-4,12,0.24706102605654245,0.24706102605654245,0.24706102605654245,0.383830681430142,Reverse
4.447818515948225e-4,12,0.24670328171286537,0.24670328171286537,0.24670328171286537,0.3738550480357976,Reverse
4.6049004490914284e-4,12,0.2463329030467954,0.2463329030467954,0.2463329030467954,0.3639627712309154,Reverse
4.767529985769154e-4,12,0.24594944385672185,0.24594944385672185,0.24594944385672185,0.3541788070374541,Reverse
4.935903048608291e-4,12,0.24472516369941183,0.24472516369941183,0.24472516369941183,0.3444804051315793,Reverse
5.110222479561401e-4,12,0.231379937766214,0.231379937766214,0.231379937766214,0.3348730210424422,Reverse
5.290698284274001e-4,12,0.22991689530937937,0.22991689530937937,0.22991689530937937,0.32538600009812046,Reverse
5.477547885081964e-4,12,0.22887082744235576,0.22887082744235576,0.22887082744235576,0.31601605987403736,Reverse
5.670996382943996e-4,12,0.22778781599003056,0.22778781599003056,0.22778781599003056,0.3067529257482011,Reverse
5.871276828624696e-4,12,0.22579030189852362,0.22579030189852362,0.22579030189852362,0.2976013123659973,Reverse
6.078630503454799e-4,12,0.22123149897249939,0.22123149897249939,0.22123149897249939,0.2886039317924708,Reverse
6.293307210007059e-4,12,0.22032296615671418,0.22032296615671418,0.22032296615671418,0.27972847006602286,Reverse
6.515565573037686e-4,12,0.2194065306647664,0.2194065306647664,0.2194065306647664,0.27097767050087207,Reverse
6.745673351056113e-4,12,0.2184577297653362,0.2184577297653362,0.2184577297653362,0.2623679561080943,Reverse
6.98390775889831e-4,12,0.2175512255993416,0.2175512255993416,0.2175512255993416,0.25391698710649896,Reverse
7.230555801692308e-4,12,0.21686021460594956,0.21686021460594956,0.21686021460594956,0.24560160927905378,Reverse
7.485914620618286e-4,12,0.21625231658204846,0.21625231658204846,0.21625231658204846,0.2374249797774786,Reverse
7.75029185087967e-4,12,0.21562294965234402,0.21562294965234402,0.21562294965234402,0.22941591304975573,Reverse
8.024005992316633e-4,12,0.21493908964261288,0.21493908964261288,0.21493908964261288,0.2215634975513127,Reverse
8.307386793108374e-4,12,0.21402541608967274,0.21402541608967274,0.21402541608967274,0.21385773547932235,Reverse
8.600775647026473e-4,12,0.213068007880081,0.213068007880081,0.213068007880081,0.2063019769829882,Reverse
8.904526004717918e-4,12,0.2119115925559596,0.2119115925559596,0.2119115925559596,0.19893287154550013,Reverse
9.219003799513199e-4,12,0.21033186799685555,0.21033186799685555,0.21033186799685555,0.19171599788094001,Reverse
9.544587888272571e-4,12,0.20951323665141475,0.20951323665141475,0.20951323665141475,0.1846528480623883,Reverse
9.881670507801493e-4,12,0.20868929311719978,0.20868929311719978,0.20868929311719978,0.17775834527999546,Reverse
0.0010230657747385093,12,0.20799182290710216,0.20799182290710216,0.20799182290710216,0.17104129594842032,Reverse
0.0010591970038011037,12,0.20740229241088187,0.20740229241088187,0.20740229241088187,0.16448057557935442,Reverse
0.0010966042658869975,12,0.20494546639025707,0.20494546639025707,0.20494546639025707,0.15807677120399047,Reverse
0.0011353326261743977,12,0.20324729007965828,0.20324729007965828,0.20324729007965828,0.15204599998239293,Reverse
0.0011754287413914559,12,0.20229277637580095,0.20229277637580095,0.20229277637580095,0.14623816871607812,Reverse
0.0012169409160244365,12,0.19763431719653468,0.19763431719653468,0.19763431719653468,0.14057679413711893,Reverse
0.0012599191605109769,12,0.1964030096551704,0.1964030096551704,0.1964030096551704,0.1350615896796039,Reverse
0.0013044152514885173,12,0.19540945107669766,0.19540945107669766,0.19540945107669766,0.1296921052660407,Reverse
0.0013504827941705306,12,0.19475119009566388,0.19475119009566388,0.19475119009566388,0.1244696787256237,Reverse
0.001398177286925642,12,0.19364858585681782,0.19364858585681782,0.19364858585681782,0.11941125089845664,Reverse
0.0014475561881374804,12,0.1855257814611367,0.1855257814611367,0.1855257814611367,0.11449562711313875,Reverse
0.0014986789854257983,12,0.18480662391975555,0.18480662391975555,0.18480662391975555,0.10970079933304794,Reverse
0.0015516072673122244,12,0.17583675900371498,0.17583675900371498,0.17583675900371498,0.10494542935063148,Reverse
0.001606404797417044,12,0.16964904469975395,0.16964904469975395,0.16964904469975395,0.10033672736823113,Reverse
0.0016631375912763253,12,0.1687239089876953,0.1687239089876953,0.1687239089876953,0.0958887801440978,Reverse
0.0017218739958719867,12,0.16221241674961318,0.16221241674961318,0.16221241674961318,0.09158189591560001,Reverse
0.0017826847719705995,12,0.15560398040132384,0.15560398040132384,0.15560398040132384,0.0874292442676259,Reverse
0.0018456431793700944,12,0.15160689621684845,0.15160689621684845,0.15160689621684845,0.08341350461899696,Reverse
0.0019108250651571352,12,0.15010700627693688,0.15010700627693688,0.15010700627693688,0.0795344320052036,Reverse
0.001978308955081403,12,0.14826937192870554,0.14826937192870554,0.14826937192870554,0.07580339147978579,Reverse
0.002048176148156937,12,0.14476650538145042,0.14476650538145042,0.14476650538145042,0.07220237951926342,Reverse
0.0021205108146044754,12,0.1352532485103157,0.1352532485103157,0.1352532485103157,0.06872915889446976,Reverse
0.0021954000972527624,12,0.1320030721322123,0.1320030721322123,0.1320030721322123,0.06538141531109899,Reverse
0.002272934216521053,12,0.1253482306865612,0.1253482306865612,0.1253482306865612,0.06215835444792156,Reverse
0.0023532065791091977,12,0.1230309566481098,0.1230309566481098,0.1230309566481098,0.059078429786537705,Reverse
0.0024363138905263257,12,0.1162694810989637,0.1162694810989637,0.1162694810989637,0.05611781839723621,Reverse
0.002522356271593649,12,0.10913117301120473,0.10913117301120473,0.10913117301120473,0.0532715005816346,Reverse
0.0026114373790617523,12,0.10298762538919073,0.10298762538919073,0.10298762538919073,0.050536883740525715,Reverse
0.0027036645304876887,12,0.09900203188937928,0.09900203188937928,0.09900203188937928,0.04791276521781756,Reverse
0.0027991488335222916,12,0.09390589150287318,0.09390589150287318,0.09390589150287318,0.045405956858124485,Reverse
0.002898005319763499,12,0.08970271925032439,0.08970271925032439,0.08970271925032439,0.0430022340108189,Reverse
0.0030003530833369167,12,0.08320329035005335,0.08320329035005335,0.08320329035005335,0.040698903990881774,Reverse
0.003106315424370574,12,0.07848173164292274,0.07848173164292274,0.07848173164292274,0.03849869017981508,Reverse
0.0032160199975367425,12,0.07558689645388827,0.07558689645388827,0.07558689645388827,0.036397901918617304,Reverse
0.003329598965839718,12,0.06839447983438207,0.06839447983438207,0.06839447983438207,0.03439781979003321,Reverse
0.0034471891598349,12,0.061481758291397716,0.061481758291397716,0.061481758291397716,0.03248615126349452,Reverse
0.0035689322424709326,12,0.058890507811821216,0.058890507811821216,0.058890507811821216,0.0306602174137947,Reverse
0.0036949748797535176,12,0.05658651061341237,0.05658651061341237,0.05658651061341237,0.028917352684181115,Reverse
0.0038254689174365133,12,0.051335971194913024,0.051335971194913024,0.051335971194913024,0.027255988438721502,Reverse
0.003960571563953115,12,0.04641306888112628,0.04641306888112628,0.04641306888112628,0.025679722118061958,Reverse
0.004100445579807632,12,0.04355000211100248,0.04355000211100248,0.04355000211100248,0.024180729308831216,Reverse
0.0042452594736558545,12,0.03989045871914074,0.03989045871914074,0.03989045871914074,0.022757457395210984,Reverse
0.0043951877053103735,12,0.037613854066228906,0.037613854066228906,0.037613854066228906,0.021403293308418905,Reverse
0.004550410895915358,12,0.035909922667767685,0.035909922667767685,0.035909922667767685,0.020116672498309198,Reverse
0.004711116045543946,12,0.034644648745348505,0.034644648745348505,0.034644648745348505,0.018900071032310846,Reverse
0.00487749675848053,12,0.03218717611764444,0.03218717611764444,0.03218717611764444,0.01774479816631735,Reverse
0.005049753476459162,12,0.02960896293607054,0.02960896293607054,0.02960896293607054,0.016648513724723948,Reverse
0.005228093720139201,12,0.0268744815854509,0.0268744815854509,0.0268744815854509,0.015608922506899922,Reverse
0.0054127323391090785,12,0.023243455733654987,0.023243455733654987,0.023243455733654987,0.014625427875137757,Reverse
0.005603891770719274,12,0.020385356240488525,0.020385356240488525,0.020385356240488525,0.013702153979790035,Reverse
0.005801802308056521,12,0.019268804299693687,0.019268804299693687,0.019268804299693687,0.012828213186779826,Reverse
0.006006702377381838,12,0.018357381653821017,0.018357381653821017,0.018357381653821017,0.012001537587911826,Reverse
0.006218838825366803,11,0.017490097308242032,0.017490097308242032,0.017490097308242032,0.011704691695631556,Reverse
0.006438467216474026,11,0.016802609260469243,0.016802609260469243,0.016802609260469243,0.010922020558191409,Reverse
0.006665852140840088,11,0.016050096153270365,0.016050096153270365,0.016050096153270365,0.010184463973119735,Reverse
0.006901267533031892,11,0.015414995163049783,0.015414995163049783,0.015414995163049783,0.009489926406532354,Reverse
0.007144997002060366,11,0.014466294592977411,0.014466294592977411,0.014466294592977411,0.00883637622729933,Reverse
0.007397334173049179,11,0.013432739042011761,0.013432739042011761,0.013432739042011761,0.00822749958116436,Reverse
0.0076585830409700234,11,0.012314265642209948,0.012314265642209948,0.012314265642209948,0.007655218092786391,Reverse
0.00792905833687063,11,0.0121254653518982,0.0121254653518982,0.0121254653518982,0.007117707388947393,Reverse
0.008209085907036753,11,0.00848181084002322,0.00848181084002322,0.00848181084002322,0.006613220155080136,Reverse
0.008499003105544807,10,0.009096061680925471,0.009096061680925471,0.009096061680925471,0.005963451198622457,Reverse
0.008799159200678211,10,0.008664143993076679,0.008664143993076679,0.008664143993076679,0.0055413779355714746,Reverse
0.009109915795696942,10,0.008056962592219616,0.008056962592219616,0.008056962592219616,0.005145669067683918,Reverse
0.00943164726446726,10,0.0074283375942658615,0.0074283375942658615,0.0074283375942658615,0.004776597312719262,Reverse
0.009764741202476437,10,0.006872455777528618,0.006872455777528618,0.006872455777528618,0.0044320803068440716,Reverse
0.010109598893775716,9,0.005918410356740077,0.005918410356740077,0.005918410356740077,0.004195767539025593,Reverse
0.010466635794414213,9,0.005851520073094365,0.005851520073094365,0.005851520073094365,0.0038815488670987833,Reverse
0.010836282032946032,9,0.005782267450466994,0.005782267450466994,0.005782267450466994,0.003588245548383249,Reverse
0.011218982928613577,9,0.005534664013290951,0.005534664013290951,0.005534664013290951,0.003314666609755669,Reverse
0.011615199527831434,9,0.003626920214823809,0.003626920214823809,0.003626920214823809,0.0030596741877260223,Reverse
0.01202540915961692,9,0.00355016948385935,0.00355016948385935,0.00355016948385935,0.0028221821906560174,Reverse
0.012450106010636683,9,0.0034707081762050894,0.0034707081762050894,0.0034707081762050894,0.0026011549206221844,Reverse
0.012889801720561955,9,0.003241868640627929,0.003241868640627929,0.003241868640627929,0.002396856308152029,Reverse
0.013345025998449743,8,0.002595592713853353,0.002595592713853353,0.002595592713853353,0.002519955352150233,Reverse
0.013816327260892516,8,0.0022941171486636188,0.0022941171486636188,0.0022941171486636188,0.0023268176643203853,Reverse
0.01430427329270525,8,0.002101114757623958,0.002101114757623958,0.002101114757623958,0.0021470990067466037,Reverse
0.014809451930945577,8,0.002049998029380601,0.002049998029380601,0.002049998029380601,0.001980603174113727,Reverse
0.015332471773091348,8,0.0019970760308773076,0.0019970760308773076,0.0019970760308773076,0.001828478200259263,Reverse
0.015873962910228568,8,0.0019422850060635002,0.0019422850060635002,0.0019422850060635002,0.0016876223821988647,Reverse
0.016434577686133055,6,0.0023409929403548062,0.0023409929403548062,0.0023409929403548062,0.0015565552452369,Reverse
0.017014991483160376,6,0.0022866948696466903,0.0022866948696466903,0.0022866948696466903,0.0014346779965234927,Reverse
0.01761590353589061,6,0.002230479174403716,0.002230479174403716,0.002230479174403716,0.0013214224291709757,Reverse
