gas_velocity_m_s,df_over_dp,metric,selected_mesh_route,count,mean,standard_deviation,standard_error,ci95_low,ci95_high,minimum,maximum,same_sign_count
0.1,0.05,mean_dx_dp,coarse_2p5dp,3,20.6477466013814,1.4357802480715478,0.8289481127212558,17.081070741401625,24.214422461361174,19.699444088914827,22.299610335000224,3
0.1,0.05,mean_dz_dp,coarse_2p5dp,3,-0.5948527709223863,0.014547874591446335,0.008399219311508459,-0.6309916948203972,-0.5587138470243754,-0.6115979121224132,-0.5853222539627256,3
0.1,0.05,outlet_fraction,coarse_2p5dp,3,0.07333333333333333,0.03214550253664318,0.01855921454276674,-0.006520521780189914,0.15318718844685658,0.05,0.11,3
0.1,0.05,bed_resident_fraction,coarse_2p5dp,3,0.9266666666666666,0.032145502536643146,0.018559214542766718,0.8468128115531435,1.0065205217801898,0.89,0.95,3
0.1,0.05,pressure_gradient_tail_mean_Pa_m,coarse_2p5dp,3,1268.8719360000002,0.15516323979562835,0.08958353826434048,1268.486489144551,1269.2573828554496,1268.696273777778,1268.9903075555558,3
0.1,0.05,cfd_to_ergun_pressure_drop_ratio,coarse_2p5dp,3,0.7823905767657967,9.567416004115026e-05,5.5237502054249445e-05,0.7821529089768012,0.7826282445547922,0.782282262866292,0.782463565053264,3
0.1,0.05,fpt_5dp_reached_fraction,coarse_2p5dp,3,0.8133333333333334,0.056862407030773256,0.03282952600598701,0.6720792836489162,0.9545873830177505,0.75,0.86,3
0.1,0.05,fpt_5dp_p50_s,coarse_2p5dp,3,0.048774764607372206,0.003542824464258764,0.002045450658131389,0.03997390074969652,0.05757562846504789,0.0449610899887635,0.05196360020532018,3
0.1,0.05,late_origin_local_alpha_p50,coarse_2p5dp,3,1.882400659623283,0.040963889350365115,0.023650512543487344,1.7806407172692431,1.9841606019773228,1.8424872349374872,1.9243398451686538,3
0.1,0.05,centered_msd_exponent,coarse_2p5dp,3,1.8911441220280054,0.02255833319455697,0.013024059742346739,1.8351061158258213,1.9471821282301895,1.8705024800674976,1.9152243165186087,3
0.1,0.05,centered_msd_bootstrap_fraction_above_one,coarse_2p5dp,3,1.0,0.0,0.0,1.0,1.0,1.0,1.0,3
0.1,0.05,inertial_local_final_centered_msd_x_m2,coarse_2p5dp,3,0.00041419833950050725,2.8281572123881517e-05,1.632837327882881e-05,0.0003439430196407939,0.0004844536593602206,0.0003858930297134925,0.00044245611403881586,3
0.1,0.05,inertial_local_final_mean_dx_dp,coarse_2p5dp,3,40.16035281280325,1.2934742825650478,0.7467877252287884,36.94718456834114,43.37352105726535,38.670411610062935,40.995501731632345,3
0.1,0.05,inertial_local_fpt_5dp_reached_fraction,coarse_2p5dp,3,1.0,0.0,0.0,1.0,1.0,1.0,1.0,3
0.1,0.05,inertial_permuted_final_centered_msd_x_m2,coarse_2p5dp,3,0.0004141983395005073,2.8281572123881486e-05,1.6328373278828793e-05,0.0003439430196407941,0.00048445365936022053,0.0003858930297134925,0.0004424561140388158,3
0.1,0.05,inertial_permuted_final_mean_dx_dp,coarse_2p5dp,3,40.16035281280325,1.2934742825650392,0.7467877252287834,36.94718456834117,43.37352105726532,38.67041161006294,40.99550173163233,3
0.1,0.05,inertial_permuted_fpt_5dp_reached_fraction,coarse_2p5dp,3,1.0,0.0,0.0,1.0,1.0,1.0,1.0,3
0.1,0.05,inertial_uniform_final_centered_msd_x_m2,coarse_2p5dp,3,3.209883240645393e-35,2.7798404295808294e-35,1.6049416203226967e-35,-3.6956232030451996e-35,1.0115389684335986e-34,0.0,4.81482486096809e-35,2
0.1,0.05,inertial_uniform_final_mean_dx_dp,coarse_2p5dp,3,40.20110857451954,1.297719662486616,0.7492387964693181,36.977394221693686,43.42482292734539,38.70614479883565,41.037409404311454,3
0.1,0.05,inertial_uniform_fpt_5dp_reached_fraction,coarse_2p5dp,3,1.0,0.0,0.0,1.0,1.0,1.0,1.0,3
0.1,0.05,fractional_fpt_alpha,coarse_2p5dp,3,0.8458564605032627,0.049351914439593365,0.02849334108672261,0.7232595086982024,0.9684534123083229,0.7970223786903283,0.8957103997852919,3
0.1,0.05,fractional_fpt_residual_bic_improvement,coarse_2p5dp,3,128.8520926921901,39.282976546879794,22.680037083910808,31.26776922340403,226.43641616097617,84.59379648440307,159.58674246481542,3
0.1,0.05,non_gaussian_parameter_20ms,coarse_2p5dp,3,-0.21011853937374372,0.09694153408489588,0.05596922079956992,-0.45093466002619526,0.03069758127870781,-0.28641828669512104,-0.10103614531688199,3
0.1,0.05,non_gaussian_parameter_50ms,coarse_2p5dp,3,-0.3207437384501525,0.039031153824943536,0.02253464716761284,-0.4177024995987083,-0.22378497730159674,-0.3658128476662714,-0.2980973144737967,3
0.1,0.05,variance_top10_observed_share,coarse_2p5dp,3,0.24434211385314827,0.03127169318341315,0.018054720477458968,0.16665892150683898,0.3220253061994576,0.21141572357057128,0.2736430818455622,3
0.1,0.05,variance_top10_gaussian_null_p50,coarse_2p5dp,3,0.43009998800525095,0.0,0.0,0.43009998800525095,0.43009998800525095,0.43009998800525095,0.43009998800525095,3
0.1,0.05,variance_top10_outlet_capped_null_p50,coarse_2p5dp,3,0.3831996527811108,0.009631411739910013,0.005560698160713168,0.3592738996608805,0.40712540590134105,0.37682899979409024,0.3942796089361632,3
0.1,0.05,variance_top10_observed_to_null_mean_ratio,coarse_2p5dp,3,0.5655437707584906,0.07238011901451914,0.04178868119700978,0.3857415875356134,0.7453459539813678,0.4893337608497366,0.6333625338197896,3
0.1,0.05,variance_top10_observed_to_outlet_capped_null_mean_ratio,coarse_2p5dp,3,0.6327361326974356,0.069816963532695,0.04030884268960374,0.4593011806679641,0.806171084726907,0.5548343149252377,0.6896561397180021,3
0.1,0.05,variance_top10_null_upper_p,coarse_2p5dp,3,1.0,0.0,0.0,1.0,1.0,1.0,1.0,3
0.1,0.05,variance_top10_outlet_capped_null_upper_p,coarse_2p5dp,3,1.0,0.0,0.0,1.0,1.0,1.0,1.0,3
0.1,0.05,velocity_positive_integral_time_s,coarse_2p5dp,3,0.0730273074905005,0.006389129736867595,0.003688765773467949,0.0571558293660647,0.0888987856149363,0.06714915088529413,0.07982727105273357,3
0.1,0.05,velocity_variance_ratio_20ms,coarse_2p5dp,3,0.8970976688465915,0.01566417081667772,0.009043713237641162,0.8581857113980307,0.9360096262951523,0.8834969480681227,0.9142242842735273,3
0.1,0.05,velocity_variance_ratio_50ms,coarse_2p5dp,3,0.7976536762143903,0.04967098091294671,0.028677554201002545,0.674264119350327,0.9210432330784536,0.7474126160775175,0.8467342407589427,3
0.1,0.05,velocity_variance_ratio_max_abs_log_10_100ms,coarse_2p5dp,3,0.4658678257909686,0.16140861480583601,0.09318930720767404,0.06490659875501797,0.8668290528269191,0.29313915752967973,0.6128650412983871,3
0.1,0.05,ever_contacted_fraction,coarse_2p5dp,3,0.9833333333333334,0.011547005383792525,0.006666666666666672,0.9546489818020001,1.0120176848646667,0.97,0.99,3
0.1,0.05,mean_sampled_contact_fraction,coarse_2p5dp,3,0.5906503914045045,0.030157738333076466,0.017411578344751995,0.5157344163110719,0.6655663664979371,0.5648253009252466,0.623793796924159,3
0.1,0.05,p90_particle_maximum_contact_force_N,coarse_2p5dp,3,8.798760242486974e-05,4.901126193793838e-06,2.829666527319198e-06,7.581253001695907e-05,0.0001001626748327804,8.511905440523034e-05,9.364675657047545e-05,3
0.1,0.05,p90_particle_maximum_contact_force_over_debris_weight,coarse_2p5dp,3,57338.448865061924,3193.892842847053,1843.9948925805652,49404.3792069473,65272.51852317655,55469.11626128389,61026.32206145214,3
0.1,0.05,p90_particle_maximum_contact_equal_sphere_hertz_overlap_over_df,coarse_2p5dp,3,0.00010652605718809606,3.936419939846479e-06,2.272693111913775e-06,9.674744796634986e-05,0.00011630466640984226,0.00010422163186571608,0.00011107129503236403,3
0.1,0.05,early_contact_vs_later_dx_spearman_r,coarse_2p5dp,3,-0.3759982574366689,0.0818657427944325,0.04726520863977427,-0.5793640364104338,-0.17263247846290414,-0.470416331760635,-0.32479919847027316,3
0.1,0.05,early_contact_vs_later_dx_geometry_adjusted_r,coarse_2p5dp,3,-0.44881226200936325,0.0940535121864914,0.05430182057910056,-0.6824541385517099,-0.21517038546701658,-0.5357394092120923,-0.3489676945890637,3
0.1,0.05,early_contact_later_dx_difference_dp,coarse_2p5dp,3,11.336615426959455,1.098089042524814,0.6339820042958798,8.60881102559511,14.0644198283238,10.489590129137172,12.577263715743113,3
0.1,0.05,mean_drag_impulse_x_N_s,coarse_2p5dp,3,7.772715766145048e-09,5.150251225013584e-10,2.973498931155793e-10,6.493322436855297e-09,9.052109095434797e-09,7.337173760400546e-09,8.34116931453615e-09,3
0.1,0.05,mean_total_fluid_impulse_x_N_s,coarse_2p5dp,3,7.772715766145048e-09,5.150251225013584e-10,2.973498931155793e-10,6.493322436855297e-09,9.052109095434797e-09,7.337173760400546e-09,8.34116931453615e-09,3
0.1,0.05,mean_total_fluid_impulse_z_N_s,coarse_2p5dp,3,8.11560765479779e-11,1.3114834605031631e-11,7.571853289592433e-12,4.8577021322625094e-11,1.137351317733307e-10,7.191667106818945e-11,9.616682959582351e-11,3
0.1,0.05,mean_gravity_impulse_z_N_s,coarse_2p5dp,3,-4.5454483366315856e-10,5.749884190139253e-14,3.3196971849860713e-14,-4.5468766870470616e-10,-4.5440199862161096e-10,-4.5460928394695577e-10,-4.544987977461606e-10,3
0.1,0.05,mean_mechanical_contact_impulse_x_N_s,coarse_2p5dp,3,-7.766031951128823e-09,5.154325697403076e-10,2.975851328886672e-10,-9.046437435470384e-09,-6.485626466787262e-09,-8.33539335521137e-09,-7.331213220577249e-09,3
0.1,0.05,mean_mechanical_contact_impulse_z_N_s,coarse_2p5dp,3,3.7303084300749933e-10,1.309032355467039e-11,7.557701828068249e-12,3.405126766067028e-10,4.0554900940829583e-10,3.580112613585977e-10,3.820122642491887e-10,3
0.1,0.05,mean_time_averaged_total_fluid_force_x_N,coarse_2p5dp,3,2.6153332174206797e-08,1.7202904060711512e-09,9.932101290295098e-10,2.1879893901372288e-08,3.042677044704131e-08,2.467279319995176e-08,2.804051157083215e-08,3
0.1,0.05,mean_time_averaged_mechanical_contact_force_x_N,coarse_2p5dp,3,-2.6128671080700048e-08,1.7215794411237308e-09,9.939543537641114e-10,-3.0405311494120405e-08,-2.1852030667279694e-08,-2.801874462746772e-08,-2.4650199903704388e-08,3
0.1,0.05,mean_time_averaged_total_fluid_force_z_N,coarse_2p5dp,3,2.8106248530379e-10,4.4004358567990035e-11,2.5405928264745864e-11,1.717495987049188e-10,3.903753719026612e-10,2.4753721565726573e-10,3.30892109623015e-10,3
0.1,0.05,mean_time_averaged_gravity_force_z_N,coarse_2p5dp,3,-1.5345305666000202e-09,2.532713032347184e-25,1.46226255100572e-25,-1.5345305666000208e-09,-1.5345305666000196e-09,-1.53453056660002e-09,-1.53453056660002e-09,3
0.1,0.05,mean_time_averaged_mechanical_contact_force_z_N,coarse_2p5dp,3,1.2521746918678607e-09,4.404303103070744e-11,2.5428255821505983e-11,1.142765737545948e-09,1.3615836461897733e-09,1.2021010669324187e-09,1.2849097279449842e-09,3
0.1,0.05,mean_drag_work_x_J,coarse_2p5dp,3,1.7153773235609124e-10,1.963712847868048e-11,1.1337501413277441e-11,1.2275640095227546e-10,2.2031906375990702e-10,1.5035865885845559e-10,1.8914167921727876e-10,3
0.1,0.05,mean_explicit_fluid_work_J,coarse_2p5dp,3,-6.256891379758681e-17,1.595567398843646e-18,9.2120126723257e-19,-6.653252294464813e-17,-5.86053046505255e-17,-6.440399239761113e-17,-6.15092470088462e-17,3
0.1,0.05,mean_total_fluid_work_J,coarse_2p5dp,3,8.749562265969547e-11,1.0959076682476085e-11,6.327225872697319e-12,6.027176698710589e-11,1.1471947833228506e-10,7.594530787956946e-11,9.774783634741578e-11,3
0.1,0.05,mean_gravity_work_J,coarse_2p5dp,3,9.12903388846976e-13,2.2307109393428026e-14,1.2879015613138101e-14,8.574894571632584e-13,9.683173205306936e-13,8.983312326713134e-13,9.38583659708192e-13,3
0.1,0.05,mean_wall_contact_sample_fraction,coarse_2p5dp,3,0.08944796179051427,0.02952602720736618,0.01704685975627308,0.01610124412737282,0.16279467945365572,0.055568143952015994,0.10969010329890037,3
0.1,0.05,mean_bottom_wall_contact_sample_fraction,coarse_2p5dp,3,0.04792624680662002,0.01044991929396277,0.006033263717379269,0.021967208204038136,0.0738852854092019,0.03594468510496501,0.05515494835054982,3
0.1,0.05,mean_mechanical_contact_net_work_J,coarse_2p5dp,3,-8.783192338840999e-11,1.0849568363243922e-11,6.264001215110126e-12,-1.1478374531544768e-10,-6.088010146137229e-11,-9.78930439672169e-11,-7.633657205886189e-11,3
0.1,0.05,all_lower_clipped_fraction,coarse_2p5dp,3,0.491479923610784,0.036159897102248886,0.020876926325852564,0.4016537595671087,0.5813060876544593,0.46102367433675334,0.5314436666666666,3
0.1,0.1,mean_dx_dp,coarse_2p5dp,3,17.459622601617944,0.7549624241216701,0.4358777587946987,15.584191972924415,19.335053230311473,16.765578658798738,18.26347661646654,3
0.1,0.1,mean_dz_dp,coarse_2p5dp,3,-2.262305491448607,0.26232727768429726,0.15145472438681074,-2.9139625747574796,-1.6106484081397348,-2.50193658455294,-1.9820271609542714,3
0.1,0.1,outlet_fraction,coarse_2p5dp,3,0.0,0.0,0.0,0.0,0.0,0.0,0.0,3
0.1,0.1,bed_resident_fraction,coarse_2p5dp,3,1.0,0.0,0.0,1.0,1.0,1.0,1.0,3
0.1,0.1,pressure_gradient_tail_mean_Pa_m,coarse_2p5dp,3,1269.0905054814814,0.11648799145488718,0.06725437322383794,1268.8011332689455,1269.3798776940173,1269.0223057777778,1269.225009777778,3
0.1,0.1,cfd_to_ergun_pressure_drop_ratio,coarse_2p5dp,3,0.7825253474213909,7.18268756955334e-05,4.1469266017866e-05,0.7823469195707605,0.7827037752720213,0.782483295261514,0.7826082832094489,3
0.1,0.1,fpt_5dp_reached_fraction,coarse_2p5dp,3,0.7999999999999999,0.02999999999999997,0.017320508075688756,0.7254758686483468,0.8745241313516531,0.77,0.83,3
0.1,0.1,fpt_5dp_p50_s,coarse_2p5dp,3,0.06666088036989415,0.0026476341531839463,0.0015286122910563983,0.060083792523127365,0.07323796821666093,0.06396895872494326,0.06926188501717802,3
0.1,0.1,late_origin_local_alpha_p50,coarse_2p5dp,3,1.8040969338227857,0.024675380534663185,0.014246337594044242,1.7427998904855435,1.8653939771600279,1.7787198297073423,1.8280049486379613,3
0.1,0.1,centered_msd_exponent,coarse_2p5dp,3,1.7703006558427383,0.009907663673935186,0.005720192289186757,1.74568865487526,1.7949126568102167,1.7594366778774908,1.7788378479674734,3
0.1,0.1,centered_msd_bootstrap_fraction_above_one,coarse_2p5dp,3,1.0,0.0,0.0,1.0,1.0,1.0,1.0,3
0.1,0.1,inertial_local_final_centered_msd_x_m2,coarse_2p5dp,3,0.00040232472389807274,2.8498898699090143e-05,1.645384683552757e-05,0.0003315295348971243,0.00047311991289902117,0.0003751967617049514,0.00043202073764701284,3
0.1,0.1,inertial_local_final_mean_dx_dp,coarse_2p5dp,3,39.662381109935616,1.248782251197969,0.7209847688883743,36.56023402600593,42.7645281938653,38.22254713266692,40.450237036845586,3
0.1,0.1,inertial_local_fpt_5dp_reached_fraction,coarse_2p5dp,3,1.0,0.0,0.0,1.0,1.0,1.0,1.0,3
0.1,0.1,inertial_permuted_final_centered_msd_x_m2,coarse_2p5dp,3,0.00040232472389807274,2.8498898699090197e-05,1.64538468355276e-05,0.0003315295348971242,0.0004731199128990213,0.00037519676170495134,0.0004320207376470129,3
0.1,0.1,inertial_permuted_final_mean_dx_dp,coarse_2p5dp,3,39.662381109935616,1.2487822511979647,0.7209847688883718,36.560234026005936,42.764528193865296,38.222547132666925,40.450237036845586,3
0.1,0.1,inertial_permuted_fpt_5dp_reached_fraction,coarse_2p5dp,3,1.0,0.0,0.0,1.0,1.0,1.0,1.0,3
0.1,0.1,inertial_uniform_final_centered_msd_x_m2,coarse_2p5dp,3,3.209883240645393e-35,2.7798404295808294e-35,1.6049416203226967e-35,-3.6956232030451996e-35,1.0115389684335986e-34,0.0,4.81482486096809e-35,2
0.1,0.1,inertial_uniform_final_mean_dx_dp,coarse_2p5dp,3,39.82525346390957,1.2659394682318321,0.73089049276142,36.68048549011787,42.97002143770127,38.365248602354946,40.61764251508536,3
0.1,0.1,inertial_uniform_fpt_5dp_reached_fraction,coarse_2p5dp,3,1.0,0.0,0.0,1.0,1.0,1.0,1.0,3
0.1,0.1,fractional_fpt_alpha,coarse_2p5dp,3,0.831308995923307,0.027160633403275375,0.01568119900674178,0.7638382422119805,0.8987797496346335,0.8153453192092073,0.8626696874642259,3
0.1,0.1,fractional_fpt_residual_bic_improvement,coarse_2p5dp,3,145.56870043437303,17.22089907101827,9.942490714339774,102.7896156223021,188.34778524644395,127.57000203231814,161.8888765482634,3
0.1,0.1,non_gaussian_parameter_20ms,coarse_2p5dp,3,-0.28079653376858066,0.016121057513271586,0.00930749689490879,-0.32084346069013425,-0.24074960684702706,-0.29352474387207006,-0.2626687984940993,3
0.1,0.1,non_gaussian_parameter_50ms,coarse_2p5dp,3,-0.3829151374393465,0.05008785864205699,0.02891823867012353,-0.5073402759914696,-0.2584899988872234,-0.4383725289266056,-0.34096842916166903,3
0.1,0.1,variance_top10_observed_share,coarse_2p5dp,3,0.2957958144419011,0.029236803151628743,0.016879876169836956,0.22316756916275415,0.3684240597210481,0.27343575165769246,0.3288804424461728,3
0.1,0.1,variance_top10_gaussian_null_p50,coarse_2p5dp,3,0.43009998800525095,0.0,0.0,0.43009998800525095,0.43009998800525095,0.43009998800525095,0.43009998800525095,3
0.1,0.1,variance_top10_outlet_capped_null_p50,coarse_2p5dp,3,0.4263012832205568,0.0015533690123719758,0.0008968380174437834,0.4224425006767036,0.43016006576441007,0.4246124537218363,0.4276690014017671,3
0.1,0.1,variance_top10_observed_to_null_mean_ratio,coarse_2p5dp,3,0.6846362980005631,0.06767024987445816,0.03906943698114766,0.516534078325786,0.8527385176753403,0.6328826562645418,0.7612125581491641,3
0.1,0.1,variance_top10_observed_to_outlet_capped_null_mean_ratio,coarse_2p5dp,3,0.6912905240930535,0.06843574484774995,0.039511395710040975,0.5212867094869889,0.8612943386991181,0.6369638331795959,0.7681520502374248,3
0.1,0.1,variance_top10_null_upper_p,coarse_2p5dp,3,0.9991667083312502,0.001400227576040851,0.0008084217679539226,0.9956883502046143,1.002645066457886,0.9975501224938753,1.0,3
0.1,0.1,variance_top10_outlet_capped_null_upper_p,coarse_2p5dp,3,0.9991500424978751,0.0014290891383387323,0.0008250849987158375,0.9955999882759159,1.0027000967198343,0.9975001249937503,1.0,3
0.1,0.1,velocity_positive_integral_time_s,coarse_2p5dp,3,0.04717609548580317,0.002189753642149123,0.0012642548547537596,0.04173644588396043,0.05261574508764591,0.044793637702109035,0.04910076980506238,3
0.1,0.1,velocity_variance_ratio_20ms,coarse_2p5dp,3,0.9693003257952638,0.022558510352780205,0.013024162024694612,0.9132618795076565,1.0253387720828713,0.9477667402739343,0.9927602233882059,3
0.1,0.1,velocity_variance_ratio_50ms,coarse_2p5dp,3,0.9100013558140029,0.06656166952395154,0.03842939781736433,0.744653002394393,1.0753497092336128,0.8426626064240172,0.9757577290093271,3
0.1,0.1,velocity_variance_ratio_max_abs_log_10_100ms,coarse_2p5dp,3,0.19419815832845747,0.14380423494927608,0.08302541375857274,-0.16303136481433747,0.5514276814712524,0.06381880737068446,0.3484416188039346,3
0.1,0.1,ever_contacted_fraction,coarse_2p5dp,3,0.9899999999999999,0.010000000000000009,0.005773502691896263,0.9651586228827821,1.0148413771172176,0.98,1.0,3
0.1,0.1,mean_sampled_contact_fraction,coarse_2p5dp,3,0.4643207819615684,0.02382916534831727,0.01375777502841508,0.40512585368095977,0.523515710242177,0.4369110296567812,0.48011329556814397,3
0.1,0.1,p90_particle_maximum_contact_force_N,coarse_2p5dp,3,0.00023288973788507318,4.9176770604463905e-05,2.839222174636371e-05,0.00011072786748583365,0.0003550516082843127,0.00019187377272819047,0.0002874068768595662,3
0.1,0.1,p90_particle_maximum_contact_force_over_debris_weight,coarse_2p5dp,3,18970.764003831067,4005.8480810700257,2312.777467938525,9019.685718216717,28921.84228944542,15629.679924958687,23411.62853930297,3
0.1,0.1,p90_particle_maximum_contact_equal_sphere_hertz_overlap_over_df,coarse_2p5dp,3,8.064907713153023e-05,1.1273930249833848e-05,6.509006664566637e-06,5.264308183859709e-05,0.00010865507242446337,7.110668371842966e-05,9.308894707667464e-05,3
0.1,0.1,early_contact_vs_later_dx_spearman_r,coarse_2p5dp,3,-0.093764831322601,0.07773072991805079,0.04487785784249272,-0.28685866887169087,0.09932900622648888,-0.1463320963368805,-0.0044766088217009885,3
0.1,0.1,early_contact_vs_later_dx_geometry_adjusted_r,coarse_2p5dp,3,-0.18280307725986242,0.10671805249373513,0.061613696334650594,-0.4479054159810537,0.08229926146132885,-0.28156084979510376,-0.06959692800091681,3
0.1,0.1,early_contact_later_dx_difference_dp,coarse_2p5dp,3,9.66881718809111,0.40813835719717906,0.23563879039440297,8.654945303377426,10.682689072804793,9.279660439975443,10.093601312864779,3
0.1,0.1,mean_drag_impulse_x_N_s,coarse_2p5dp,3,1.689854314267772e-08,6.878284135064371e-10,3.971179196942147e-10,1.518988264149262e-08,1.860720364386282e-08,1.6406799317105718e-08,1.7684552939652233e-08,3
0.1,0.1,mean_total_fluid_impulse_x_N_s,coarse_2p5dp,3,1.689854314267772e-08,6.878284135064371e-10,3.971179196942147e-10,1.518988264149262e-08,1.860720364386282e-08,1.6406799317105718e-08,1.7684552939652233e-08,3
0.1,0.1,mean_total_fluid_impulse_z_N_s,coarse_2p5dp,3,1.035723711092586e-09,1.5306578738936947e-10,8.83725735529745e-11,6.554872162642662e-10,1.4159602059209059e-09,8.685757489206896e-10,1.1690501225258487e-09,3
0.1,0.1,mean_gravity_impulse_z_N_s,coarse_2p5dp,3,-3.6828733598400483e-09,0.0,0.0,-3.6828733598400483e-09,-3.6828733598400483e-09,-3.6828733598400483e-09,-3.6828733598400483e-09,3
0.1,0.1,mean_mechanical_contact_impulse_x_N_s,coarse_2p5dp,3,-1.684878297905022e-08,6.806325908794321e-10,3.9296340956347254e-10,-1.8539568065880714e-08,-1.5157997892219725e-08,-1.762685851393479e-08,-1.6363778705587262e-08,3
0.1,0.1,mean_mechanical_contact_impulse_z_N_s,coarse_2p5dp,3,2.641189732622302e-09,1.531552164302852e-10,8.842420543382057e-11,2.2607310837409204e-09,3.0216483815036833e-09,2.5085529744528553e-09,2.8088103234624074e-09,3
0.1,0.1,mean_time_averaged_total_fluid_force_x_N,coarse_2p5dp,3,5.632847714225906e-08,2.2927613783547855e-09,1.323726398980713e-09,5.063294213830874e-08,6.202401214620938e-08,5.4689331057019046e-08,5.894850979884076e-08,3
0.1,0.1,mean_time_averaged_mechanical_contact_force_x_N,coarse_2p5dp,3,-5.6162609930167394e-08,2.2687753029314353e-09,1.309878031878239e-09,-6.179856021960236e-08,-5.052665964073243e-08,-5.875619504644929e-08,-5.454592901862421e-08,3
0.1,0.1,mean_time_averaged_total_fluid_force_z_N,coarse_2p5dp,3,3.4524123703086195e-09,5.102192912978986e-10,2.945752451765818e-10,2.184957387547553e-09,4.719867353069686e-09,2.895252496402298e-09,3.896833741752829e-09,3
0.1,0.1,mean_time_averaged_gravity_force_z_N,coarse_2p5dp,3,-1.2276244532800162e-08,2.0261704258777473e-24,1.169810040804576e-24,-1.2276244532800167e-08,-1.2276244532800157e-08,-1.227624453280016e-08,-1.227624453280016e-08,3
0.1,0.1,mean_time_averaged_mechanical_contact_force_z_N,coarse_2p5dp,3,8.80396577540767e-09,5.105173881009485e-10,2.9474735144606725e-10,7.535770279136404e-09,1.0072161271678937e-08,8.361843248176185e-09,9.362701078208021e-09,3
0.1,0.1,mean_drag_work_x_J,coarse_2p5dp,3,6.614396732569143e-10,7.2712986910667285e-12,4.198086256645549e-12,6.433767659652423e-10,6.795025805485863e-10,6.542340358052081e-10,6.68774900902036e-10,3
0.1,0.1,mean_explicit_fluid_work_J,coarse_2p5dp,3,-1.9058861229112997e-15,2.2138854595499671e-16,1.278187366026172e-16,-2.455845758861356e-15,-1.3559264869612433e-15,-2.108136663135345e-15,-1.6693580185808638e-15,3
0.1,0.1,mean_total_fluid_work_J,coarse_2p5dp,3,4.722740277757909e-10,7.888331411723805e-12,4.5543302640157194e-12,4.526783262333683e-10,4.918697293182135e-10,4.63184489151667e-10,4.773296670924604e-10,3
0.1,0.1,mean_gravity_work_J,coarse_2p5dp,3,2.777261542091974e-11,3.2203938084761997e-12,1.859295232220338e-12,1.9772713714688704e-11,3.5772517127150774e-11,2.4331850098526297e-11,3.071438531753073e-11,3
0.1,0.1,mean_wall_contact_sample_fraction,coarse_2p5dp,3,0.16383316672220372,0.0435311490936521,0.025132720647353776,0.055695797624079446,0.271970535820328,0.11372542485838054,0.19233255581472844,3
0.1,0.1,mean_bottom_wall_contact_sample_fraction,coarse_2p5dp,3,0.13079417971787183,0.022737387184226285,0.013127436611481793,0.07431137874751598,0.18727698068822768,0.10483838720426526,0.14719426857714094,3
0.1,0.1,mean_mechanical_contact_net_work_J,coarse_2p5dp,3,-4.96578564974272e-10,5.129710115274056e-12,2.9616395159182225e-12,-5.093214713218249e-10,-4.83835658626719e-10,-5.012746394463807e-10,-4.911041737465763e-10,3
0.1,0.1,all_lower_clipped_fraction,coarse_2p5dp,3,0.49069888888888896,0.05280390227618213,0.03048634719341645,0.3595267239185537,0.6218710538592243,0.44225733333333334,0.546987,3
0.2,0.05,mean_dx_dp,coarse_2p5dp,3,24.316684618240576,1.9138266547051983,1.1049483342763273,19.562475651589068,29.070893584892083,22.111312882231083,25.54178001923986,3
0.2,0.05,mean_dz_dp,coarse_2p5dp,3,-0.3628097995755169,0.08350895824350606,0.048213919521633446,-0.5702575520148092,-0.15536204713622462,-0.4356419790397981,-0.2716639068766408,3
0.2,0.05,outlet_fraction,coarse_2p5dp,3,0.32,0.03605551275463987,0.020816659994661316,0.2304331410507337,0.4095668589492663,0.28,0.35,3
0.2,0.05,bed_resident_fraction,coarse_2p5dp,3,0.68,0.03605551275463988,0.020816659994661323,0.5904331410507337,0.7695668589492664,0.65,0.72,3
0.2,0.05,pressure_gradient_tail_mean_Pa_m,coarse_2p5dp,3,2563.38146962963,0.09056168968168858,0.05228581591599026,2563.1565019210543,2563.6064373382055,2563.2858880000003,2563.465996444445,3
0.2,0.05,cfd_to_ergun_pressure_drop_ratio,coarse_2p5dp,3,0.7777751207684389,2.7478012915211184e-05,1.5864438153393192e-05,0.7777068616003131,0.7778433799365647,0.7777461196172606,0.7778007676939471,3
0.2,0.05,fpt_5dp_reached_fraction,coarse_2p5dp,3,0.8033333333333332,0.06658328118479392,0.03844187531556932,0.6379312935720118,0.9687353730946546,0.73,0.86,3
0.2,0.05,fpt_5dp_p50_s,coarse_2p5dp,3,0.027308923763192824,0.002382674618556865,0.001375637832415095,0.021390031888473424,0.033227815637912224,0.024794658287621004,0.02953352235395537,3
0.2,0.05,late_origin_local_alpha_p50,coarse_2p5dp,3,1.693568943991905,0.04303007569647297,0.024843425786608645,1.586676310216054,1.8004615777677562,1.6438845408885063,1.7188383230692612,3
0.2,0.05,centered_msd_exponent,coarse_2p5dp,3,1.8015378803013427,0.012789407819445537,0.0073839680473327856,1.7697672300264686,1.8333085305762167,1.7909362252741814,1.8157422259614704,3
0.2,0.05,centered_msd_bootstrap_fraction_above_one,coarse_2p5dp,3,1.0,0.0,0.0,1.0,1.0,1.0,1.0,3
0.2,0.05,inertial_local_final_centered_msd_x_m2,coarse_2p5dp,3,0.0016543572604536094,9.930900220960513e-05,5.733607915866867e-05,0.0014076600229512683,0.0019010544979559505,0.0015575338441195898,0.0017559779665149997,3
0.2,0.05,inertial_local_final_mean_dx_dp,coarse_2p5dp,3,80.66156940458968,2.561873255798485,1.4790982138649584,74.29752343720922,87.02561537197015,77.71620107177999,82.3725781749214,3
0.2,0.05,inertial_local_fpt_5dp_reached_fraction,coarse_2p5dp,3,1.0,0.0,0.0,1.0,1.0,1.0,1.0,3
0.2,0.05,inertial_permuted_final_centered_msd_x_m2,coarse_2p5dp,3,0.0016543572604536094,9.930900220960524e-05,5.733607915866873e-05,0.001407660022951268,0.0019010544979559507,0.0015575338441195896,0.0017559779665149997,3
0.2,0.05,inertial_permuted_final_mean_dx_dp,coarse_2p5dp,3,80.66156940458968,2.561873255798485,1.4790982138649584,74.29752343720922,87.02561537197015,77.71620107177999,82.3725781749214,3
0.2,0.05,inertial_permuted_fpt_5dp_reached_fraction,coarse_2p5dp,3,1.0,0.0,0.0,1.0,1.0,1.0,1.0,3
0.2,0.05,inertial_uniform_final_centered_msd_x_m2,coarse_2p5dp,3,5.7777898331617076e-34,1.0007425546490985e-33,5.777789833161708e-34,-1.9082033364124425e-33,3.063761303044784e-33,0.0,1.7333369499485123e-33,1
0.2,0.05,inertial_uniform_final_mean_dx_dp,coarse_2p5dp,3,80.74357864666791,2.5702720121617926,1.483947238112172,74.3586690118738,87.12848828146203,77.78816942957344,82.45679437201657,3
0.2,0.05,inertial_uniform_fpt_5dp_reached_fraction,coarse_2p5dp,3,1.0,0.0,0.0,1.0,1.0,1.0,1.0,3
0.2,0.05,fractional_fpt_alpha,coarse_2p5dp,3,0.8305955621393215,0.0447279139371712,0.02582367315191621,0.7194852643613486,0.9417058599172944,0.7792051404597204,0.8607466348335318,3
0.2,0.05,fractional_fpt_residual_bic_improvement,coarse_2p5dp,3,72.77025478064589,59.50300539875612,34.3540761845636,-75.04340489118847,220.58391445248026,12.710310412446006,131.70022633067924,3
0.2,0.05,non_gaussian_parameter_20ms,coarse_2p5dp,3,0.30490757944464003,0.12119359419270236,0.06997115423121497,0.003846001691443224,0.6059691571978368,0.1651128380118021,0.3803691189345517,3
0.2,0.05,non_gaussian_parameter_50ms,coarse_2p5dp,3,0.5024178175792958,0.20604028662428134,0.11895741494643648,-0.009414628558044646,1.0142502637166362,0.33059285454503673,0.7308425311009892,3
0.2,0.05,variance_top10_observed_share,coarse_2p5dp,3,0.2031599855776113,0.021171612782177416,0.012223436338968654,0.15056678384743366,0.25575318730778895,0.17883457891328144,0.21743056242583234,3
0.2,0.05,variance_top10_gaussian_null_p50,coarse_2p5dp,3,0.43009998800525095,0.0,0.0,0.43009998800525095,0.43009998800525095,0.43009998800525095,0.43009998800525095,3
0.2,0.05,variance_top10_outlet_capped_null_p50,coarse_2p5dp,3,0.37843065658454256,0.003839431112150159,0.0022166965861349186,0.3688929809672925,0.3879683322017926,0.37399979199688377,0.3807757442651477,3
0.2,0.05,variance_top10_observed_to_null_mean_ratio,coarse_2p5dp,3,0.4702253839870448,0.049002906363769264,0.02829184118019621,0.34849541630483466,0.5919553516692548,0.41392284164902216,0.5032554487367189,3
0.2,0.05,variance_top10_observed_to_outlet_capped_null_mean_ratio,coarse_2p5dp,3,0.5335202915400771,0.05087148571641603,0.029370665972449,0.4071485154206125,0.6598920676595417,0.4751410252016345,0.5683494287064967,3
0.2,0.05,variance_top10_null_upper_p,coarse_2p5dp,3,1.0,0.0,0.0,1.0,1.0,1.0,1.0,3
0.2,0.05,variance_top10_outlet_capped_null_upper_p,coarse_2p5dp,3,1.0,0.0,0.0,1.0,1.0,1.0,1.0,3
0.2,0.05,velocity_positive_integral_time_s,coarse_2p5dp,3,0.07894407087628401,0.011036573415600373,0.006371968632427943,0.051527702646405146,0.10636043910616287,0.06879159045047327,0.09069124120878921,3
0.2,0.05,velocity_variance_ratio_20ms,coarse_2p5dp,3,0.8079574451487387,0.033095771907554916,0.019107852819865285,0.7257429900546395,0.8901719002428379,0.7800311983101376,0.8445131264420171,3
0.2,0.05,velocity_variance_ratio_50ms,coarse_2p5dp,3,0.6690264003315775,0.040291947058259135,0.023262566480260063,0.5689356551654587,0.7691171454976962,0.634409410587872,0.7132549437464529,3
0.2,0.05,velocity_variance_ratio_max_abs_log_10_100ms,coarse_2p5dp,3,0.6572525116924428,0.16310817847002537,0.09417055074669868,0.25206933446480734,1.0624356889200783,0.49998245197146046,0.8256309208091701,3
0.2,0.05,ever_contacted_fraction,coarse_2p5dp,3,0.9866666666666667,0.01527525231651948,0.008819171036881977,0.9487208363311352,1.0246124970021981,0.97,1.0,3
0.2,0.05,mean_sampled_contact_fraction,coarse_2p5dp,3,0.5861874666804728,0.03506511856392483,0.020244855642048146,0.4990808832898319,0.6732940500711138,0.5549398428188617,0.6241104275222695,3
0.2,0.05,p90_particle_maximum_contact_force_N,coarse_2p5dp,3,0.00012113041538680496,3.130932119981778e-06,1.8076445022859254e-06,0.00011335274883471722,0.0001289080819388927,0.00011870556289214473,0.00012466508273365265,3
0.2,0.05,p90_particle_maximum_contact_force_over_debris_weight,coarse_2p5dp,3,78936.46306126528,2040.3191621779265,1177.9788175161777,73868.02928655052,84004.89683598005,77356.2713417658,81239.88237644991,3
0.2,0.05,p90_particle_maximum_contact_equal_sphere_hertz_overlap_over_df,coarse_2p5dp,3,0.00013185221528372456,2.267718348892521e-06,1.3092677991793508e-06,0.00012621889061367722,0.0001374855399537719,0.0001300930382480344,0.00013441154146791195,3
0.2,0.05,early_contact_vs_later_dx_spearman_r,coarse_2p5dp,3,-0.5188760599672039,0.14257258394843267,0.08231431972168812,-0.8730459924111238,-0.1647061275232839,-0.6265212072902325,-0.3571816485208188,3
0.2,0.05,early_contact_vs_later_dx_geometry_adjusted_r,coarse_2p5dp,3,-0.6475925580327399,0.06733930271303691,0.038878364548413556,-0.8148726593832432,-0.48031245668223654,-0.72477673957558,-0.6008436738012989,3
0.2,0.05,early_contact_later_dx_difference_dp,coarse_2p5dp,3,8.407574509267791,1.1411962220741014,0.6588699460126665,5.5726859375391005,11.242463080996481,7.565175207834964,9.70632836342996,3
0.2,0.05,mean_drag_impulse_x_N_s,coarse_2p5dp,3,1.4810299477202491e-08,1.4466129689245792e-09,8.352023870218096e-10,1.1216713646831147e-08,1.8403885307573836e-08,1.3141540608419658e-08,1.5708881405741428e-08,3
0.2,0.05,mean_total_fluid_impulse_x_N_s,coarse_2p5dp,3,1.4810299477202491e-08,1.4466129689245792e-09,8.352023870218096e-10,1.1216713646831147e-08,1.8403885307573836e-08,1.3141540608419658e-08,1.5708881405741428e-08,3
0.2,0.05,mean_total_fluid_impulse_z_N_s,coarse_2p5dp,3,-2.050427540377741e-11,6.27048795712474e-11,3.620267909996275e-11,-1.7627183145568528e-10,1.3526328064813045e-10,-8.128626277845057e-11,4.3961113804733754e-11,2
0.2,0.05,mean_gravity_impulse_z_N_s,coarse_2p5dp,3,-4.1572530240968897e-10,5.633347053932396e-12,3.2524144380264544e-12,-4.297193122695792e-10,-4.0173129254979874e-10,-4.213406612630673e-10,-4.1007413784309e-10,3
0.2,0.05,mean_mechanical_contact_impulse_x_N_s,coarse_2p5dp,3,-1.4795379966187222e-08,1.447102534199031e-09,8.354850376648002e-10,-1.839018194411918e-08,-1.1200577988255263e-08,-1.569534415390076e-08,-1.3126113619126921e-08,3
0.2,0.05,mean_mechanical_contact_impulse_z_N_s,coarse_2p5dp,3,4.3531416528101136e-10,6.041343574689002e-11,3.487971339113711e-11,2.852388712474816e-10,5.853894593145411e-10,3.709403154624667e-10,4.907774475813834e-10,3
0.2,0.05,mean_time_averaged_total_fluid_force_x_N,coarse_2p5dp,3,5.365211600051574e-08,5.119076998501743e-09,2.9555004830874033e-09,4.093562377933005e-08,6.636860822170142e-08,4.774377887548911e-08,5.675995183138391e-08,3
0.2,0.05,mean_time_averaged_mechanical_contact_force_x_N,coarse_2p5dp,3,-5.3579307016939985e-08,5.1201372270172164e-09,2.956112606306214e-09,-6.629843299176399e-08,-4.086018104211597e-08,-5.6680351390745065e-08,-4.76694903839996e-08,3
0.2,0.05,mean_time_averaged_total_fluid_force_z_N,coarse_2p5dp,3,1.7336211950884893e-11,1.9854293007506945e-10,1.146288141245384e-10,-4.758717680443342e-10,5.10544191946104e-10,-1.870630075503476e-10,2.094525297332077e-10,2
0.2,0.05,mean_time_averaged_gravity_force_z_N,coarse_2p5dp,3,-1.5345305666000202e-09,2.532713032347184e-25,1.46226255100572e-25,-1.5345305666000208e-09,-1.5345305666000196e-09,-1.53453056660002e-09,-1.53453056660002e-09,3
0.2,0.05,mean_time_averaged_mechanical_contact_force_z_N,coarse_2p5dp,3,1.5125025049247723e-09,1.9936768820890435e-10,1.1510498845512432e-10,1.0172457121462447e-09,2.0077592977033e-09,1.3204543006291327e-09,1.718461089933422e-09,3
0.2,0.05,mean_drag_work_x_J,coarse_2p5dp,3,4.516336206665047e-10,4.034273060416464e-11,2.329188637415901e-11,3.5141672217886723e-10,5.518505191541422e-10,4.1416149724819376e-10,4.943366573097723e-10,3
0.2,0.05,mean_explicit_fluid_work_J,coarse_2p5dp,3,-3.83784835848209e-17,8.570086680596072e-18,4.947941852020569e-18,-5.966775910081407e-17,-1.7089208068827725e-17,-4.6048177439557717e-17,-2.9128081944970174e-17,3
0.2,0.05,mean_total_fluid_work_J,coarse_2p5dp,3,2.8627648757579046e-10,3.0537721957864876e-11,1.7630961992811233e-11,2.1041658083018426e-10,3.6213639432139666e-10,2.575507273410874e-10,3.183502537968813e-10,3
0.2,0.05,mean_gravity_work_J,coarse_2p5dp,3,5.571463394209409e-13,1.2818483570768311e-13,7.400754940185881e-14,2.3871755496862546e-13,8.755751238732563e-13,4.1725831377861455e-13,6.689813693797268e-13,3
0.2,0.05,mean_wall_contact_sample_fraction,coarse_2p5dp,3,0.13241697212040435,0.02072316017213281,0.01196452210384061,0.08093778843075855,0.18389615581005014,0.10983005664778409,0.15055314895034988,3
0.2,0.05,mean_bottom_wall_contact_sample_fraction,coarse_2p5dp,3,0.05275685882483616,0.012786808111230325,0.007382467105094919,0.020992666583179047,0.08452105106649327,0.03801732755748084,0.06087637454181939,3
0.2,0.05,mean_mechanical_contact_net_work_J,coarse_2p5dp,3,-2.848142054593217e-10,3.0190531553465835e-11,1.743051151937139e-11,-3.598116434282123e-10,-2.098167674904311e-10,-3.1658089076603696e-10,-2.5649597342370953e-10,3
0.2,0.05,all_lower_clipped_fraction,coarse_2p5dp,3,0.44321622222222223,0.04661375069575421,0.026912461512131797,0.3274212462341022,0.5590111982103423,0.4030066666666667,0.4943086666666667,3
0.2,0.1,mean_dx_dp,coarse_2p5dp,3,24.007604583787113,1.4352837676598766,0.8286614696219301,20.4421620495211,27.573047118053125,22.488182137475267,25.340513910516943,3
0.2,0.1,mean_dz_dp,coarse_2p5dp,3,-1.4720770711445808,0.27505249315496183,0.15880163096429492,-2.1553453420939164,-0.7888088001952451,-1.7896257637728812,-1.3082042105072897,3
0.2,0.1,outlet_fraction,coarse_2p5dp,3,0.06,0.010000000000000002,0.005773502691896259,0.035158622882782264,0.08484137711721773,0.05,0.07,3
0.2,0.1,bed_resident_fraction,coarse_2p5dp,3,0.94,0.010000000000000009,0.005773502691896263,0.9151586228827822,0.9648413771172177,0.9299999999999999,0.95,3
0.2,0.1,pressure_gradient_tail_mean_Pa_m,coarse_2p5dp,3,2563.8793007407407,0.10322117565245958,0.05959477354901719,2563.622885125654,2564.1357163558273,2563.776940444445,2563.983361777778,3
0.2,0.1,cfd_to_ergun_pressure_drop_ratio,coarse_2p5dp,3,0.7779261715024613,3.1319124098469134e-05,1.808210472903445e-05,0.7778483704851903,0.7780039725197324,0.7778951135843335,0.7779577454553074,3
0.2,0.1,fpt_5dp_reached_fraction,coarse_2p5dp,3,0.8833333333333333,0.03055050463303896,0.017638342073763955,0.8074416726622704,0.9592249940043962,0.85,0.91,3
0.2,0.1,fpt_5dp_p50_s,coarse_2p5dp,3,0.043412999690357584,0.0018021477114380116,0.001040470466318204,0.03893621659828133,0.04788978278243384,0.04201279893321722,0.045446259756894265,3
0.2,0.1,late_origin_local_alpha_p50,coarse_2p5dp,3,1.8337032763216985,0.02536292141033155,0.014643289503690244,1.7706982867668584,1.8967082658765386,1.8049963263318398,1.8530778118795443,3
0.2,0.1,centered_msd_exponent,coarse_2p5dp,3,1.8049174834136392,0.027039909652269625,0.015611499116601028,1.7377466241248867,1.8720883427023918,1.779554962364131,1.8333694005040801,3
0.2,0.1,centered_msd_bootstrap_fraction_above_one,coarse_2p5dp,3,1.0,0.0,0.0,1.0,1.0,1.0,1.0,3
0.2,0.1,inertial_local_final_centered_msd_x_m2,coarse_2p5dp,3,0.0016071198205240384,0.00010078097271568307,5.8185921726591956e-05,0.0013567660055770069,0.00185747363547107,0.001514399567914104,0.0017143816752813387,3
0.2,0.1,inertial_local_final_mean_dx_dp,coarse_2p5dp,3,79.66248027528366,2.472624053105104,1.4275701626649755,73.52014161805492,85.80481893251239,76.8163223861922,81.28154049639865,3
0.2,0.1,inertial_local_fpt_5dp_reached_fraction,coarse_2p5dp,3,1.0,0.0,0.0,1.0,1.0,1.0,1.0,3
0.2,0.1,inertial_permuted_final_centered_msd_x_m2,coarse_2p5dp,3,0.0016071198205240384,0.00010078097271568307,5.8185921726591956e-05,0.0013567660055770069,0.00185747363547107,0.001514399567914104,0.0017143816752813387,3
0.2,0.1,inertial_permuted_final_mean_dx_dp,coarse_2p5dp,3,79.66248027528366,2.472624053105099,1.4275701626649726,73.52014161805494,85.80481893251238,76.8163223861922,81.28154049639863,3
0.2,0.1,inertial_permuted_fpt_5dp_reached_fraction,coarse_2p5dp,3,1.0,0.0,0.0,1.0,1.0,1.0,1.0,3
0.2,0.1,inertial_uniform_final_centered_msd_x_m2,coarse_2p5dp,3,1.2839532962581572e-34,1.1119361718323317e-34,6.419766481290787e-35,-1.4782492812180799e-34,4.046155873734394e-34,0.0,1.925929944387236e-34,2
0.2,0.1,inertial_uniform_final_mean_dx_dp,coarse_2p5dp,3,79.98996449929909,2.506534876143088,1.4471485854743973,73.76338668772618,86.216542310872,77.10351830253754,81.6176824491587,3
0.2,0.1,inertial_uniform_fpt_5dp_reached_fraction,coarse_2p5dp,3,1.0,0.0,0.0,1.0,1.0,1.0,1.0,3
0.2,0.1,fractional_fpt_alpha,coarse_2p5dp,3,0.8193712716096438,0.058589015647190566,0.03382638395546067,0.6738280883478007,0.964914454871487,0.7769550811960062,0.8862227984096532,3
0.2,0.1,fractional_fpt_residual_bic_improvement,coarse_2p5dp,3,157.66750146619933,33.3394341988166,19.24853130931658,74.84775568545243,240.48724724694623,136.6148057236103,196.1063174149445,3
0.2,0.1,non_gaussian_parameter_20ms,coarse_2p5dp,3,-0.26074404781325505,0.04288191447843414,0.024757884867490462,-0.36726862871996124,-0.1542194669065489,-0.30761058415867326,-0.2234722675249522,3
0.2,0.1,non_gaussian_parameter_50ms,coarse_2p5dp,3,-0.4034572832960057,0.03290746220528556,0.018999132162569054,-0.48520395115721454,-0.3217106154347969,-0.43590933636768103,-0.3701125752289527,3
0.2,0.1,variance_top10_observed_share,coarse_2p5dp,3,0.27034405824577634,0.047653904204283594,0.027512994420279775,0.1519651977011387,0.388722918790414,0.2329574403326644,0.3240027098529524,3
0.2,0.1,variance_top10_gaussian_null_p50,coarse_2p5dp,3,0.43009998800525095,0.0,0.0,0.43009998800525095,0.43009998800525095,0.43009998800525095,0.43009998800525095,3
0.2,0.1,variance_top10_outlet_capped_null_p50,coarse_2p5dp,3,0.3753489280394077,0.0011193162620376515,0.0006462375451957639,0.37256839230153654,0.3781294637772789,0.37415021284435596,0.3763668311008034,3
0.2,0.1,variance_top10_observed_to_null_mean_ratio,coarse_2p5dp,3,0.6257267553736496,0.110297681599218,0.06368039616230015,0.3517321249975515,0.8997213857497477,0.5391932940023698,0.7499227676172732,3
0.2,0.1,variance_top10_observed_to_outlet_capped_null_mean_ratio,coarse_2p5dp,3,0.7155221849669626,0.12633429489245313,0.07293913916403938,0.4016903987408404,1.0293539711930848,0.6147924385791291,0.8572680885252574,3
0.2,0.1,variance_top10_null_upper_p,coarse_2p5dp,3,0.999550022498875,0.0007793838942112572,0.0004499775011249282,0.9976139255753563,1.0014861194223939,0.9986500674966252,1.0,3
0.2,0.1,variance_top10_outlet_capped_null_upper_p,coarse_2p5dp,3,0.9761678582737531,0.04127848032304211,0.023832141726247036,0.8736264286207189,1.0787092879267872,0.9285035748212589,1.0,3
0.2,0.1,velocity_positive_integral_time_s,coarse_2p5dp,3,0.05112418916968695,0.006293585550676443,0.0036336033118509834,0.03549005596130436,0.06675832237806954,0.04734796213879655,0.058389504665908296,3
0.2,0.1,velocity_variance_ratio_20ms,coarse_2p5dp,3,0.9352548887193457,0.0069863438213821245,0.004033567485926249,0.9178998485655959,0.9526099288730955,0.92788468313815,0.9417805992369533,3
0.2,0.1,velocity_variance_ratio_50ms,coarse_2p5dp,3,0.8639446170679891,0.01404337392537042,0.008107945716143185,0.8290589423001662,0.898830291835812,0.8529809423705339,0.8797736631733843,3
0.2,0.1,velocity_variance_ratio_max_abs_log_10_100ms,coarse_2p5dp,3,0.2867108073204368,0.03132369852087347,0.018084745773040985,0.2088984265541315,0.3645231880867421,0.25114297549354847,0.3101842832675931,3
0.2,0.1,ever_contacted_fraction,coarse_2p5dp,3,0.9899999999999999,0.010000000000000009,0.005773502691896263,0.9651586228827821,1.0148413771172176,0.98,1.0,3
0.2,0.1,mean_sampled_contact_fraction,coarse_2p5dp,3,0.45706064549561365,0.005623948682532943,0.0032469882857690357,0.44308998248454556,0.47103130850668173,0.45345493016147265,0.4635408861361661,3
0.2,0.1,p90_particle_maximum_contact_force_N,coarse_2p5dp,3,0.0003964323897455399,4.888278853431422e-05,2.8222491119025868e-05,0.00027500081129332925,0.0005178639681977505,0.00034001076671314053,0.00042604938605857217,3
0.2,0.1,p90_particle_maximum_contact_force_over_debris_weight,coarse_2p5dp,3,32292.643624549517,3981.9008495397134,2298.951527368153,22401.053559870947,42184.23368922809,27696.64336717033,34705.1889460361,3
0.2,0.1,p90_particle_maximum_contact_equal_sphere_hertz_overlap_over_df,coarse_2p5dp,3,0.0001152141511293298,9.60577891410798e-06,5.545899041836274e-06,9.135207347833235e-05,0.00013907622878032728,0.000104126625499041,0.00012102450369481757,3
0.2,0.1,early_contact_vs_later_dx_spearman_r,coarse_2p5dp,3,-0.12219878588939065,0.12494753027524667,0.07213849023899259,-0.4325856578326289,0.18818808605384763,-0.21350047412028664,0.020198565225146903,2
0.2,0.1,early_contact_vs_later_dx_geometry_adjusted_r,coarse_2p5dp,3,-0.2645844568601162,0.12897976161359156,0.07446650008762086,-0.5849879467333234,0.05581903301309099,-0.3530336022818947,-0.11658926975614982,3
0.2,0.1,early_contact_later_dx_difference_dp,coarse_2p5dp,3,9.478855814710535,1.56553420848479,0.9038615966942614,5.589853248422971,13.367858380998099,7.748801197149692,10.797844160506694,3
0.2,0.1,mean_drag_impulse_x_N_s,coarse_2p5dp,3,3.2283016046408866e-08,2.35599137888821e-09,1.3602322568095457e-09,2.6430409013621283e-08,3.813562307919645e-08,3.034783977542858e-08,3.490650725200055e-08,3
0.2,0.1,mean_total_fluid_impulse_x_N_s,coarse_2p5dp,3,3.2283016046408866e-08,2.35599137888821e-09,1.3602322568095457e-09,2.6430409013621283e-08,3.813562307919645e-08,3.034783977542858e-08,3.490650725200055e-08,3
0.2,0.1,mean_total_fluid_impulse_z_N_s,coarse_2p5dp,3,7.850989669589944e-10,1.955725660586821e-10,1.1291387366008599e-10,2.9926978023442453e-10,1.2709281536835644e-09,6.25721739384999e-10,1.0033437177190534e-09,3
0.2,0.1,mean_gravity_impulse_z_N_s,coarse_2p5dp,3,-3.666067181074645e-09,4.13107941071917e-12,2.3850798098224334e-12,-3.67632935122893e-09,-3.6558050109203604e-09,-3.6693817670985013e-09,-3.6614390368857795e-09,3
0.2,0.1,mean_mechanical_contact_impulse_x_N_s,coarse_2p5dp,3,-3.2213148955239804e-08,2.352226789245036e-09,1.3580587699656706e-09,-3.805640422892562e-08,-2.6369893681553986e-08,-3.483174860741016e-08,-3.027921102250248e-08,3
0.2,0.1,mean_mechanical_contact_impulse_z_N_s,coarse_2p5dp,3,2.875937481734529e-09,2.0188376980369068e-10,1.1655764884117725e-10,2.3744303957806234e-09,3.3774445676884344e-09,2.649479490279791e-09,3.037068879174798e-09,3
0.2,0.1,mean_time_averaged_total_fluid_force_x_N,coarse_2p5dp,3,1.083267278716736e-07,7.924154683129736e-09,4.5750128394051866e-09,8.864203638979432e-08,1.2801141935355288e-07,1.0156448046553852e-07,1.1704603806041504e-07,3
0.2,0.1,mean_time_averaged_mechanical_contact_force_x_N,coarse_2p5dp,3,-1.0808968833773061e-07,7.911511919733133e-09,4.567713536554857e-09,-1.2774297345427601e-07,-8.843640322118522e-08,-1.167926089891678e-07,-1.0133273430859675e-07,3
0.2,0.1,mean_time_averaged_total_fluid_force_z_N,coarse_2p5dp,3,2.6351313519810407e-09,6.564212871224104e-10,3.789850068219243e-10,1.004490477863315e-09,4.265772226098766e-09,2.102174959795418e-09,3.3683611085520207e-09,3
0.2,0.1,mean_time_averaged_gravity_force_z_N,coarse_2p5dp,3,-1.2276244532800162e-08,2.0261704258777473e-24,1.169810040804576e-24,-1.2276244532800167e-08,-1.2276244532800157e-08,-1.227624453280016e-08,-1.227624453280016e-08,3
0.2,0.1,mean_time_averaged_mechanical_contact_force_z_N,coarse_2p5dp,3,9.623799342852017e-09,6.655950832561057e-10,3.84281500489204e-10,7.970369495798932e-09,1.1277229189905102e-08,8.87824286824122e-09,1.0158212886415495e-08,3
0.2,0.1,mean_drag_work_x_J,coarse_2p5dp,3,2.0498034785674492e-09,1.9876791233013364e-10,1.147587076900626e-10,1.5560366116679571e-09,2.5435703454669413e-09,1.8203713210257704e-09,2.169936824768231e-09,3
0.2,0.1,mean_explicit_fluid_work_J,coarse_2p5dp,3,-1.240183733524243e-15,2.3171012454427377e-16,1.3377790277959817e-16,-1.8157835920924226e-15,-6.645838749560637e-16,-1.5076706630976114e-15,-1.1011830169001631e-15,3
0.2,0.1,mean_total_fluid_work_J,coarse_2p5dp,3,1.6308707880461655e-09,1.6038095181818852e-10,9.259598570511955e-11,1.2324624173927707e-09,2.0292791586995602e-09,1.4458024792316524e-09,1.729265020141485e-09,3
0.2,0.1,mean_gravity_work_J,coarse_2p5dp,3,1.807276182449819e-11,3.377238408664059e-12,1.949849504359738e-12,9.683236532060572e-12,2.646228711693581e-11,1.6060902391855904e-11,2.1971796358557873e-11,3
0.2,0.1,mean_wall_contact_sample_fraction,coarse_2p5dp,3,0.22733644340775297,0.044261248069202556,0.0255542434874229,0.11738540791117437,0.3372874789043316,0.17646117960679775,0.2569976674441853,3
0.2,0.1,mean_bottom_wall_contact_sample_fraction,coarse_2p5dp,3,0.13868488281683883,0.01275789640899886,0.007365774926028852,0.10699251122500497,0.17037725440867268,0.13059980006664446,0.1533922025991336,3
0.2,0.1,mean_mechanical_contact_net_work_J,coarse_2p5dp,3,-1.6425013036291022e-09,1.614032661441558e-10,9.318621915641317e-11,-2.0434492438528658e-09,-1.2415533634053386e-09,-1.73847290198611e-09,-1.4561568995371268e-09,3
0.2,0.1,all_lower_clipped_fraction,coarse_2p5dp,3,0.4726351111111111,0.03192361513629639,0.018431107792446735,0.3933324548565452,0.551937767365677,0.438233,0.501303,3
