metric,contrast,condition,count,mean,standard_deviation,standard_error,ci95_low,ci95_high,minimum,maximum,same_sign_count
all_lower_clipped_fraction,df_over_dp_0p10_minus_0p05,gas_velocity=0.10,3,-0.0007810347218951316,0.03386402522326891,0.019551404078498584,-0.08490393684971477,0.08334186740592452,-0.039715096495598734,0.021828658996579986,1
all_lower_clipped_fraction,df_over_dp_0p10_minus_0p05,gas_velocity=0.20,3,0.029418888888888883,0.03979224310274738,0.022974062267030228,-0.0694305228366465,0.12826830061442426,0.005899666666666636,0.07536266666666663,3
all_lower_clipped_fraction,gas_velocity_0p20_minus_0p10,df_over_dp=0.05,3,-0.048263701388561786,0.01050872708079983,0.006067216408940092,-0.07436882663216851,-0.022158576144955068,-0.05801700767008666,-0.037134999999999974,3
all_lower_clipped_fraction,gas_velocity_0p20_minus_0p10,df_over_dp=0.10,3,-0.018063777777777772,0.023920913454161395,0.013810745822021823,-0.07748662098809284,0.0413590654325373,-0.04568399999999995,-0.004024333333333352,3
all_lower_clipped_fraction,velocity_size_interaction,difference_of_differences,3,0.030199923610784014,0.03379035245657322,0.019508869086814883,-0.05373996521895999,0.11413981244052801,-0.008548999999999973,0.05353400767008665,2
bed_resident_fraction,df_over_dp_0p10_minus_0p05,gas_velocity=0.10,3,0.07333333333333336,0.032145502536643146,0.018559214542766718,-0.006520521780189803,0.15318718844685653,0.050000000000000044,0.10999999999999999,3
bed_resident_fraction,df_over_dp_0p10_minus_0p05,gas_velocity=0.20,3,0.25999999999999995,0.03999999999999998,0.02309401076758502,0.16063449153112908,0.35936550846887083,0.21999999999999997,0.29999999999999993,3
bed_resident_fraction,gas_velocity_0p20_minus_0p10,df_over_dp=0.05,3,-0.24666666666666667,0.03055050463303896,0.017638342073763955,-0.3225583273377295,-0.17077500599560383,-0.28,-0.21999999999999997,3
bed_resident_fraction,gas_velocity_0p20_minus_0p10,df_over_dp=0.10,3,-0.06000000000000005,0.010000000000000009,0.005773502691896263,-0.08484137711721781,-0.0351586228827823,-0.07000000000000006,-0.050000000000000044,3
bed_resident_fraction,velocity_size_interaction,difference_of_differences,3,0.18666666666666662,0.025166114784235857,0.014529663145135593,0.12415057187362748,0.24918276145970575,0.15999999999999992,0.20999999999999996,3
centered_msd_bootstrap_fraction_above_one,df_over_dp_0p10_minus_0p05,gas_velocity=0.10,3,0.0,0.0,0.0,0.0,0.0,0.0,0.0,3
centered_msd_bootstrap_fraction_above_one,df_over_dp_0p10_minus_0p05,gas_velocity=0.20,3,0.0,0.0,0.0,0.0,0.0,0.0,0.0,3
centered_msd_bootstrap_fraction_above_one,gas_velocity_0p20_minus_0p10,df_over_dp=0.05,3,0.0,0.0,0.0,0.0,0.0,0.0,0.0,3
centered_msd_bootstrap_fraction_above_one,gas_velocity_0p20_minus_0p10,df_over_dp=0.10,3,0.0,0.0,0.0,0.0,0.0,0.0,0.0,3
centered_msd_bootstrap_fraction_above_one,velocity_size_interaction,difference_of_differences,3,0.0,0.0,0.0,0.0,0.0,0.0,0.0,3
centered_msd_exponent,df_over_dp_0p10_minus_0p05,gas_velocity=0.10,3,-0.12084346618526716,0.020301115007420885,0.011720854214384,-0.17127423156520222,-0.0704127008053321,-0.13638646855113534,-0.09787503838424705,3
centered_msd_exponent,df_over_dp_0p10_minus_0p05,gas_velocity=0.20,3,0.0033796031122965697,0.0277889775275578,0.016043973656039958,-0.06565204393409865,0.07241125015869179,-0.013914138588764002,0.035434210835704194,1
centered_msd_exponent,gas_velocity_0p20_minus_0p10,df_over_dp=0.05,3,-0.08960624172666283,0.014818371871568559,0.008555390989002086,-0.12641711811914344,-0.05279536533418222,-0.0994820905571383,-0.07256729039912169,3
centered_msd_exponent,gas_velocity_0p20_minus_0p10,df_over_dp=0.10,3,0.0346168275709009,0.022670551236860268,0.01308884885927848,-0.021699943702104388,0.09093359884390619,0.020118284486640103,0.060741958820829556,3
centered_msd_exponent,velocity_size_interaction,difference_of_differences,3,0.12422306929756373,0.008349624015788292,0.004820657673147535,0.10348145340124623,0.14496468519388123,0.11688762871036862,0.13330924921995124,3
cfd_to_ergun_pressure_drop_ratio,df_over_dp_0p10_minus_0p05,gas_velocity=0.10,3,0.0001347706555940853,7.175450927022985e-05,4.14274852427367e-05,-4.347742687018223e-05,0.0003130187380583528,5.856141537541326e-05,0.00020103239522195615,3
cfd_to_ergun_pressure_drop_ratio,df_over_dp_0p10_minus_0p05,gas_velocity=0.20,3,0.00015105073402232883,5.2621475445657335e-05,3.0381023013705548e-05,2.033174242133012e-05,0.00028176972562332756,0.00011663859022459366,0.0002116258380467917,3
cfd_to_ergun_pressure_drop_ratio,gas_velocity_0p20_minus_0p10,df_over_dp=0.05,3,-0.004615455997357909,0.00012118068695064422,6.996370223153821e-05,-0.004916485511744355,-0.004314426482971463,-0.004717445436003387,-0.004481495172344863,3
cfd_to_ergun_pressure_drop_ratio,gas_velocity_0p20_minus_0p10,df_over_dp=0.10,3,-0.0045991759189296655,4.7221988456421776e-05,2.7263627746984514e-05,-0.004716481841276753,-0.004481869996582578,-0.004650537754141482,-0.004557639793771218,3
cfd_to_ergun_pressure_drop_ratio,velocity_size_interaction,difference_of_differences,3,1.6280078428243527e-05,8.016382177101412e-05,4.628260407876419e-05,-0.00018285789434887558,0.00021541805120536264,-7.614462142635503e-05,6.690768186190521e-05,2
early_contact_later_dx_difference_dp,df_over_dp_0p10_minus_0p05,gas_velocity=0.10,3,-1.6677982388683457,0.8136402361949017,0.4697554093906372,-3.688992633374312,0.3533961556376204,-2.483662402878334,-0.8564003177040647,3
early_contact_later_dx_difference_dp,df_over_dp_0p10_minus_0p05,gas_velocity=0.20,3,1.071281305442743,2.701638040776469,1.5597914500952275,-5.639959635072209,7.782522245957695,-1.9575271662802685,3.2326689526717294,2
early_contact_later_dx_difference_dp,gas_velocity_0p20_minus_0p10,df_over_dp=0.05,3,-2.929040917691664,1.9603044393709215,1.13178229576442,-7.798707101988578,1.9406252666052501,-4.626043759204665,-0.783261765707211,3
early_contact_later_dx_difference_dp,gas_velocity_0p20_minus_0p10,df_over_dp=0.10,3,-0.1899613733805753,1.7013276457020012,0.9822619742258027,-4.416293538063737,4.036370791302586,-1.8843886142834148,1.5181837205312512,2
early_contact_later_dx_difference_dp,velocity_size_interaction,difference_of_differences,3,2.739079544311089,3.334137327494334,1.9249650835440333,-5.543376726976835,11.021535815599012,-1.1011268485762038,4.896000948694367,2
early_contact_vs_later_dx_geometry_adjusted_r,df_over_dp_0p10_minus_0p05,gas_velocity=0.10,3,0.26600918474950086,0.17390339203095315,0.10040317020205983,-0.16599078959092556,0.6980091590899273,0.15171624060549704,0.46614248121117546,3
early_contact_vs_later_dx_geometry_adjusted_r,df_over_dp_0p10_minus_0p05,gas_velocity=0.20,3,0.38300810117262357,0.11112026940904457,0.06415531745573562,0.10697004939693266,0.6590461529483145,0.2641236584394459,0.4842544040451491,3
early_contact_vs_later_dx_geometry_adjusted_r,gas_velocity_0p20_minus_0p10,df_over_dp=0.05,3,-0.19878029602337655,0.04895679253325357,0.02826521734773461,-0.3203957106001707,-0.07716488144658243,-0.2518759792122352,-0.15542757849440675,3
early_contact_vs_later_dx_geometry_adjusted_r,gas_velocity_0p20_minus_0p10,df_over_dp=0.10,3,-0.08178137960025383,0.1678354829840234,0.09689986128039677,-0.4987078322459043,0.33514507304539665,-0.2545335705413874,0.08066218422741682,2
early_contact_vs_later_dx_geometry_adjusted_r,velocity_size_interaction,difference_of_differences,3,0.11699891642312271,0.20106412049228517,0.1160844240905962,-0.3824720477659335,0.6164698806121789,-0.06549624017789973,0.33253816343965203,2
early_contact_vs_later_dx_spearman_r,df_over_dp_0p10_minus_0p05,gas_velocity=0.10,3,0.28223342611406793,0.15914292993042306,0.0918812134349555,-0.11309952767999171,0.6775663799081275,0.18644714574221816,0.46593972293893404,3
early_contact_vs_later_dx_spearman_r,df_over_dp_0p10_minus_0p05,gas_velocity=0.20,3,0.3966772740778132,0.20510728537389844,0.11841874642337366,-0.11283746846836756,0.9061920166239941,0.18388719974778656,0.5931238893157071,3
early_contact_vs_later_dx_spearman_r,gas_velocity_0p20_minus_0p10,df_over_dp=0.05,3,-0.14287780253053492,0.10451147442501056,0.06033972789268454,-0.40249869745734934,0.11674309239627947,-0.24014608201146165,-0.03238245005054563,3
early_contact_vs_later_dx_spearman_r,gas_velocity_0p20_minus_0p10,df_over_dp=0.10,3,-0.02843395456678967,0.18818946510847276,0.10865123833902844,-0.49592250179149566,0.43905459265791635,-0.20902386529858566,0.1665306615620274,2
early_contact_vs_later_dx_spearman_r,velocity_size_interaction,difference_of_differences,3,0.11444384796374525,0.25397137248577506,0.14663044027112096,-0.5164560161259061,0.7453437120533967,-0.05291898976898815,0.40667674357348904,1
ever_contacted_fraction,df_over_dp_0p10_minus_0p05,gas_velocity=0.10,3,0.006666666666666672,0.005773502691896262,0.003333333333333336,-0.0076755090990000075,0.021008842432333353,0.0,0.010000000000000009,2
ever_contacted_fraction,df_over_dp_0p10_minus_0p05,gas_velocity=0.20,3,0.003333333333333336,0.011547005383792525,0.006666666666666672,-0.025351018198000022,0.0320176848646667,-0.010000000000000009,0.010000000000000009,2
ever_contacted_fraction,gas_velocity_0p20_minus_0p10,df_over_dp=0.05,3,0.003333333333333336,0.005773502691896263,0.0033333333333333366,-0.011008842432333346,0.01767550909900002,0.0,0.010000000000000009,1
ever_contacted_fraction,gas_velocity_0p20_minus_0p10,df_over_dp=0.10,3,0.0,0.010000000000000009,0.005773502691896263,-0.024841377117217754,0.024841377117217754,-0.010000000000000009,0.010000000000000009,1
ever_contacted_fraction,velocity_size_interaction,difference_of_differences,3,-0.003333333333333336,0.015275252316519479,0.008819171036881976,-0.04127916366886475,0.03461249700219808,-0.020000000000000018,0.010000000000000009,1
fpt_5dp_p50_s,df_over_dp_0p10_minus_0p05,gas_velocity=0.10,3,0.017886115762521942,0.0027166762754994938,0.0015684737789607027,0.011137517776013801,0.024634713749030084,0.014788197162240994,0.019862281389145066,3
fpt_5dp_p50_s,df_over_dp_0p10_minus_0p05,gas_velocity=0.20,3,0.016104075927164764,0.0017932093739742264,0.00103530991477738,0.011649496896262396,0.02055865495806713,0.014414208285215134,0.017985282093340268,3
fpt_5dp_p50_s,gas_velocity_0p20_minus_0p10,df_over_dp=0.05,3,-0.02146584084417939,0.0011684514298174785,0.0006746057475401244,-0.024368435105304214,-0.018563246583054565,-0.02243007785136481,-0.020166431701142493,3
fpt_5dp_p50_s,gas_velocity_0p20_minus_0p10,df_over_dp=0.10,3,-0.023247880679536564,0.0034656352521828435,0.0020008854457608215,-0.031856995904556366,-0.014638765454516764,-0.027249086083960795,-0.021189018343981993,3
fpt_5dp_p50_s,velocity_size_interaction,difference_of_differences,3,-0.0017820398353571773,0.0033514755568575957,0.0019349753149341838,-0.01010756665606086,0.006543486985346506,-0.005448073103929932,0.0011245402406978994,2
fpt_5dp_reached_fraction,df_over_dp_0p10_minus_0p05,gas_velocity=0.10,3,-0.013333333333333308,0.05686240703077327,0.03282952600598702,-0.15458738301775052,0.1279207163510839,-0.05999999999999994,0.050000000000000044,2
fpt_5dp_reached_fraction,df_over_dp_0p10_minus_0p05,gas_velocity=0.20,3,0.08000000000000003,0.04582575694955839,0.026457513110645904,-0.03383749100659411,0.19383749100659417,0.030000000000000027,0.12,3
fpt_5dp_reached_fraction,gas_velocity_0p20_minus_0p10,df_over_dp=0.05,3,-0.010000000000000009,0.036055512754639925,0.020816659994661348,-0.09956685894926645,0.07956685894926643,-0.040000000000000036,0.030000000000000027,2
fpt_5dp_reached_fraction,gas_velocity_0p20_minus_0p10,df_over_dp=0.10,3,0.08333333333333333,0.035118845842842486,0.02027587510099408,-0.003906716017015116,0.17057338268368177,0.04999999999999993,0.12,3
fpt_5dp_reached_fraction,velocity_size_interaction,difference_of_differences,3,0.09333333333333334,0.025166114784235912,0.014529663145135626,0.030817238540294042,0.15584942812637265,0.06999999999999995,0.1200000000000001,3
fractional_fpt_alpha,df_over_dp_0p10_minus_0p05,gas_velocity=0.10,3,-0.01454746457995563,0.029011682080460493,0.01674990245879771,-0.08661647811651034,0.057521548956599076,-0.03304071232106598,0.018889602406159667,2
fractional_fpt_alpha,df_over_dp_0p10_minus_0p05,gas_velocity=0.20,3,-0.011224290529677697,0.06353367242305949,0.0366811828760589,-0.1690506821599774,0.14660210110062202,-0.08379155363752555,0.0343878872849408,1
fractional_fpt_alpha,gas_velocity_0p20_minus_0p10,df_over_dp=0.05,3,-0.015260898363941141,0.029974627091959097,0.017305859020401236,-0.08972199991787388,0.059200203189991606,-0.04387548866057944,0.0159100317993639,2
fractional_fpt_alpha,gas_velocity_0p20_minus_0p10,df_over_dp=0.10,3,-0.011937724313663209,0.03194547014074153,0.01844372578514628,-0.09129467140896112,0.06741922278163472,-0.03839023801320107,0.023553110945427336,2
fractional_fpt_alpha,velocity_size_interaction,difference_of_differences,3,0.0033231740502779328,0.06112275744337051,0.03528924046354217,-0.1485141727592215,0.15516052085977736,-0.05430026981256497,0.06742859960600678,1
fractional_fpt_residual_bic_improvement,df_over_dp_0p10_minus_0p05,gas_velocity=0.10,3,16.716607742182912,40.69168568900012,23.493355686323863,-84.36714323139147,117.8003587157573,-14.805737095033692,62.65342623813444,2
fractional_fpt_residual_bic_improvement,df_over_dp_0p10_minus_0p05,gas_velocity=0.20,3,84.89724668555344,66.09712959736405,38.161195565699714,-79.29712558381998,249.09161895492684,8.581154929363947,123.90449531116428,3
fractional_fpt_residual_bic_improvement,gas_velocity_0p20_minus_0p10,df_over_dp=0.05,3,-56.08183791154422,39.924073831466416,23.05017477374363,-155.25873532185435,43.0950594987659,-85.686514866003,-10.675512796672592,3
fractional_fpt_residual_bic_improvement,gas_velocity_0p20_minus_0p10,df_over_dp=0.10,3,12.098801031826307,22.431203192782263,12.950661201600033,-43.62339673865796,67.82099880231057,-10.632416998927226,34.2174408666811,2
fractional_fpt_residual_bic_improvement,velocity_size_interaction,difference_of_differences,3,68.18063894337052,48.63023854206667,28.076681313017907,-52.62357054900296,188.98484843574403,23.38689202439764,119.9039557326841,3
inertial_local_final_centered_msd_x_m2,df_over_dp_0p10_minus_0p05,gas_velocity=0.10,3,-1.1873615602434525e-05,2.268917552033271e-06,1.309960159435476e-06,-1.7509919258227825e-05,-6.237311946641227e-06,-1.4489202406959428e-05,-1.0435376391803024e-05,3
inertial_local_final_centered_msd_x_m2,df_over_dp_0p10_minus_0p05,gas_velocity=0.20,3,-4.723743992957088e-05,8.473787101835962e-06,4.892343264300571e-06,-6.828749403034314e-05,-2.618738582879862e-05,-5.6981752349565895e-05,-4.1596291233660966e-05,3
inertial_local_final_centered_msd_x_m2,gas_velocity_0p20_minus_0p10,df_over_dp=0.05,3,0.001240158920953102,7.106448823250577e-05,4.10291014108602e-05,0.0010636249457705263,0.0014166928961356778,0.0011716408144060973,0.0013135218524761838,3
inertial_local_final_centered_msd_x_m2,gas_velocity_0p20_minus_0p10,df_over_dp=0.10,3,0.0012047950966259655,7.232625445585475e-05,4.175758247956512e-05,0.0010251267203845917,0.0013844634728673393,0.0011392028062091526,0.0012823609376343258,3
inertial_local_final_centered_msd_x_m2,velocity_size_interaction,difference_of_differences,3,-3.536382432713642e-05,6.206592344829521e-06,3.5833777610375947e-06,-5.07818544322111e-05,-1.9945794222061737e-05,-4.249254994260652e-05,-3.1160914841857996e-05,3
inertial_local_final_mean_dx_dp,df_over_dp_0p10_minus_0p05,gas_velocity=0.10,3,-0.49797170286763287,0.04876105535985588,0.028152208437983037,-0.6191008793504039,-0.37684252638486176,-0.5452646947867592,-0.447864477396017,3
inertial_local_final_mean_dx_dp,df_over_dp_0p10_minus_0p05,gas_velocity=0.20,3,-0.9990891293060239,0.09578617582297623,0.055302174396040155,-1.2370351809294915,-0.7611430776825563,-1.0910376785227527,-0.8998786855877938,3
inertial_local_final_mean_dx_dp,gas_velocity_0p20_minus_0p10,df_over_dp=0.05,3,40.50121659178644,1.269113241756124,0.7327228717600168,37.34856452749458,43.653868656078295,39.04578946171706,41.377076443289056,3
inertial_local_final_mean_dx_dp,gas_velocity_0p20_minus_0p10,df_over_dp=0.10,3,40.00009916534805,1.224624452278768,0.7070372571793447,36.95796338074574,43.042234949950355,38.59377525352528,40.83130345955306,3
inertial_local_final_mean_dx_dp,velocity_size_interaction,difference_of_differences,3,-0.5011174264383911,0.04703736029823232,0.027157032630153847,-0.6179647070150744,-0.38427014586170766,-0.5457729837359935,-0.45201420819177685,3
inertial_local_fpt_5dp_reached_fraction,df_over_dp_0p10_minus_0p05,gas_velocity=0.10,3,0.0,0.0,0.0,0.0,0.0,0.0,0.0,3
inertial_local_fpt_5dp_reached_fraction,df_over_dp_0p10_minus_0p05,gas_velocity=0.20,3,0.0,0.0,0.0,0.0,0.0,0.0,0.0,3
inertial_local_fpt_5dp_reached_fraction,gas_velocity_0p20_minus_0p10,df_over_dp=0.05,3,0.0,0.0,0.0,0.0,0.0,0.0,0.0,3
inertial_local_fpt_5dp_reached_fraction,gas_velocity_0p20_minus_0p10,df_over_dp=0.10,3,0.0,0.0,0.0,0.0,0.0,0.0,0.0,3
inertial_local_fpt_5dp_reached_fraction,velocity_size_interaction,difference_of_differences,3,0.0,0.0,0.0,0.0,0.0,0.0,0.0,3
inertial_permuted_final_centered_msd_x_m2,df_over_dp_0p10_minus_0p05,gas_velocity=0.10,3,-1.1873615602434525e-05,2.268917552033323e-06,1.3099601594355058e-06,-1.750991925822795e-05,-6.237311946641099e-06,-1.4489202406959482e-05,-1.0435376391802916e-05,3
inertial_permuted_final_centered_msd_x_m2,df_over_dp_0p10_minus_0p05,gas_velocity=0.20,3,-4.7237439929570815e-05,8.473787101836015e-06,4.892343264300602e-06,-6.828749403034321e-05,-2.618738582879842e-05,-5.6981752349565895e-05,-4.1596291233660966e-05,3
inertial_permuted_final_centered_msd_x_m2,gas_velocity_0p20_minus_0p10,df_over_dp=0.05,3,0.001240158920953102,7.106448823250588e-05,4.102910141086026e-05,0.0010636249457705261,0.001416692896135678,0.001171640814406097,0.0013135218524761838,3
inertial_permuted_final_centered_msd_x_m2,gas_velocity_0p20_minus_0p10,df_over_dp=0.10,3,0.0012047950966259655,7.232625445585475e-05,4.175758247956512e-05,0.0010251267203845917,0.0013844634728673393,0.0011392028062091526,0.0012823609376343258,3
inertial_permuted_final_centered_msd_x_m2,velocity_size_interaction,difference_of_differences,3,-3.536382432713634e-05,6.206592344829572e-06,3.5833777610376243e-06,-5.0781854432211155e-05,-1.9945794222061534e-05,-4.249254994260652e-05,-3.1160914841857996e-05,3
inertial_permuted_final_mean_dx_dp,df_over_dp_0p10_minus_0p05,gas_velocity=0.10,3,-0.4979717028676281,0.04876105535984898,0.028152208437979054,-0.619100879350382,-0.37684252638487414,-0.545264694786745,-0.447864477396017,3
inertial_permuted_final_mean_dx_dp,df_over_dp_0p10_minus_0p05,gas_velocity=0.20,3,-0.9990891293060287,0.09578617582298304,0.05530217439604409,-1.2370351809295133,-0.7611430776825441,-1.091037678522767,-0.8998786855877938,3
inertial_permuted_final_mean_dx_dp,gas_velocity_0p20_minus_0p10,df_over_dp=0.05,3,40.50121659178644,1.269113241756133,0.732722871760022,37.34856452749456,43.653868656078316,39.04578946171705,41.37707644328907,3
inertial_permuted_final_mean_dx_dp,gas_velocity_0p20_minus_0p10,df_over_dp=0.10,3,40.00009916534805,1.2246244522787673,0.7070372571793443,36.95796338074574,43.042234949950355,38.59377525352527,40.83130345955305,3
inertial_permuted_final_mean_dx_dp,velocity_size_interaction,difference_of_differences,3,-0.5011174264384005,0.04703736029824582,0.02715703263016164,-0.6179647070151175,-0.38427014586168357,-0.5457729837360219,-0.45201420819177685,3
inertial_permuted_fpt_5dp_reached_fraction,df_over_dp_0p10_minus_0p05,gas_velocity=0.10,3,0.0,0.0,0.0,0.0,0.0,0.0,0.0,3
inertial_permuted_fpt_5dp_reached_fraction,df_over_dp_0p10_minus_0p05,gas_velocity=0.20,3,0.0,0.0,0.0,0.0,0.0,0.0,0.0,3
inertial_permuted_fpt_5dp_reached_fraction,gas_velocity_0p20_minus_0p10,df_over_dp=0.05,3,0.0,0.0,0.0,0.0,0.0,0.0,0.0,3
inertial_permuted_fpt_5dp_reached_fraction,gas_velocity_0p20_minus_0p10,df_over_dp=0.10,3,0.0,0.0,0.0,0.0,0.0,0.0,0.0,3
inertial_permuted_fpt_5dp_reached_fraction,velocity_size_interaction,difference_of_differences,3,0.0,0.0,0.0,0.0,0.0,0.0,0.0,3
inertial_uniform_final_centered_msd_x_m2,df_over_dp_0p10_minus_0p05,gas_velocity=0.10,3,0.0,0.0,0.0,0.0,0.0,0.0,0.0,3
inertial_uniform_final_centered_msd_x_m2,df_over_dp_0p10_minus_0p05,gas_velocity=0.20,3,-4.493836536903551e-34,9.500386816689479e-34,5.485050886021243e-34,-2.8094105704186258e-33,1.9106432630379155e-33,-1.5407439555097887e-33,1.925929944387236e-34,1
inertial_uniform_final_centered_msd_x_m2,gas_velocity_0p20_minus_0p10,df_over_dp=0.05,3,5.4568015090971685e-34,9.871369539414686e-34,5.699237860851342e-34,-1.9065039830104445e-33,2.9978642848298783e-33,-4.81482486096809e-35,1.6851887013388314e-33,1
inertial_uniform_final_centered_msd_x_m2,gas_velocity_0p20_minus_0p10,df_over_dp=0.10,3,9.62964972193618e-35,1.2738829188452709e-34,7.354766461113833e-35,-2.2015356268281265e-34,4.127465571215362e-34,-4.81482486096809e-35,1.925929944387236e-34,2
inertial_uniform_final_centered_msd_x_m2,velocity_size_interaction,difference_of_differences,3,-4.493836536903551e-34,9.500386816689479e-34,5.485050886021243e-34,-2.8094105704186258e-33,1.9106432630379155e-33,-1.5407439555097887e-33,1.925929944387236e-34,1
inertial_uniform_final_mean_dx_dp,df_over_dp_0p10_minus_0p05,gas_velocity=0.10,3,-0.3758551106099688,0.04019032073055106,0.02320389249260105,-0.47569340198292404,-0.27601681923701354,-0.4197668892260964,-0.34089619648070624,3
inertial_uniform_final_mean_dx_dp,df_over_dp_0p10_minus_0p05,gas_velocity=0.20,3,-0.7536141473688076,0.0785466928491836,0.04534895426043101,-0.9487349492064916,-0.5584933455311236,-0.8391119228578674,-0.6846511270359059,3
inertial_uniform_final_mean_dx_dp,gas_velocity_0p20_minus_0p10,df_over_dp=0.05,3,40.54247007214837,1.273261269208072,0.735117736526005,37.379513736433864,43.70542640786287,39.08202463073779,41.41938496770512,3
inertial_uniform_final_mean_dx_dp,gas_velocity_0p20_minus_0p10,df_over_dp=0.10,3,40.16471103538953,1.2413547366437132,0.7166964913610648,37.081014920468434,43.248407150310626,38.73826970018259,41.00003993407335,3
inertial_uniform_final_mean_dx_dp,velocity_size_interaction,difference_of_differences,3,-0.3777590367588388,0.03836117464797584,0.022147834509439097,-0.47305347736782083,-0.2824645961498568,-0.419345033631771,-0.3437549305551997,3
inertial_uniform_fpt_5dp_reached_fraction,df_over_dp_0p10_minus_0p05,gas_velocity=0.10,3,0.0,0.0,0.0,0.0,0.0,0.0,0.0,3
inertial_uniform_fpt_5dp_reached_fraction,df_over_dp_0p10_minus_0p05,gas_velocity=0.20,3,0.0,0.0,0.0,0.0,0.0,0.0,0.0,3
inertial_uniform_fpt_5dp_reached_fraction,gas_velocity_0p20_minus_0p10,df_over_dp=0.05,3,0.0,0.0,0.0,0.0,0.0,0.0,0.0,3
inertial_uniform_fpt_5dp_reached_fraction,gas_velocity_0p20_minus_0p10,df_over_dp=0.10,3,0.0,0.0,0.0,0.0,0.0,0.0,0.0,3
inertial_uniform_fpt_5dp_reached_fraction,velocity_size_interaction,difference_of_differences,3,0.0,0.0,0.0,0.0,0.0,0.0,0.0,3
late_origin_local_alpha_p50,df_over_dp_0p10_minus_0p05,gas_velocity=0.10,3,-0.07830372580049712,0.06563868132174248,0.03789651033036009,-0.2413592494195252,0.08475179781853097,-0.14562001546131143,-0.01448228629952597,3
late_origin_local_alpha_p50,df_over_dp_0p10_minus_0p05,gas_velocity=0.20,3,0.14013433232979314,0.018966376897496025,0.01095024280732123,0.09301924022399466,0.18724942443559162,0.12419736768444944,0.1611117854433335,3
late_origin_local_alpha_p50,gas_velocity_0p20_minus_0p10,df_over_dp=0.05,3,-0.18883171563137782,0.05782463982541298,0.03338507136899534,-0.3324760840884149,-0.045187347174340725,-0.23649035787520156,-0.12450326691953939,3
late_origin_local_alpha_p50,gas_velocity_0p20_minus_0p10,df_over_dp=0.10,3,0.029606342498912436,0.03267947719297297,0.01886750495433918,-0.051573979195503314,0.11078666419332818,-0.0005696967912141027,0.06431586104636833,2
late_origin_local_alpha_p50,velocity_size_interaction,difference_of_differences,3,0.21843805813029027,0.06199774822004763,0.03579441662399514,0.06442711373503851,0.37244900252554203,0.14957613016112248,0.26981738314576087,3
mean_bottom_wall_contact_sample_fraction,df_over_dp_0p10_minus_0p05,gas_velocity=0.10,3,0.08286793291125182,0.031062807665035858,0.017934120367194023,0.0057036409585760894,0.16003222486392754,0.04968343885371544,0.11124958347217592,3
mean_bottom_wall_contact_sample_fraction,df_over_dp_0p10_minus_0p05,gas_velocity=0.20,3,0.08592802399200267,0.0127868183869627,0.007382473037791771,0.05416380622401125,0.11769224175999408,0.07118627124291903,0.09401532822392533,3
mean_bottom_wall_contact_sample_fraction,gas_velocity_0p20_minus_0p10,df_over_dp=0.05,3,0.004830612018216151,0.0024378489777396456,0.0014074927635416385,-0.0012253405628692765,0.010886564599301578,0.00207264245251583,0.006697767410863052,3
mean_bottom_wall_contact_sample_fraction,gas_velocity_0p20_minus_0p10,df_over_dp=0.10,3,0.007890703098967005,0.022358993101559643,0.012908970685994446,-0.04765211486074428,0.06343352105867829,-0.01659446851049648,0.027224258580473157,2
mean_bottom_wall_contact_sample_fraction,velocity_size_interaction,difference_of_differences,3,0.0030600910807508535,0.020285385107791407,0.011711772552598596,-0.04733159906231304,0.05345178122381474,-0.01866711096301231,0.021502832389203586,2
mean_drag_impulse_x_N_s,df_over_dp_0p10_minus_0p05,gas_velocity=0.10,3,9.125827376532676e-09,9.970942327705868e-10,5.756726236975217e-10,6.648907990766973e-09,1.1602746762298378e-08,8.065630002569567e-09,1.0044748716153788e-08,3
mean_drag_impulse_x_N_s,df_over_dp_0p10_minus_0p05,gas_velocity=0.20,3,1.7472716569206378e-08,1.7355105376533375e-09,1.0019974760955865e-09,1.3161469393531191e-08,2.1783963744881564e-08,1.5885819706056055e-08,1.9326030834554157e-08,3
mean_drag_impulse_x_N_s,gas_velocity_0p20_minus_0p10,df_over_dp=0.05,3,7.037583711057445e-09,1.1057525461400947e-09,6.384065301710978e-10,4.290742111358465e-09,9.784425310756423e-09,5.804366848019112e-09,7.940672193947946e-09,3
mean_drag_impulse_x_N_s,gas_velocity_0p20_minus_0p10,df_over_dp=0.10,3,1.538447290373115e-08,1.7475074734007786e-09,1.0089239101788223e-09,1.1043423687540644e-08,1.9725522119921658e-08,1.3743562604153367e-08,1.7221954312348315e-08,3
mean_drag_impulse_x_N_s,velocity_size_interaction,difference_of_differences,3,8.346889192673702e-09,8.113927624016185e-10,4.684578297910885e-10,6.331277832573737e-09,1.0362500552773668e-08,7.820189703486488e-09,9.281282118400369e-09,3
mean_drag_work_x_J,df_over_dp_0p10_minus_0p05,gas_velocity=0.10,3,4.899019409008231e-10,1.8231185041536594e-11,1.0525779591377031e-11,4.446131666097642e-10,5.351907151918821e-10,4.791211768126688e-10,5.109514242050436e-10,3
mean_drag_work_x_J,df_over_dp_0p10_minus_0p05,gas_velocity=0.20,3,1.598169857900944e-09,1.9723508572440974e-10,1.1387372983662688e-10,1.108210743378261e-09,2.0881289724236273e-09,1.3739686135842222e-09,1.7449407926601516e-09,3
mean_drag_work_x_J,gas_velocity_0p20_minus_0p10,df_over_dp=0.05,3,2.800958883104135e-10,3.584121134273988e-11,2.069293301681314e-11,1.9106138358012315e-10,3.691303930407038e-10,2.390486382556544e-10,3.051949780924935e-10,3
mean_drag_work_x_J,gas_velocity_0p20_minus_0p10,df_over_dp=0.10,3,1.3883638053105344e-09,1.9859049515355687e-10,1.1465627583540714e-10,8.950376671100838e-10,1.881689943510985e-09,1.1590612379622712e-09,1.504868254103137e-09,3
mean_drag_work_x_J,velocity_size_interaction,difference_of_differences,3,1.108267917000121e-09,2.1524587900366484e-10,1.2427226618472352e-10,5.735675116744153e-10,1.6429683223258265e-09,8.630171893791787e-10,1.2658196158474826e-09,3
mean_dx_dp,df_over_dp_0p10_minus_0p05,gas_velocity=0.10,3,-3.188123999763454,0.8432913596100498,0.48687449347614775,-5.282975868139905,-1.093272131387002,-4.036133718533684,-2.349631559326273,3
mean_dx_dp,df_over_dp_0p10_minus_0p05,gas_velocity=0.20,3,-0.30908003445346327,2.5862947824509948,1.4931979888518065,-6.733792437169239,6.115632368262313,-3.053597881764592,2.082804821138051,1
mean_dx_dp,gas_velocity_0p20_minus_0p10,df_over_dp=0.05,3,3.6689380168591796,1.9274494736261403,1.1128134724474545,-1.1191119080137968,8.456987941732155,2.1671275020019394,5.8423359303250315,3
mean_dx_dp,gas_velocity_0p20_minus_0p10,df_over_dp=0.10,3,6.54798198216917,1.233346526509207,0.7120729490841806,3.4841793640465912,9.611784600291749,5.1383696078867125,7.428539044570396,3
mean_dx_dp,velocity_size_interaction,difference_of_differences,3,2.879043965309991,3.1587324129732006,1.8236950089280737,-4.967682342994651,10.725770273614634,-0.703966322438319,5.261411542568457,2
mean_dz_dp,df_over_dp_0p10_minus_0p05,gas_velocity=0.10,3,-1.6674527205262208,0.25027313468370943,0.1444952616805711,-2.289165652624846,-1.0457397884275959,-1.8903386724305267,-1.3967049069915458,3
mean_dz_dp,df_over_dp_0p10_minus_0p05,gas_velocity=0.20,3,-1.1092672715690641,0.21766463579045275,0.12566873606667975,-1.6499762018443125,-0.5685583412938157,-1.3539837847330831,-0.93727772634346,3
mean_dz_dp,gas_velocity_0p20_minus_0p10,df_over_dp=0.05,3,0.23204297134686933,0.07231362745895394,0.04175029227950537,0.052405962304682696,0.41167998038905596,0.1759559330826151,0.3136583470860848,3
mean_dz_dp,gas_velocity_0p20_minus_0p10,df_over_dp=0.10,3,0.7902284203040263,0.16938542000696868,0.09779471783782119,0.36945171064888366,1.2110051299591689,0.6738229504469817,0.9845514896850385,3
mean_dz_dp,velocity_size_interaction,difference_of_differences,3,0.558185448957157,0.20978973973019116,0.1211221627064474,0.03703884496109355,1.0793320529532204,0.3601646033608969,0.7780368558131303,3
mean_explicit_fluid_work_J,df_over_dp_0p10_minus_0p05,gas_velocity=0.10,3,-1.8433172091137127e-15,2.2004596503569619e-16,1.2704359714745018e-16,-2.3899416891710965e-15,-1.296692729056329e-15,-2.0437326707377337e-15,-1.6078487715720177e-15,3
mean_explicit_fluid_work_J,df_over_dp_0p10_minus_0p05,gas_velocity=0.20,3,-1.2018052499394224e-15,2.250083821597619e-16,1.2990865000986073e-16,-1.7607570575159916e-15,-6.428534423628531e-16,-1.4616224856580538e-15,-1.0717383292050201e-15,3
mean_explicit_fluid_work_J,gas_velocity_0p20_minus_0p10,df_over_dp=0.05,3,2.419043021276592e-17,7.303498207169029e-18,4.216676655934989e-18,6.047534888844973e-18,4.233332553668687e-17,1.8355814958053418e-17,3.238116506387603e-17,3
mean_explicit_fluid_work_J,gas_velocity_0p20_minus_0p10,df_over_dp=0.10,3,6.657023893870565e-16,1.4187921794539384e-16,8.191400467318673e-17,3.1325487357931103e-16,1.018149905194802e-15,5.681750016807007e-16,8.284661664427356e-16,3
mean_explicit_fluid_work_J,velocity_size_interaction,difference_of_differences,3,6.415119591742906e-16,1.4486109290119112e-16,8.363559098160608e-17,2.816570553372105e-16,1.0013668630113707e-15,5.357938366168246e-16,8.066318558263673e-16,3
mean_gravity_impulse_z_N_s,df_over_dp_0p10_minus_0p05,gas_velocity=0.10,3,-3.22832852617689e-09,5.749884190136355e-14,3.3196971849843977e-14,-3.2284713612184374e-09,-3.2281856911353424e-09,-3.228374562093888e-09,-3.2282640758930927e-09,3
mean_gravity_impulse_z_N_s,df_over_dp_0p10_minus_0p05,gas_velocity=0.20,3,-3.250341878664956e-09,9.06054958680913e-12,5.231110742950204e-12,-3.2728495315824735e-09,-3.2278342257474384e-09,-3.2573066013965645e-09,-3.2400983756227122e-09,3
mean_gravity_impulse_z_N_s,gas_velocity_0p20_minus_0p10,df_over_dp=0.05,3,3.881953125346959e-11,5.5922785523268724e-12,3.2287035275692906e-12,2.4927541207181563e-11,5.271152129975762e-11,3.326862268388845e-11,4.445228145326934e-11,3
mean_gravity_impulse_z_N_s,gas_velocity_0p20_minus_0p10,df_over_dp=0.10,3,1.6806178765403167e-11,4.13107941071917e-12,2.3850798098224334e-12,6.544008611118317e-12,2.7068348919688017e-11,1.349159274154701e-11,2.1434322954268743e-11,3
mean_gravity_impulse_z_N_s,velocity_size_interaction,difference_of_differences,3,-2.2013352488066424e-11,9.008744398440177e-12,5.20120100349997e-12,-4.4392314183493946e-11,3.656092073611025e-13,-2.895966085287559e-11,-1.1834299729619706e-11,3
mean_gravity_work_J,df_over_dp_0p10_minus_0p05,gas_velocity=0.10,3,2.6859712032072765e-11,3.2017638841458037e-12,1.8485392403932016e-12,1.890608962343739e-11,3.4813334440708136e-11,2.3433518865854985e-11,2.9775801657822535e-11,3
mean_gravity_work_J,df_over_dp_0p10_minus_0p05,gas_velocity=0.20,3,1.751561548507725e-11,3.2798822918217914e-12,1.893640924093598e-12,9.367936193954298e-12,2.56632947762002e-11,1.5600387387976316e-11,2.1302814989178145e-11,3
mean_gravity_work_J,gas_velocity_0p20_minus_0p10,df_over_dp=0.05,3,-3.557570494260352e-13,1.1104121356659997e-13,6.410967454381921e-14,-6.315987156021776e-13,-7.991538324989284e-14,-4.810729188926988e-13,-2.6960229032846523e-13,3
mean_gravity_work_J,gas_velocity_0p20_minus_0p10,df_over_dp=0.10,3,-9.699853596421548e-12,2.079896321064167e-12,1.2008287008529093e-12,-1.4866602484048422e-11,-4.533104708794672e-12,-1.2086024123621395e-11,-8.270947706670393e-12,3
mean_gravity_work_J,velocity_size_interaction,difference_of_differences,3,-9.344096546995512e-12,2.127988633566904e-12,1.228594810422316e-12,-1.4630313361754344e-11,-4.057879732236679e-12,-1.1769428184564454e-11,-7.789874787777694e-12,3
mean_mechanical_contact_impulse_x_N_s,df_over_dp_0p10_minus_0p05,gas_velocity=0.10,3,-9.082751027921397e-09,9.911234336151922e-10,5.722253811978775e-10,-1.1544838126336067e-08,-6.620663929506726e-09,-9.995369236336939e-09,-8.028385350375891e-09,3
mean_mechanical_contact_impulse_x_N_s,df_over_dp_0p10_minus_0p05,gas_velocity=0.20,3,-1.7417768989052586e-08,1.7321939168044295e-09,1.0000826241556696e-09,-2.1720777221801518e-08,-1.3114760756303655e-08,-1.926706648187618e-08,-1.5833143081906008e-08,3
mean_mechanical_contact_impulse_x_N_s,gas_velocity_0p20_minus_0p10,df_over_dp=0.05,3,-7.0293480150583976e-09,1.1068185488977879e-09,6.390219871502088e-10,-9.778837712408562e-09,-4.279858317708233e-09,-7.93319284793613e-09,-5.7949003985496724e-09,3
mean_mechanical_contact_impulse_x_N_s,gas_velocity_0p20_minus_0p10,df_over_dp=0.10,3,-1.5364365976189585e-08,1.7492620665693029e-09,1.0099369250169882e-09,-1.9709773843438754e-08,-1.1018958108940415e-08,-1.7204890093475372e-08,-1.3723499304873876e-08,3
mean_mechanical_contact_impulse_x_N_s,velocity_size_interaction,difference_of_differences,3,-8.335017961131187e-09,8.135479214668207e-10,4.697021114575295e-10,-1.035598303313978e-08,-6.314052889122595e-09,-9.271697245539242e-09,-7.804757731530116e-09,3
mean_mechanical_contact_impulse_z_N_s,df_over_dp_0p10_minus_0p05,gas_velocity=0.10,3,2.2681588896148022e-09,1.4262361350705764e-10,8.234378165109688e-11,1.9138621927198897e-09,2.6224555865097148e-09,2.1505417130942575e-09,2.426798059213219e-09,3
mean_mechanical_contact_impulse_z_N_s,df_over_dp_0p10_minus_0p05,gas_velocity=0.20,3,2.440623316453517e-09,2.0418902301627716e-10,1.178885874040143e-10,1.933389664059158e-09,2.947856968847876e-09,2.205254757480607e-09,2.57032376028653e-09,3
mean_mechanical_contact_impulse_z_N_s,gas_velocity_0p20_minus_0p10,df_over_dp=0.05,3,6.228332227351209e-11,6.201236421339375e-11,3.5802855171688e-11,-9.176393026200505e-11,2.1633057480902922e-10,-8.128687952244815e-12,1.087651833321947e-10,2
mean_mechanical_contact_impulse_z_N_s,gas_velocity_0p20_minus_0p10,df_over_dp=0.10,3,2.3474774911222696e-10,9.722837843938821e-11,5.6134830464851594e-11,-6.7809324186134605e-12,4.762764306430673e-10,1.409265158269359e-10,3.3505817579735425e-10,3
mean_mechanical_contact_impulse_z_N_s,velocity_size_interaction,difference_of_differences,3,1.724644268387149e-10,1.5135631989560498e-10,8.738561203527865e-11,-2.0352551532138197e-10,5.484543689988117e-10,5.471304438634953e-11,3.4318686374959907e-10,3
mean_mechanical_contact_net_work_J,df_over_dp_0p10_minus_0p05,gas_velocity=0.10,3,-4.0874664158586197e-10,1.4072344757571246e-11,8.12467203391298e-12,-4.437042838904949e-10,-3.7378899928122906e-10,-4.249380673875188e-10,-3.99463837762642e-10,3
mean_mechanical_contact_net_work_J,df_over_dp_0p10_minus_0p05,gas_velocity=0.20,3,-1.3576870981697804e-09,1.6071832834733516e-10,9.279077013504062e-11,-1.7569335585822782e-09,-9.584406377572826e-10,-1.47637813594036e-09,-1.1747911473489083e-09,3
mean_mechanical_contact_net_work_J,gas_velocity_0p20_minus_0p10,df_over_dp=0.05,3,-1.9698228207091173e-10,2.6656079516442073e-11,1.53898946843579e-11,-2.6319965444435977e-10,-1.3076490969746368e-10,-2.1868784679882006e-10,-1.6722981928455838e-10,3
mean_mechanical_contact_net_work_J,gas_velocity_0p20_minus_0p10,df_over_dp=0.10,3,-1.1459227386548301e-09,1.6544623065763874e-10,9.552042580659665e-11,-1.5569139594936896e-09,-7.349315178159706e-10,-1.2417699356174932e-09,-9.548822600907461e-10,3
mean_mechanical_contact_net_work_J,velocity_size_interaction,difference_of_differences,3,-9.489404565839184e-10,1.7437244993230862e-10,1.0067398090767293e-10,-1.382105635346083e-09,-5.157752778217538e-10,-1.0745401163329349e-09,-7.498530799613894e-10,3
mean_sampled_contact_fraction,df_over_dp_0p10_minus_0p05,gas_velocity=0.10,3,-0.12632960944293606,0.05365288942706002,0.030976510153514332,-0.25961077541153427,0.00695155652566215,-0.18688276726737785,-0.08471200535710266,3
mean_sampled_contact_fraction,df_over_dp_0p10_minus_0p05,gas_velocity=0.20,3,-0.1291268211848592,0.039352567978193816,0.022720215715513248,-0.22688401935258512,-0.031369623017133266,-0.16992430733306746,-0.09139895668269554,3
mean_sampled_contact_fraction,gas_velocity_0p20_minus_0p10,df_over_dp=0.05,3,-0.0044629247240316845,0.021933638877460557,0.012663392310209895,-0.058949104214818276,0.05002325476675491,-0.028392233545246115,0.014686828775040572,1
mean_sampled_contact_fraction,gas_velocity_0p20_minus_0p10,df_over_dp=0.10,3,-0.007260136465954803,0.022412690589738094,0.012939972945249081,-0.06293634638107491,0.048416073449165306,-0.026658365406671325,0.017275090532420878,2
mean_sampled_contact_fraction,velocity_size_interaction,difference_of_differences,3,-0.002797211741923119,0.033387006884351235,0.019275997412116073,-0.08573513462485448,0.08014071114100825,-0.0413451941817119,0.016958459934310388,1
mean_time_averaged_gravity_force_z_N,df_over_dp_0p10_minus_0p05,gas_velocity=0.10,3,-1.074171396620014e-08,0.0,0.0,-1.074171396620014e-08,-1.074171396620014e-08,-1.074171396620014e-08,-1.074171396620014e-08,3
mean_time_averaged_gravity_force_z_N,df_over_dp_0p10_minus_0p05,gas_velocity=0.20,3,-1.074171396620014e-08,0.0,0.0,-1.074171396620014e-08,-1.074171396620014e-08,-1.074171396620014e-08,-1.074171396620014e-08,3
mean_time_averaged_gravity_force_z_N,gas_velocity_0p20_minus_0p10,df_over_dp=0.05,3,0.0,0.0,0.0,0.0,0.0,0.0,0.0,3
mean_time_averaged_gravity_force_z_N,gas_velocity_0p20_minus_0p10,df_over_dp=0.10,3,0.0,0.0,0.0,0.0,0.0,0.0,0.0,3
mean_time_averaged_gravity_force_z_N,velocity_size_interaction,difference_of_differences,3,0.0,0.0,0.0,0.0,0.0,0.0,0.0,3
mean_time_averaged_mechanical_contact_force_x_N,df_over_dp_0p10_minus_0p05,gas_velocity=0.10,3,-3.003393884946734e-08,3.2848172007645326e-09,1.896490095100116e-09,-3.8193877133998873e-08,-2.1874000564935815e-08,-3.3039126335521254e-08,-2.652718439115649e-08,3
mean_time_averaged_mechanical_contact_force_x_N,df_over_dp_0p10_minus_0p05,gas_velocity=0.20,3,-5.451038132079063e-08,5.2300191887119905e-09,3.0195529864697762e-09,-6.75024692204986e-08,-4.151829342108266e-08,-6.011225759842274e-08,-4.9755642439351984e-08,3
mean_time_averaged_mechanical_contact_force_x_N,gas_velocity_0p20_minus_0p10,df_over_dp=0.05,3,-2.745063593623994e-08,4.05089601317972e-09,2.3387859036684934e-09,-3.7513619488843064e-08,-1.7387652383636817e-08,-3.096328267981703e-08,-2.3019290480295212e-08,3
mean_time_averaged_mechanical_contact_force_x_N,gas_velocity_0p20_minus_0p10,df_over_dp=0.10,3,-5.192707840756322e-08,5.9515286159486986e-09,3.4361166485077423e-09,-6.671149508483267e-08,-3.7142661730293766e-08,-5.8036413942718514e-08,-4.614702858316807e-08,3
mean_time_averaged_mechanical_contact_force_x_N,velocity_size_interaction,difference_of_differences,3,-2.447644247132328e-08,2.249362273418259e-09,1.2986699140630206e-09,-3.00641681220458e-08,-1.888871682060076e-08,-2.7073131262901483e-08,-2.3127738102872856e-08,3
mean_time_averaged_mechanical_contact_force_z_N,df_over_dp_0p10_minus_0p05,gas_velocity=0.10,3,7.55179108353981e-09,4.734562231169542e-10,2.733500778660771e-10,6.375660624845627e-09,8.727921542233994e-09,7.159742181243767e-09,8.077791350263037e-09,3
mean_time_averaged_mechanical_contact_force_z_N,df_over_dp_0p10_minus_0p05,gas_velocity=0.20,3,8.111296837927244e-09,6.347250420986574e-10,3.664586739170564e-10,6.53455242427578e-09,9.68804125157871e-09,7.379650744029458e-09,8.514487973270202e-09,3
mean_time_averaged_mechanical_contact_force_z_N,gas_velocity_0p20_minus_0p10,df_over_dp=0.05,3,2.6032781305691154e-10,1.9385175687161403e-10,1.1192036401270825e-10,-2.2122664667138524e-10,7.418822727852083e-10,5.094101990295313e-11,4.3355136198843784e-10,3
mean_time_averaged_mechanical_contact_force_z_N,gas_velocity_0p20_minus_0p10,df_over_dp=0.10,3,8.19833567444346e-10,3.162969424560091e-10,1.8261412487083244e-10,3.4108404587082116e-11,1.6055587303016098e-09,5.163996200650354e-10,1.1475892740605287e-09,3
mean_time_averaged_mechanical_contact_force_z_N,velocity_size_interaction,difference_of_differences,3,5.595057543874345e-10,4.705701150638736e-10,2.7168378260472063e-10,-6.094552144519882e-10,1.728466723226857e-09,2.1990856278569172e-10,1.0966482541575756e-09,3
mean_time_averaged_total_fluid_force_x_N,df_over_dp_0p10_minus_0p05,gas_velocity=0.10,3,3.017514496805227e-08,3.304948853964539e-09,1.908113110494372e-09,2.19651968846073e-08,3.8385093051497237e-08,2.6648819486186897e-08,3.320181804700429e-08,3
mean_time_averaged_total_fluid_force_x_N,df_over_dp_0p10_minus_0p05,gas_velocity=0.20,3,5.4674611871157865e-08,5.2369945188903426e-09,3.023580195225934e-09,4.166519629070214e-08,6.768402745161359e-08,4.991704779439304e-08,6.028608622903113e-08,3
mean_time_averaged_total_fluid_force_x_N,gas_velocity_0p20_minus_0p10,df_over_dp=0.05,3,2.7498783826308943e-08,4.049141679854332e-09,2.3377730388508325e-09,1.7440158279278343e-08,3.7557409373339544e-08,2.3070985675537347e-08,3.1013260079547436e-08,3
mean_time_averaged_total_fluid_force_x_N,gas_velocity_0p20_minus_0p10,df_over_dp=0.10,3,5.1998250729414535e-08,5.9466961643779965e-09,3.4333266312925514e-09,3.722583852733193e-08,6.677066293149714e-08,4.621688989462114e-08,5.809752826157428e-08,3
mean_time_averaged_total_fluid_force_x_N,velocity_size_interaction,difference_of_differences,3,2.4499466903105595e-08,2.2393389726277704e-09,1.2928829586534634e-09,1.8936640511872658e-08,3.0062293294338535e-08,2.3145904219083795e-08,2.7084268182026843e-08,3
mean_time_averaged_total_fluid_force_z_N,df_over_dp_0p10_minus_0p05,gas_velocity=0.10,3,3.17134988500483e-09,4.725187322503616e-10,2.72808817261887e-10,1.997548282726743e-09,4.345151487282917e-09,2.6477152807450326e-09,3.565941632129814e-09,3
mean_time_averaged_total_fluid_force_z_N,df_over_dp_0p10_minus_0p05,gas_velocity=0.20,3,2.6177951400301553e-09,6.251735142802779e-10,3.609440967599428e-10,1.0647780368368864e-09,4.170812243223424e-09,2.225405457862475e-09,3.338741994882226e-09,3
mean_time_averaged_total_fluid_force_z_N,gas_velocity_0p20_minus_0p10,df_over_dp=0.05,3,-2.637262733529051e-10,1.924147081482839e-10,1.11090683545455e-10,-7.417109061539959e-10,2.1425835944818567e-10,-4.3460022320761335e-10,-5.530560089788166e-11,3
mean_time_averaged_total_fluid_force_z_N,gas_velocity_0p20_minus_0p10,df_over_dp=0.10,3,-8.172810183275792e-10,3.016392884177025e-10,1.741515243661277e-10,-1.5665945500229148e-09,-6.796748663224375e-11,-1.1302928851750494e-09,-5.284726332008083e-10,3
mean_time_averaged_total_fluid_force_z_N,velocity_size_interaction,difference_of_differences,3,-5.535547449746741e-10,4.5631938031003144e-10,2.634561170584399e-10,-1.6871149261923332e-09,5.800054362429852e-10,-1.0749872842771676e-09,-2.271996372475879e-10,3
mean_total_fluid_impulse_x_N_s,df_over_dp_0p10_minus_0p05,gas_velocity=0.10,3,9.125827376532676e-09,9.970942327705868e-10,5.756726236975217e-10,6.648907990766973e-09,1.1602746762298378e-08,8.065630002569567e-09,1.0044748716153788e-08,3
mean_total_fluid_impulse_x_N_s,df_over_dp_0p10_minus_0p05,gas_velocity=0.20,3,1.7472716569206378e-08,1.7355105376533375e-09,1.0019974760955865e-09,1.3161469393531191e-08,2.1783963744881564e-08,1.5885819706056055e-08,1.9326030834554157e-08,3
mean_total_fluid_impulse_x_N_s,gas_velocity_0p20_minus_0p10,df_over_dp=0.05,3,7.037583711057445e-09,1.1057525461400947e-09,6.384065301710978e-10,4.290742111358465e-09,9.784425310756423e-09,5.804366848019112e-09,7.940672193947946e-09,3
mean_total_fluid_impulse_x_N_s,gas_velocity_0p20_minus_0p10,df_over_dp=0.10,3,1.538447290373115e-08,1.7475074734007786e-09,1.0089239101788223e-09,1.1043423687540644e-08,1.9725522119921658e-08,1.3743562604153367e-08,1.7221954312348315e-08,3
mean_total_fluid_impulse_x_N_s,velocity_size_interaction,difference_of_differences,3,8.346889192673702e-09,8.113927624016185e-10,4.684578297910885e-10,6.331277832573737e-09,1.0362500552773668e-08,7.820189703486488e-09,9.281282118400369e-09,3
mean_total_fluid_impulse_z_N_s,df_over_dp_0p10_minus_0p05,gas_velocity=0.10,3,9.545676345446082e-10,1.423047871508253e-10,8.215970716850138e-11,6.010629462247031e-10,1.3080723228645132e-09,7.966590778525001e-10,1.0728832929300252e-09,3
mean_total_fluid_impulse_z_N_s,df_over_dp_0p10_minus_0p05,gas_velocity=0.20,3,8.056032423627718e-10,1.925930081589541e-10,1.1119362510461195e-10,3.271756877811747e-10,1.2840307969443688e-09,6.82270329968197e-10,1.0275313949566687e-09,3
mean_total_fluid_impulse_z_N_s,gas_velocity_0p20_minus_0p10,df_over_dp=0.05,3,-1.0166035195175531e-10,6.300519172319144e-11,3.637606440172856e-11,-2.581739247455957e-10,5.485322084208507e-11,-1.5320293384664004e-10,-3.142361517518698e-11,3
mean_total_fluid_impulse_z_N_s,gas_velocity_0p20_minus_0p10,df_over_dp=0.10,3,-2.5062474413359164e-10,8.905833227505993e-11,5.141785211258499e-11,-4.718579058811163e-10,-2.9391582386066915e-11,-3.4331381805828903e-10,-1.6570640480679527e-10,3
mean_total_fluid_impulse_z_N_s,velocity_size_interaction,difference_of_differences,3,-1.4896439218183632e-10,1.428258349566708e-10,8.246053425946695e-11,-5.037634350058522e-10,2.0583465064217956e-10,-3.1189020288310205e-10,-4.535189797335636e-11,3
mean_total_fluid_work_J,df_over_dp_0p10_minus_0p05,gas_velocity=0.10,3,3.8477840511609544e-10,1.3743638033683608e-11,7.93489311839201e-12,3.506373155803683e-10,4.189194946518226e-10,3.743907653995658e-10,4.0036261920367595e-10,3
mean_total_fluid_work_J,df_over_dp_0p10_minus_0p05,gas_velocity=0.20,3,1.344594300470375e-09,1.5927616743051394e-10,9.195813814149913e-11,9.489303663777241e-10,1.7402582345630258e-09,1.1628739976422496e-09,1.4599941374242715e-09,3
mean_total_fluid_work_J,gas_velocity_0p20_minus_0p10,df_over_dp=0.05,3,1.9878086491609497e-10,2.6878339546035434e-11,1.5518216572273723e-11,1.3201136802132565e-10,2.655503618108643e-10,1.687570035889862e-10,2.2060241744946553e-10,3
mean_total_fluid_work_J,gas_velocity_0p20_minus_0p10,df_over_dp=0.10,3,1.1585967602703747e-09,1.6377180471944106e-10,9.455369554044013e-11,7.517650440500773e-10,1.565428476490672e-09,9.69494552148407e-10,1.254360375613692e-09,3
mean_total_fluid_work_J,velocity_size_interaction,difference_of_differences,3,9.598158953542797e-10,1.7301191971638544e-10,9.988847842126907e-11,5.300304610094268e-10,1.3896013296991327e-09,7.625113784385738e-10,1.0856033720247059e-09,3
mean_wall_contact_sample_fraction,df_over_dp_0p10_minus_0p05,gas_velocity=0.10,3,0.07438520493168944,0.015589781230329712,0.009000764389938236,0.03565804145993514,0.11311236840344374,0.058157280906364545,0.08924691769410198,3
mean_wall_contact_sample_fraction,df_over_dp_0p10_minus_0p05,gas_velocity=0.20,3,0.09491947128734864,0.024638035927795864,0.014224776675216613,0.03371519709635498,0.1561237454783423,0.06663112295901366,0.11168277240919688,3
mean_wall_contact_sample_fraction,gas_velocity_0p20_minus_0p10,df_over_dp=0.05,3,0.04296901032989004,0.010401070981993943,0.006005061131314608,0.01713131766122387,0.06880670299855621,0.03378207264245253,0.05426191269576809,3
mean_wall_contact_sample_fraction,gas_velocity_0p20_minus_0p10,df_over_dp=0.10,3,0.06350327668554927,0.007697861403266959,0.004444362353360609,0.044380728874086325,0.08262582449701221,0.05621792735754744,0.07155614795068313,3
mean_wall_contact_sample_fraction,velocity_size_interaction,difference_of_differences,3,0.020534266355659216,0.011231024449840659,0.0064842349893907735,-0.007365145021459248,0.04843367773277768,0.008473842052649116,0.030693102299233624,3
non_gaussian_parameter_20ms,df_over_dp_0p10_minus_0p05,gas_velocity=0.10,3,-0.07067799439483691,0.08082055940501874,0.046661771728543716,-0.2714473938952938,0.13009140510562,-0.1616326531772173,-0.0071064571769490215,3
non_gaussian_parameter_20ms,df_over_dp_0p10_minus_0p05,gas_velocity=0.20,3,-0.565651627257895,0.15501027073971968,0.08949522153873393,-0.9507184865066347,-0.18058476800915518,-0.6768513655462395,-0.3885851055367543,3
non_gaussian_parameter_20ms,gas_velocity_0p20_minus_0p10,df_over_dp=0.05,3,0.5150261188183838,0.2172588373446574,0.12543444822476307,-0.024674752234306374,1.054726989871074,0.2661489833286841,0.6667874056296728,3
non_gaussian_parameter_20ms,gas_velocity_0p20_minus_0p10,df_over_dp=0.10,3,0.020052485955325605,0.03594664305215946,0.020753804042627656,-0.06924392566034518,0.10934889757099639,-0.0214145252191007,0.04237545211593041,2
non_gaussian_parameter_20ms,velocity_size_interaction,difference_of_differences,3,-0.4949736328630581,0.23215818001565383,0.13403658772661134,-1.071686522924636,0.08173925719851965,-0.6335564927158951,-0.22695245235953698,3
non_gaussian_parameter_50ms,df_over_dp_0p10_minus_0p05,gas_velocity=0.10,3,-0.06217139898919399,0.07040236340563284,0.04064682346382798,-0.23706056491946748,0.11271776694107949,-0.14027521445280888,-0.0035916065634934435,3
non_gaussian_parameter_50ms,df_over_dp_0p10_minus_0p05,gas_velocity=0.20,3,-0.9058751008753014,0.21824774996995705,0.12600539719518486,-1.4480325670740963,-0.36371763467650653,-1.1351924693923725,-0.7007054297739894,3
non_gaussian_parameter_50ms,gas_velocity_0p20_minus_0p10,df_over_dp=0.05,3,0.8231615560294484,0.24373241075293578,0.1407189729584439,0.21769668290921929,1.4286264291496775,0.6289139077554261,1.0966553787672606,3
non_gaussian_parameter_50ms,gas_velocity_0p20_minus_0p10,df_over_dp=0.10,3,-0.020542145856659217,0.02013325799126361,0.011623941920920231,-0.0705559312925809,0.029471639579262476,-0.03494548406161857,0.0024631925589245762,2
non_gaussian_parameter_50ms,velocity_size_interaction,difference_of_differences,3,-0.8437037018861075,0.25278889790683834,0.14594773825466195,-1.47166613628107,-0.2157412674911452,-1.1316008628288792,-0.6580580538227098,3
outlet_fraction,df_over_dp_0p10_minus_0p05,gas_velocity=0.10,3,-0.07333333333333333,0.03214550253664318,0.01855921454276674,-0.15318718844685658,0.006520521780189914,-0.11,-0.05,3
outlet_fraction,df_over_dp_0p10_minus_0p05,gas_velocity=0.20,3,-0.26,0.03999999999999998,0.02309401076758502,-0.3593655084688709,-0.16063449153112913,-0.3,-0.22000000000000003,3
outlet_fraction,gas_velocity_0p20_minus_0p10,df_over_dp=0.05,3,0.24666666666666667,0.030550504633038936,0.01763834207376394,0.1707750059956039,0.32255832733772943,0.22000000000000003,0.28,3
outlet_fraction,gas_velocity_0p20_minus_0p10,df_over_dp=0.10,3,0.06,0.010000000000000002,0.005773502691896259,0.035158622882782264,0.08484137711721773,0.05,0.07,3
outlet_fraction,velocity_size_interaction,difference_of_differences,3,-0.18666666666666668,0.025166114784235825,0.014529663145135575,-0.24918276145970575,-0.1241505718736276,-0.21000000000000002,-0.16000000000000003,3
p90_particle_maximum_contact_equal_sphere_hertz_overlap_over_df,df_over_dp_0p10_minus_0p05,gas_velocity=0.10,3,-2.587698005656583e-05,1.4393323137460375e-05,8.309988987946016e-06,-6.16319768593287e-05,9.878016746197036e-06,-3.996461131393437e-05,-1.1196297589533398e-05,3
p90_particle_maximum_contact_equal_sphere_hertz_overlap_over_df,df_over_dp_0p10_minus_0p05,gas_velocity=0.20,3,-1.6638064154394764e-05,9.233487556922606e-06,5.330956526548327e-06,-3.9575318805259955e-05,6.299190496470427e-06,-2.6925440636186356e-05,-9.068534553216824e-06,3
p90_particle_maximum_contact_equal_sphere_hertz_overlap_over_df,gas_velocity_0p20_minus_0p10,df_over_dp=0.05,3,2.532615809562852e-05,5.094692797123522e-06,2.941422257857713e-06,1.2670239588656693e-05,3.7982076602600344e-05,1.9980771102863333e-05,3.0126296801703917e-05,3
p90_particle_maximum_contact_equal_sphere_hertz_overlap_over_df,gas_velocity_0p20_minus_0p10,df_over_dp=0.10,3,3.4565073997799586e-05,8.047296060171151e-06,4.646108546588429e-06,1.457448237733838e-05,5.4555665618260794e-05,2.7402377117456206e-05,4.327290309533121e-05,3
p90_particle_maximum_contact_equal_sphere_hertz_overlap_over_df,velocity_size_interaction,difference_of_differences,3,9.238915902171069e-06,1.0587235170725789e-05,6.112543075792408e-06,-1.706123424829597e-05,3.5539066052638104e-05,-2.7239196842477107e-06,1.7401496713012902e-05,2
p90_particle_maximum_contact_force_N,df_over_dp_0p10_minus_0p05,gas_velocity=0.10,3,0.00014490213546020344,5.28005546455737e-05,3.0484414437983523e-05,1.373828646530754e-05,0.00027606598445509934,9.822701615771502e-05,0.0002022098805606628,3
p90_particle_maximum_contact_force_N,df_over_dp_0p10_minus_0p05,gas_velocity=0.20,3,0.000275301974358735,4.8101804583499197e-05,2.777158982479004e-05,0.00015581046759099342,0.0003947934811264766,0.00021999016617852308,0.00030734382316642745,3
p90_particle_maximum_contact_force_N,gas_velocity_0p20_minus_0p10,df_over_dp=0.05,3,3.314281296193521e-05,6.558387435866253e-06,3.786486751547241e-06,1.685087540441759e-05,4.9434750519452834e-05,2.637384396414202e-05,3.946808643474923e-05,3
p90_particle_maximum_contact_force_N,gas_velocity_0p20_minus_0p10,df_over_dp=0.10,3,0.00016354265186046676,3.78450407945546e-05,2.1849844490228466e-05,6.953035882106475e-05,0.00025755494489986875,0.00013583013960534094,0.0002066608219911093,3
p90_particle_maximum_contact_force_N,velocity_size_interaction,difference_of_differences,3,0.00013039983889853154,3.907860050527107e-05,2.25620405212721e-05,3.332321366207812e-05,0.00022747646413498495,9.63620531705917e-05,0.0001730743135041949,3
p90_particle_maximum_contact_force_over_debris_weight,df_over_dp_0p10_minus_0p05,gas_velocity=0.10,3,-38367.68486123086,6677.522124342959,3855.2691960090892,-54955.56939116769,-21779.800331294027,-45396.64213649345,-32108.279733146766,3
p90_particle_maximum_contact_force_over_debris_weight,df_over_dp_0p10_minus_0p05,gas_velocity=0.20,3,-46643.81943671576,3934.1268802572927,2271.3692133426907,-56416.732382661234,-36870.90649077029,-50516.59209840982,-42651.082395729696,3
p90_particle_maximum_contact_force_over_debris_weight,gas_velocity_0p20_minus_0p10,df_over_dp=0.05,3,21598.014196203363,4273.872139541234,2467.521230246173,10981.127239291964,32214.901153114763,17186.913404128005,25719.974104000175,3
p90_particle_maximum_contact_force_over_debris_weight,gas_velocity_0p20_minus_0p10,df_over_dp=0.10,3,13321.879620718455,3082.786490073466,1779.8476098980575,5663.813443540557,20979.945797896355,11064.470021139168,16834.20539880455,3
p90_particle_maximum_contact_force_over_debris_weight,velocity_size_interaction,difference_of_differences,3,-8276.134575484908,5524.797620105012,3189.7433931858327,-22000.49269321847,5448.223542248656,-14655.504082861007,-5052.9496816773535,3
pressure_gradient_tail_mean_Pa_m,df_over_dp_0p10_minus_0p05,gas_velocity=0.10,3,0.21856948148138144,0.1163706284280294,0.06718661364868869,-0.07051118513344823,0.5076501480962111,0.09497422222216301,0.32603199999971366,3
pressure_gradient_tail_mean_Pa_m,df_over_dp_0p10_minus_0p05,gas_velocity=0.20,3,0.49783111111113004,0.17342919754062683,0.10012939388542169,0.06700910118681391,0.9286531210354462,0.3844160000003285,0.6974737777777591,3
pressure_gradient_tail_mean_Pa_m,gas_velocity_0p20_minus_0p10,df_over_dp=0.05,3,1294.5095336296297,0.24042884024350572,0.13881165563553757,1293.9122752805952,1295.1067919786642,1294.2955804444446,1294.769722666667,3
pressure_gradient_tail_mean_Pa_m,gas_velocity_0p20_minus_0p10,df_over_dp=0.10,3,1294.7887952592594,0.05765812119313709,0.033288931791825765,1294.6455645460164,1294.9320259725023,1294.752739555556,1294.8552942222225,3
pressure_gradient_tail_mean_Pa_m,velocity_size_interaction,difference_of_differences,3,0.2792616296297486,0.18880594948842158,0.10900716576174309,-0.18975834969187572,0.7482816089513729,0.08557155555558893,0.46277155555549143,3
variance_top10_gaussian_null_p50,df_over_dp_0p10_minus_0p05,gas_velocity=0.10,3,0.0,0.0,0.0,0.0,0.0,0.0,0.0,3
variance_top10_gaussian_null_p50,df_over_dp_0p10_minus_0p05,gas_velocity=0.20,3,0.0,0.0,0.0,0.0,0.0,0.0,0.0,3
variance_top10_gaussian_null_p50,gas_velocity_0p20_minus_0p10,df_over_dp=0.05,3,0.0,0.0,0.0,0.0,0.0,0.0,0.0,3
variance_top10_gaussian_null_p50,gas_velocity_0p20_minus_0p10,df_over_dp=0.10,3,0.0,0.0,0.0,0.0,0.0,0.0,0.0,3
variance_top10_gaussian_null_p50,velocity_size_interaction,difference_of_differences,3,0.0,0.0,0.0,0.0,0.0,0.0,0.0,3
variance_top10_null_upper_p,df_over_dp_0p10_minus_0p05,gas_velocity=0.10,3,-0.0008332916687499026,0.001400227576040851,0.0008084217679539226,-0.004311649795385748,0.0026450664578859424,-0.002449877506124687,0.0,2
variance_top10_null_upper_p,df_over_dp_0p10_minus_0p05,gas_velocity=0.20,3,-0.0004499775011249281,0.0007793838942112573,0.00044997750112492823,-0.0023860744246436854,0.0014861194223938293,-0.0013499325033747844,0.0,1
variance_top10_null_upper_p,gas_velocity_0p20_minus_0p10,df_over_dp=0.05,3,0.0,0.0,0.0,0.0,0.0,0.0,0.0,3
variance_top10_null_upper_p,gas_velocity_0p20_minus_0p10,df_over_dp=0.10,3,0.00038331416762497444,0.00062112378226371,0.0003586059828900315,-0.001159642843543571,0.00192627117879352,0.0,0.0010999450027499025,2
variance_top10_null_upper_p,velocity_size_interaction,difference_of_differences,3,0.00038331416762497444,0.00062112378226371,0.0003586059828900315,-0.001159642843543571,0.00192627117879352,0.0,0.0010999450027499025,2
variance_top10_observed_share,df_over_dp_0p10_minus_0p05,gas_velocity=0.10,3,0.05145370058875285,0.035927255580213986,0.02074261068048103,-0.03779454987672324,0.14070195105422895,0.011428167376275944,0.08091290630286144,3
variance_top10_observed_share,df_over_dp_0p10_minus_0p05,gas_velocity=0.20,3,0.06718407266816505,0.048138424681306524,0.02779273244811685,-0.05239840346554668,0.18676654880187676,0.015526877906832076,0.11078789445923226,3
variance_top10_observed_share,gas_velocity_0p20_minus_0p10,df_over_dp=0.05,3,-0.04118212827553699,0.013061907561368564,0.007541295846686149,-0.07362970543575642,-0.008734551115317554,-0.05621251941972985,-0.03258114465728984,3
variance_top10_observed_share,gas_velocity_0p20_minus_0p10,df_over_dp=0.10,3,-0.025451756196124792,0.02419937601697851,0.013971516257623518,-0.08556633876003655,0.03466282636778696,-0.05211380888917372,-0.004877732593220441,3
variance_top10_observed_share,velocity_size_interaction,difference_of_differences,3,0.01573037207941219,0.013070590170531788,0.007546308753423805,-0.01673877387766575,0.048199518036490134,0.004098710530556132,0.029874988156370824,3
variance_top10_observed_to_null_mean_ratio,df_over_dp_0p10_minus_0p05,gas_velocity=0.10,3,0.11909252724207252,0.08315568394423324,0.04800995650985051,-0.08747764318781405,0.3256626976719591,0.02645114576819385,0.18727754054321855,3
variance_top10_observed_to_null_mean_ratio,df_over_dp_0p10_minus_0p05,gas_velocity=0.20,3,0.15550137138660483,0.11141913190209105,0.06432786579654669,-0.12127909597868206,0.43228183875189174,0.035937845265650914,0.25642490604187995,3
variance_top10_observed_to_null_mean_ratio,gas_velocity_0p20_minus_0p10,df_over_dp=0.05,3,-0.09531838677144583,0.030232530688487552,0.01745475973128191,-0.17042015637550356,-0.020216617167388082,-0.13010708508307067,-0.07541091920071447,3
variance_top10_observed_to_null_mean_ratio,gas_velocity_0p20_minus_0p10,df_over_dp=0.10,3,-0.0589095426269135,0.05601083721028088,0.03233787194089197,-0.1980481756060814,0.0802290903522544,-0.12062038558561361,-0.011289790531890942,3
variance_top10_observed_to_null_mean_ratio,velocity_size_interaction,difference_of_differences,3,0.036408844144532326,0.030252627083041626,0.017466362390087448,-0.03874284767110685,0.1115605359601715,0.009486699497457063,0.0691473654986614,3
variance_top10_observed_to_outlet_capped_null_mean_ratio,df_over_dp_0p10_minus_0p05,gas_velocity=0.10,3,0.05855439139561799,0.07068027007583864,0.040807272954680895,-0.11702513297445274,0.23413391576568873,-0.02090045085586245,0.11443410678835819,2
variance_top10_observed_to_outlet_capped_null_mean_ratio,df_over_dp_0p10_minus_0p05,gas_velocity=0.20,3,0.18200189342688575,0.12776527218541303,0.07376531428933403,-0.1353846374572957,0.4993884243110672,0.04644300987263239,0.3001976678131577,3
variance_top10_observed_to_outlet_capped_null_mean_ratio,gas_velocity_0p20_minus_0p10,df_over_dp=0.05,3,-0.09921584115735853,0.020925257524162,0.012081203064437175,-0.15119706250061915,-0.04723461981409791,-0.12130671101150536,-0.07969328972360323,3
variance_top10_observed_to_outlet_capped_null_mean_ratio,gas_velocity_0p20_minus_0p10,df_over_dp=0.10,3,0.02423166087390923,0.07246239325248119,0.04183618225044454,-0.15577490288619267,0.20423822463401115,-0.05396325028301052,0.08911603828783254,2
variance_top10_observed_to_outlet_capped_null_mean_ratio,velocity_size_interaction,difference_of_differences,3,0.12344750203126775,0.05945394782005178,0.03432575277829286,-0.024244291859261385,0.27113929592179686,0.06734346072849484,0.18576356102479952,3
variance_top10_outlet_capped_null_p50,df_over_dp_0p10_minus_0p05,gas_velocity=0.10,3,0.04310163043944607,0.011062363785794971,0.006386858709602295,0.015621195378367536,0.07058206550052461,0.030332844785673108,0.049793394743976926,3
variance_top10_outlet_capped_null_p50,df_over_dp_0p10_minus_0p05,gas_velocity=0.20,3,-0.0030817285451348875,0.00285230020242369,0.0016467762896789416,-0.010167235043127224,0.004003777952857448,-0.005246004092083978,0.00015042084747218798,2
variance_top10_outlet_capped_null_p50,gas_velocity_0p20_minus_0p10,df_over_dp=0.05,3,-0.004768996196568213,0.008858242595839077,0.0051143087472547005,-0.026774090688472238,0.01723609829533581,-0.013763175444566955,0.003946744471057473,2
variance_top10_outlet_capped_null_p50,gas_velocity_0p20_minus_0p10,df_over_dp=0.10,3,-0.05095235518114918,0.002639381110011877,0.0015238473943593705,-0.05750894133213576,-0.044395769030162596,-0.05351878855741116,-0.048245622621032935,3
variance_top10_outlet_capped_null_p50,velocity_size_interaction,difference_of_differences,3,-0.04618335898458096,0.010569628078649076,0.006102377616442271,-0.07243977069362648,-0.01992694727553544,-0.055039398836060904,-0.03448244717646598,3
variance_top10_outlet_capped_null_upper_p,df_over_dp_0p10_minus_0p05,gas_velocity=0.10,3,-0.0008499575021249095,0.0014290891383387323,0.0008250849987158375,-0.004400011724084128,0.0027000967198343097,-0.0024998750062497077,0.0,2
variance_top10_outlet_capped_null_upper_p,df_over_dp_0p10_minus_0p05,gas_velocity=0.20,3,-0.023832141726247036,0.04127848032304212,0.02383214172624704,-0.12637357137928112,0.07870928792678707,-0.07149642517874111,0.0,1
variance_top10_outlet_capped_null_upper_p,gas_velocity_0p20_minus_0p10,df_over_dp=0.05,3,0.0,0.0,0.0,0.0,0.0,0.0,0.0,3
variance_top10_outlet_capped_null_upper_p,gas_velocity_0p20_minus_0p10,df_over_dp=0.10,3,-0.022982184224122126,0.03984961769152044,0.023007187501303,-0.12197412232932321,0.07600975388107896,-0.0689965501724914,4.99975001250208e-05,1
variance_top10_outlet_capped_null_upper_p,velocity_size_interaction,difference_of_differences,3,-0.022982184224122126,0.03984961769152044,0.023007187501303,-0.12197412232932321,0.07600975388107896,-0.0689965501724914,4.99975001250208e-05,1
velocity_positive_integral_time_s,df_over_dp_0p10_minus_0p05,gas_velocity=0.10,3,-0.025851212004697335,0.005746567784607899,0.003317782457359802,-0.040126477751407263,-0.01157594625798741,-0.030726501247671192,-0.01951527193505606,3
velocity_positive_integral_time_s,df_over_dp_0p10_minus_0p05,gas_velocity=0.20,3,-0.02781988170659706,0.016552102983947374,0.009556361113436425,-0.06893758493732323,0.013297821524129106,-0.04334327906999266,-0.010402085784564974,3
velocity_positive_integral_time_s,gas_velocity_0p20_minus_0p10,df_over_dp=0.05,3,0.005916763385783522,0.00464744394345784,0.00268320301179908,-0.0056281273772730515,0.017461654148840093,0.0016424395651791351,0.010863970156055641,3
velocity_positive_integral_time_s,gas_velocity_0p20_minus_0p10,df_over_dp=0.10,3,0.0039480936838837966,0.006327218979673296,0.003653021581136087,-0.011769589593844398,0.01966577696161199,-0.0017528076662658293,0.010755625715670222,2
velocity_positive_integral_time_s,velocity_size_interaction,difference_of_differences,3,-0.001968669701899725,0.010871473514946084,0.006276648160342009,-0.028974907042361754,0.025037567638562304,-0.01261677782232147,0.009113186150491087,2
velocity_variance_ratio_20ms,df_over_dp_0p10_minus_0p05,gas_velocity=0.10,3,0.07220265694867238,0.015822123944362786,0.00913490751842948,0.03289832217894473,0.11150699171840003,0.05419496607580976,0.08387706565552877,3
velocity_variance_ratio_20ms,df_over_dp_0p10_minus_0p05,gas_velocity=0.20,3,0.1272974435706071,0.04003858291635829,0.02311628662473061,0.027836089824182328,0.22675879731703186,0.08337155669613283,0.16174940092681578,3
velocity_variance_ratio_20ms,gas_velocity_0p20_minus_0p10,df_over_dp=0.05,3,-0.08914022369785286,0.047809367207973935,0.02760275102730942,-0.2079052757527352,0.029624828357029495,-0.13419308596338975,-0.038983821626105586,3
velocity_variance_ratio_20ms,gas_velocity_0p20_minus_0p10,df_over_dp=0.10,3,-0.03404543707591815,0.020213623612692275,0.011670341034085662,-0.08425886178275674,0.016167987630920443,-0.05097962415125257,-0.011667356491000369,3
velocity_variance_ratio_20ms,velocity_size_interaction,difference_of_differences,3,0.05509478662193471,0.048152321971559775,0.027800756052385567,-0.06452221229458585,0.17471178553845526,-0.0005055089593959394,0.08321346181213718,2
velocity_variance_ratio_50ms,df_over_dp_0p10_minus_0p05,gas_velocity=0.10,3,0.11234767959961245,0.061870419872956016,0.03572090356852633,-0.04134696364685783,0.26604232284608276,0.04384843461730625,0.16417111593114664,3
velocity_variance_ratio_50ms,df_over_dp_0p10_minus_0p05,gas_velocity=0.20,3,0.19491821673641166,0.05297881519590463,0.030587333214702975,0.06331154398592642,0.3265248894868969,0.13972599862408097,0.2453642525855123,3
velocity_variance_ratio_50ms,gas_velocity_0p20_minus_0p10,df_over_dp=0.05,3,-0.12862727588281295,0.08957070847770329,0.051713672651107497,-0.3511332506779129,0.09387869891228698,-0.21232483017107062,-0.03415767233106459,3
velocity_variance_ratio_50ms,gas_velocity_0p20_minus_0p10,df_over_dp=0.10,3,-0.046056738746013716,0.05724100077662811,0.03304810720706982,-0.1882512674319309,0.09613778993990349,-0.09598406583594277,0.01641663923603187,2
velocity_variance_ratio_50ms,velocity_size_interaction,difference_of_differences,3,0.08257053713679922,0.0947567178448488,0.054707816555248874,-0.1528181991005692,0.31795927337416763,-0.024445117307065667,0.15581596438233547,2
velocity_variance_ratio_max_abs_log_10_100ms,df_over_dp_0p10_minus_0p05,gas_velocity=0.10,3,-0.27166966746251114,0.15411423229872842,0.08897789350362338,-0.6545106438288322,0.11117130890380988,-0.44253099248763383,-0.14315765974090422,3
velocity_variance_ratio_max_abs_log_10_100ms,df_over_dp_0p10_minus_0p05,gas_velocity=0.20,3,-0.370541704372006,0.19339164978477186,0.11165472106226387,-0.8509531947344477,0.10986978599043573,-0.5744879453156216,-0.18979816870386734,3
velocity_variance_ratio_max_abs_log_10_100ms,gas_velocity_0p20_minus_0p10,df_over_dp=0.05,3,0.1913846859014742,0.29566954650318994,0.1707048922647913,-0.5430991847747746,0.9258685565777229,0.008383173426621648,0.5324917632794903,3
velocity_variance_ratio_max_abs_log_10_100ms,gas_velocity_0p20_minus_0p10,df_over_dp=0.10,3,0.09251264899197931,0.11701073507841488,0.06755617939559883,-0.19815813069259686,0.38318342867655547,-0.038257335536341475,0.187324168122864,2
velocity_variance_ratio_max_abs_log_10_100ms,velocity_size_interaction,difference_of_differences,3,-0.0988720369094949,0.22477820443762722,0.12977575684002482,-0.6572520513261111,0.4595079775071213,-0.3451675951566263,0.09519199339110473,2
